0,3.97276,0,0.01,0,0.01
0.17320332,3.9522495,0.17320332,0.01,0.15362097,0.01
0.34640664,3.9411688,0.34640664,0.01,0.30724493,0.01
0.51961875,3.930088,0.51961875,0.01,0.46087086,0.01
0.6928221,3.9190075,0.6928221,0.01,0.61449182,0.01
0.86602539,3.9079268,0.86602539,0.01,0.76811576,0.01
1.0392287,3.8968463,1.0392287,0.01,0.92173678,0.01
1.212432,3.8857656,1.212432,0.01,1.0753577,0.01
1.3856442,3.8746848,1.3856442,0.01,1.2289866,0.01
1.5588474,3.8636043,1.5588474,0.01,1.3826076,0.01
1.7320508,3.8525238,1.7320508,0.01,1.5362285,0.01
1.9052541,3.8414431,1.9052541,0.01,1.6898525,0.01
2.0784574,3.8303626,2.0784574,0.01,1.8434736,0.01
2.2516696,3.8192818,2.2516696,0.01,1.9970994,0.01
2.4248729,3.8082011,2.4248729,0.01,2.1507204,0.01
2.5980761,3.7971206,2.5980761,0.01,2.3043444,0.01
2.7712796,3.7860398,2.7712796,0.01,2.4579654,0.01
2.9444828,3.7749593,2.9444828,0.01,2.6115863,0.01
3.1176949,3.7638786,3.1176949,0.01,2.7652152,0.01
3.2908983,3.7527978,3.2908983,0.01,2.9188361,0.01
3.4641016,3.7417173,3.4641016,0.01,3.0724571,0.01
3.6373048,3.7306368,3.6373048,0.01,3.2260809,0.01
3.8105083,3.7195561,3.8105083,0.01,3.3797021,0.01
3.9837203,3.7084754,3.9837203,0.01,3.5333278,0.01
4.1569238,3.6973948,4.1569238,0.01,3.6869519,0.01
4.3301272,3.6863141,4.3301272,0.01,3.8405728,0.01
4.5033302,3.6752336,4.5033302,0.01,3.9941938,0.01
4.6765337,3.6641529,4.6765337,0.01,4.1478176,0.01
4.8497458,3.6530721,4.8497458,0.01,4.3014436,0.01
5.0229492,3.6419916,5.0229492,0.01,4.4550648,0.01
5.1961522,3.6309111,5.1961522,0.01,4.6086888,0.01
5.3693557,3.6198304,5.3693557,0.01,4.7623096,0.01
5.5425591,3.6087499,5.5425591,0.01,4.9159307,0.01
5.7157712,3.5976691,5.7157712,0.01,5.0695596,0.01
5.8889747,3.5865884,5.8889747,0.01,5.2231803,0.01
6.0621777,3.5755079,6.0621777,0.01,5.3768015,0.01
6.2353811,3.5644271,6.2353811,0.01,5.5304255,0.01
6.4085846,3.5533466,6.4085846,0.01,5.6840463,0.01
6.5817966,3.5422659,6.5817966,0.01,5.8376722,0.01
6.7550001,3.5311852,6.7550001,0.01,5.9912934,0.01
6.9282031,3.5201046,6.9282031,0.01,6.144917,0.01
7.1014066,3.5090241,7.1014066,0.01,6.2985382,0.01
7.2746096,3.4979434,7.2746096,0.01,6.4521589,0.01
7.4478221,3.4868627,7.4478221,0.01,6.6057882,0.01
7.6210256,3.4757822,7.6210256,0.01,6.759409,0.01
7.7942286,3.4647014,7.7942286,0.01,6.9130301,0.01
7.967432,3.4536209,7.967432,0.01,7.0666537,0.01
8.1406355,3.4425404,8.1406355,0.01,7.2202749,0.01
8.3138475,3.4314594,8.3138475,0.01,7.3739009,0.01
8.487051,3.4203789,8.487051,0.01,7.5275249,0.01
8.6602545,3.4092984,8.6602545,0.01,7.6811457,0.01
8.833457,3.3982177,8.833457,0.01,7.8347669,0.01
9.0066605,3.3871372,9.0066605,0.01,7.9883904,0.01
9.1798725,3.3760564,9.1798725,0.01,8.1420164,0.01
9.353076,3.3649757,9.353076,0.01,8.2956381,0.01
9.5262794,3.3538952,9.5262794,0.01,8.4492617,0.01
9.6994829,3.3428144,9.6994829,0.01,8.6028824,0.01
9.8726864,3.3317339,9.8726864,0.01,8.7565031,0.01
10.045898,3.3206532,10.045898,0.01,8.9101324,0.01
10.219102,3.3095725,10.219102,0.01,9.0637531,0.01
10.392304,3.298492,10.392304,0.01,9.2173738,0.01
10.565508,3.2874115,10.565508,0.01,9.3709984,0.01
10.738711,3.2763307,10.738711,0.01,9.5246191,0.01
10.911923,3.26525,10.911923,0.01,9.6782455,0.01
11.085127,3.2541695,11.085127,0.01,9.8318663,0.01
11.25833,3.2430887,11.25833,0.01,9.9854898,0.01
11.431534,3.2320082,11.431534,0.01,10.139111,0.01
11.604736,3.2209277,11.604736,0.01,10.292732,0.01
11.777949,3.2098467,11.777949,0.01,10.446361,0.01
11.951153,3.1824062,11.951153,0.01,10.599982,0.01
12.124355,3.1683559,12.124355,0.01,10.753603,0.01
12.297559,3.1543055,12.297559,0.01,10.907227,0.01
12.470762,3.140255,12.470762,0.01,11.060847,0.01
12.643974,3.126204,12.643974,0.01,11.214474,0.01
12.817178,3.1121535,12.817178,0.01,11.368097,0.01
12.990381,3.0981033,12.990381,0.01,11.521719,0.01
13.163585,3.0840528,13.163585,0.01,11.67534,0.01
13.336787,3.0700023,13.336787,0.01,11.828963,0.01
13.51,3.0559514,13.51,0.01,11.98259,0.01
13.683203,3.0419011,13.683203,0.01,12.13621,0.01
13.856406,3.0278506,13.856406,0.01,12.289834,0.01
14.02961,3.0138001,14.02961,0.01,12.443456,0.01
14.202813,2.9997497,14.202813,0.01,12.597076,0.01
14.376025,2.9856987,14.376025,0.01,12.750706,0.01
14.549229,2.9716485,14.549229,0.01,12.904326,0.01
14.722432,2.957598,14.722432,0.01,13.057947,0.01
14.895636,2.9435475,14.895636,0.01,13.211572,0.01
15.068838,2.929497,15.068838,0.01,13.365192,0.01
15.242051,2.915446,15.242051,0.01,13.518818,0.01
15.415254,2.9267659,15.415254,0.01,13.672439,0.01
15.588457,2.9160583,15.588457,0.01,13.826063,0.01
15.761661,2.9053507,15.761661,0.01,13.979684,0.01
15.934864,2.8946433,15.934864,0.01,14.133305,0.01
16.108076,2.8839352,16.108076,0.01,14.286934,0.01
16.281279,2.8732278,16.281279,0.01,14.440555,0.01
16.454483,2.8625202,16.454483,0.01,14.594175,0.01
16.627686,2.8518126,16.627686,0.01,14.7478,0.01
16.80089,2.8411052,16.80089,0.01,14.901421,0.01
16.974102,2.8303971,16.974102,0.01,15.055047,0.01
17.147305,2.8196895,17.147305,0.01,15.208671,0.01
17.320509,2.8089821,17.320509,0.01,15.362291,0.01
17.493711,2.7982745,17.493711,0.01,15.515913,0.01
17.666914,2.7875669,17.666914,0.01,15.669537,0.01
17.840126,2.776859,17.840126,0.01,15.823162,0.01
18.01333,2.7661514,18.01333,0.01,15.976783,0.01
18.186533,2.7554438,18.186533,0.01,16.130407,0.01
18.359737,2.7447364,18.359737,0.01,16.284029,0.01
18.53294,2.7340288,18.53294,0.01,16.437649,0.01
18.706152,2.723321,18.706152,0.01,16.591278,0.01
18.879354,2.7126133,18.879354,0.01,16.7449,0.01
19.052559,2.7019057,19.052559,0.01,16.89852,0.01
19.225763,2.6911981,19.225763,0.01,17.052145,0.01
19.398966,2.6804907,19.398966,0.01,17.205765,0.01
19.572178,2.6697826,19.572178,0.01,17.35939,0.01
19.74538,2.6590753,19.74538,0.01,17.513012,0.01
19.918585,2.6483676,19.918585,0.01,17.666636,0.01
20.091787,2.63766,20.091787,0.01,17.820257,0.01
20.264992,2.6269526,20.264992,0.01,17.973877,0.01
20.438204,2.6162446,20.438204,0.01,18.127506,0.01
20.611406,2.6055369,20.611406,0.01,18.281128,0.01
20.784609,2.5948296,20.784609,0.01,18.434748,0.01
20.957813,2.5841219,20.957813,0.01,18.588373,0.01
21.131016,2.5734143,21.131016,0.01,18.741993,0.01
21.304228,2.5627065,21.304228,0.01,18.89562,0.01
21.477432,2.5519989,21.477432,0.01,19.049244,0.01
21.650635,2.5412912,21.650635,0.01,19.202864,0.01
21.823839,2.5305839,21.823839,0.01,19.356485,0.01
21.997042,2.5198762,21.997042,0.01,19.510109,0.01
22.170254,2.5091684,22.170254,0.01,19.663734,0.009999991
22.343456,2.4984608,22.343456,0.01,19.817356,0.009999991
22.516661,2.4877532,22.516661,0.01,19.97098,0.009999991
22.689863,2.5225117,22.689863,0.01,20.124601,0.009999991
22.863068,2.4593747,22.863068,0.00999996,20.278221,0.009999991
23.03628,2.4567578,23.03628,0.00999996,20.43185,0.009999991
23.209482,2.4541414,23.209482,0.00999996,20.585472,0.009999991
23.382687,2.4515247,23.382687,0.00999996,20.739094,0.009999991
23.555889,2.4489083,23.555889,0.00999996,20.892717,0.009999991
23.729092,2.4462919,23.729092,0.00999996,21.046337,0.009999991
23.902306,2.443675,23.902306,0.00999996,21.199965,0.009999991
24.075508,2.4410586,24.075508,0.00999996,21.353584,0.009999991
24.248711,2.438442,24.248711,0.00999996,21.507208,0.009999991
24.421915,2.4358256,24.421915,0.00999996,21.66083,0.009999991
24.595118,2.4332089,24.595118,0.00999996,21.814451,0.009999991
24.76833,2.4305923,24.76833,0.00999996,21.968081,0.009999991
24.941534,2.4279757,24.941534,0.00999996,22.1217,0.009999991
25.114737,2.4253592,25.114737,0.00999996,22.275322,0.009999991
25.287941,2.4227426,25.287941,0.00999996,22.428946,0.009999991
25.461143,2.4201262,25.461143,0.00999996,22.582567,0.009999991
25.634356,2.4175096,25.634356,0.00999996,22.736193,0.009999991
25.807558,2.4148929,25.807558,0.00999996,22.889816,0.009999991
25.980762,2.4122765,25.980762,0.00999996,23.043438,0.009999991
26.153965,2.4096599,26.153965,0.00999996,23.197058,0.009999991
26.327169,2.4070435,26.327169,0.00999996,23.350681,0.009999991
26.500381,2.4044266,26.500381,0.00999996,23.504309,0.009999991
26.673584,2.4018102,26.673584,0.00999996,23.657928,0.009999991
26.846788,2.3991935,26.846788,0.00999996,23.811554,0.009999991
27.019991,2.3965771,27.019991,0.00999996,23.965174,0.009999991
27.193193,2.3939605,27.193193,0.00999996,24.118795,0.009999991
27.366405,2.3913438,27.366405,0.00999996,24.272425,0.009999991
27.53961,2.3887274,27.53961,0.00999996,24.426044,0.009999991
27.712812,2.3861108,27.712812,0.00999996,24.579666,0.009999991
27.886017,2.3834944,27.886017,0.00999996,24.73329,0.009999991
28.059219,2.3808777,28.059219,0.00999996,24.886911,0.009999991
28.232431,2.3782611,28.232431,0.00999996,25.040537,0.009999991
28.405634,2.3756444,28.405634,0.00999996,25.194157,0.009999991
28.578838,2.373028,28.578838,0.00999996,25.347782,0.009999991
28.752043,2.3704114,28.752043,0.00999996,25.501402,0.009999991
28.925245,2.367795,28.925245,0.00999996,25.655024,0.009999991
29.098457,2.3651781,29.098457,0.00999996,25.808653,0.009999991
29.27166,2.3625617,29.27166,0.00999996,25.962273,0.009999991
29.444864,2.3599453,29.444864,0.00999996,26.115894,0.009999991
29.618067,2.3620019,29.618067,0.00999965,26.269518,0.009999991
29.791271,2.3575485,29.791271,0.00999965,26.42314,0.009999991
29.964481,2.3530948,29.964481,0.00999965,26.576765,0.009999991
30.137686,2.3486412,30.137686,0.00999965,26.730389,0.009999991
30.310888,2.3441877,30.310888,0.00999965,26.88401,0.009999991
30.484093,2.3397343,30.484093,0.00999965,27.037632,0.009999991
30.657297,2.3352807,30.657297,0.00999965,27.191256,0.009999991
30.830507,2.330827,30.830507,0.00999965,27.344881,0.009999991
31.003712,2.3263736,31.003712,0.00999965,27.498501,0.009999991
31.176914,2.3219199,31.176914,0.00999965,27.652126,0.009999991
31.350119,2.3174665,31.350119,0.00999965,27.805748,0.009999991
31.523321,2.3130131,31.523321,0.00999965,27.959368,0.009999991
31.696533,2.3085592,31.696533,0.00999965,28.112997,0.009999991
31.869736,2.3041058,31.869736,0.00999965,28.266617,0.009999991
32.042938,2.2996523,32.042938,0.00999965,28.420238,0.009999991
32.216145,2.2951987,32.216145,0.00999965,28.573862,0.009999991
32.389347,2.2907453,32.389347,0.00999965,28.727484,0.009999991
32.562557,2.2862916,32.562557,0.00999965,28.881109,0.009999991
32.735764,2.2818379,32.735764,0.00999965,29.034731,0.00999059
32.908966,2.2773845,32.908966,0.00999965,29.188354,0.00999059
33.082169,2.2729309,33.082169,0.00999965,29.341976,0.00999059
33.255371,2.2684774,33.255371,0.00999965,29.495596,0.00999059
33.428585,2.2640238,33.428585,0.00999965,29.649225,0.00999059
33.601788,2.2595701,33.601788,0.00999965,29.802847,0.00999059
33.77499,2.2551167,33.77499,0.00999965,29.956467,0.00999059
33.948193,2.2506633,33.948193,0.00999965,30.110092,0.00999059
34.121399,2.2462096,34.121399,0.00999965,30.263712,0.00999059
34.294609,2.241756,34.294609,0.00999965,30.417337,0.00999059
34.467812,2.2373025,34.467812,0.00999965,30.570961,0.00999059
34.641018,2.2328489,34.641018,0.00999965,30.724583,0.00999059
34.81422,2.2283955,34.81422,0.00999965,30.878204,0.00999059
34.987423,2.2239418,34.987423,0.00999965,31.031828,0.00999059
35.160633,2.2194881,35.160633,0.00999965,31.185453,0.00999059
35.333839,2.2150347,35.333839,0.00999965,31.339075,0.00999059
35.507042,2.2105813,35.507042,0.00999965,31.492699,0.00999059
35.680244,2.2061276,35.680244,0.00999965,31.64632,0.00999059
35.853447,2.2016742,35.853447,0.00999965,31.799942,0.00999059
36.026661,2.1972206,36.026661,0.00999965,31.953569,0.00999059
36.199863,2.1927669,36.199863,0.00999965,32.107189,0.00999059
36.373066,2.1883135,36.373066,0.00999965,32.260811,0.00999059
36.546272,2.1838598,36.546272,0.00999965,32.414436,0.00999059
36.719475,2.1794064,36.719475,0.00999965,32.568058,0.00999059
36.892685,2.1749527,36.892685,0.00999965,32.721684,0.00999059
37.065887,2.1702852,37.065887,0.0099758,32.875301,0.00999059
37.239094,2.1688092,37.239094,0.0099758,33.028927,0.00999059
37.412296,2.1673331,37.412296,0.0099758,33.182549,0.00999059
37.585499,2.1658571,37.585499,0.0099758,33.33617,0.00999059
37.758709,2.164381,37.758709,0.0099758,33.489799,0.00999059
37.931915,2.1629047,37.931915,0.0099758,33.643417,0.00999059
38.105118,2.1614287,38.105118,0.0099758,33.797039,0.00999059
38.27832,2.1599526,38.27832,0.0099758,33.950665,0.00999059
38.451527,2.1584766,38.451527,0.0099758,34.104286,0.00999059
38.624737,2.1570003,38.624737,0.0099758,34.257912,0.00999059
38.797939,2.1555243,38.797939,0.0099758,34.411533,0.00999059
38.971142,2.1540482,38.971142,0.0099758,34.565155,0.00999059
39.144348,2.1525722,39.144348,0.0099758,34.718777,0.00999059
39.317551,2.1510961,39.317551,0.0099758,34.872402,0.00999059
39.490761,2.1496198,39.490761,0.0099758,35.026028,0.00999059
39.663963,2.1481438,39.663963,0.0099758,35.179649,0.00999059
39.83717,2.1466677,39.83717,0.0099758,35.333271,0.00999059
40.010372,2.1451917,40.010372,0.0099758,35.486893,0.00999059
40.183575,2.1437156,40.183575,0.0099758,35.640514,0.00999059
40.356789,2.1422393,40.356789,0.0099758,35.794144,0.00999059
40.529991,2.1407633,40.529991,0.0099758,35.947762,0.00999059
40.703194,2.1392872,40.703194,0.0099758,36.101383,0.00996757
40.876396,2.1378112,40.876396,0.0099758,36.255009,0.00996757
41.049603,2.1363351,41.049603,0.0099758,36.40863,0.00996757
41.222813,2.1348588,41.222813,0.0099758,36.562256,0.00996757
41.396015,2.1333828,41.396015,0.0099758,36.715878,0.00996757
41.569218,2.1319067,41.569218,0.0099758,36.869499,0.00996757
41.742424,2.1304307,41.742424,0.0099758,37.023121,0.00996757
41.915627,2.1289546,41.915627,0.0099758,37.176743,0.00996757
42.088837,2.1274784,42.088837,0.0099758,37.330372,0.00996757
42.262043,2.1260023,42.262043,0.0099758,37.483994,0.00996757
42.435246,2.1245263,42.435246,0.0099758,37.637611,0.00996757
42.608448,2.1230502,42.608448,0.0099758,37.791237,0.00996757
42.781651,2.1215742,42.781651,0.0099758,37.944859,0.00996757
42.954865,2.1200979,42.954865,0.0099758,38.098484,0.00996757
43.128067,2.1186218,43.128067,0.0099758,38.252106,0.00996757
43.30127,2.1171458,43.30127,0.0099758,38.405727,0.00996757
43.474472,2.1156697,43.474472,0.0099758,38.559349,0.00996757
43.647678,2.1141934,43.647678,0.0099758,38.712975,0.00996757
43.820889,2.1127174,43.820889,0.0099758,38.8666,0.00996757
43.994091,2.1112413,43.994091,0.0099758,39.020222,0.00996757
44.167297,2.1097653,44.167297,0.0099758,39.173843,0.00996757
44.3405,2.1082892,44.3405,0.0099758,39.327465,0.00996757
44.513702,2.106813,44.513702,0.0099758,39.481087,0.00996757
44.686913,2.1053369,44.686913,0.0099758,39.634716,0.00996757
44.860119,2.1038609,44.860119,0.0099758,39.788338,0.00996757
45.033321,2.0839639,45.033321,0.00991496,39.941956,0.00996757
45.206524,2.0829008,45.206524,0.00991496,40.095581,0.00996757
45.379726,2.0818377,45.379726,0.00991496,40.249203,0.00996757
45.55294,2.0807745,45.55294,0.00991496,40.402828,0.00996757
45.726143,2.0797117,45.726143,0.00991496,40.55645,0.00996757
45.899345,2.0786486,45.899345,0.00991496,40.710072,0.00996757
46.072552,2.0775857,46.072552,0.00991496,40.863693,0.00996757
46.245754,2.0765226,46.245754,0.00991496,41.017319,0.00996757
46.418964,2.0754595,46.418964,0.00991496,41.170944,0.00996757
46.592167,2.0743966,46.592167,0.00991496,41.324566,0.00996757
46.765373,2.0733335,46.765373,0.00991496,41.478188,0.00996757
46.938576,2.0722704,46.938576,0.00991496,41.631809,0.00996757
47.111778,2.0712075,47.111778,0.00991496,41.785431,0.00996757
47.284988,2.0701444,47.284988,0.00991496,41.939056,0.00996757
47.458195,2.0690813,47.458195,0.00991496,42.092678,0.00996757
47.631397,2.0680184,47.631397,0.00991496,42.2463,0.00996757
47.8046,2.0669553,47.8046,0.00991496,42.399925,0.00996757
47.977806,2.0658922,47.977806,0.00991496,42.553547,0.00996757
48.151016,2.0648293,48.151016,0.00991496,42.707172,0.00996757
48.324219,2.0637662,48.324219,0.00991496,42.860794,0.00996757
48.497421,2.0627031,48.497421,0.00991496,43.014416,0.00996757
48.670628,2.0616403,48.670628,0.00991496,43.168037,0.00996757
48.84383,2.0605772,48.84383,0.00991496,43.321659,0.00996757
49.01704,2.059514,49.01704,0.00991496,43.475285,0.00996757
49.190243,2.0584512,49.190243,0.00991496,43.62891,0.00996757
49.363449,2.0573881,49.363449,0.00991496,43.782532,0.00996757
49.536652,2.056325,49.536652,0.00991496,43.936153,0.00996757
49.709854,2.0552621,49.709854,0.00991496,44.089775,0.00996757
49.883068,2.054199,49.883068,0.00991496,44.243401,0.00996757
50.056271,2.0531359,50.056271,0.00991496,44.397022,0.00996757
50.229473,2.052073,50.229473,0.00991496,44.550648,0.00996757
50.402676,2.0510099,50.402676,0.00991496,44.704266,0.00996757
50.575882,2.049947,50.575882,0.00991496,44.857891,0.00996757
50.749092,2.0488839,50.749092,0.00991496,45.011517,0.00996757
50.922295,2.0478208,50.922295,0.00991496,45.165138,0.00996757
51.095497,2.0467577,51.095497,0.00991496,45.31876,0.00996757
51.268703,2.0456948,51.268703,0.00991496,45.472382,0.00996757
51.441906,2.0446317,51.441906,0.00991496,45.626003,0.00991883
51.615116,2.0435686,51.615116,0.00991496,45.779629,0.00991883
51.788322,2.0425057,51.788322,0.00991496,45.93325,0.00991883
51.961525,2.0414426,51.961525,0.00991496,46.086876,0.00991883
52.134727,2.0365455,52.134727,0.00963448,46.240498,0.00991883
52.30793,2.0358732,52.30793,0.00963448,46.394119,0.00991883
52.481144,2.0352008,52.481144,0.00963448,46.547745,0.00991883
52.654346,2.0345285,52.654346,0.00963448,46.701366,0.00991883
52.827549,2.0338562,52.827549,0.00963448,46.854988,0.00991883
53.000751,2.0331838,53.000751,0.00963448,47.00861,0.00991883
53.173958,2.0325115,53.173958,0.00963448,47.162231,0.00991883
53.347168,2.0318391,53.347168,0.00963448,47.315861,0.00991883
53.52037,2.0311668,53.52037,0.00963448,47.469482,0.00991883
53.693577,2.0304945,53.693577,0.00963448,47.623104,0.00991883
53.866779,2.0298221,53.866779,0.00963448,47.776726,0.00991883
54.039982,2.0291498,54.039982,0.00963448,47.930347,0.00991883
54.213192,2.0284774,54.213192,0.00963448,48.083973,0.00991883
54.386398,2.0278051,54.386398,0.00963448,48.237595,0.00991883
54.559601,2.0271327,54.559601,0.00963448,48.39122,0.00991883
54.732803,2.0264604,54.732803,0.00963448,48.544842,0.00991883
54.906006,2.0257883,54.906006,0.00963448,48.698463,0.00991883
55.07922,2.0251157,55.07922,0.00963448,48.852089,0.00991883
55.252422,2.0223329,55.252422,0.00893523,49.005711,0.00991883
55.425625,2.0217483,55.425625,0.00893523,49.159332,0.00991883
55.598827,2.0211637,55.598827,0.00893523,49.312954,0.00991883
55.772034,2.0205791,55.772034,0.00893523,49.466576,0.00991883
55.945244,2.0199945,55.945244,0.00893523,49.620205,0.00991883
56.11845,2.0194099,56.11845,0.00893523,49.773827,0.00991883
56.291653,2.0188253,56.291653,0.00893523,49.927448,0.00991883
56.464855,2.0182409,56.464855,0.00893523,50.08107,0.00991883
56.638058,2.0176563,56.638058,0.00893523,50.234692,0.00991883
56.811268,2.0170717,56.811268,0.00893523,50.388317,0.00991883
56.984474,2.0164871,56.984474,0.00893523,50.541943,0.00991883
57.157677,2.0159025,57.157677,0.00893523,50.69556,0.00991883
57.330879,2.0153179,57.330879,0.00893523,50.849182,0.00991883
57.504086,2.0147333,57.504086,0.00893523,51.002804,0.00991883
57.677296,2.0141487,57.677296,0.00893523,51.156433,0.00991883
57.850498,2.0135641,57.850498,0.00893523,51.310055,0.00991883
58.023701,2.0129795,58.023701,0.00893523,51.463676,0.00991883
58.196903,2.0123949,58.196903,0.00893523,51.617298,0.00991883
58.37011,2.0118103,58.37011,0.00893523,51.77092,0.00991883
58.54332,2.0112257,58.54332,0.00893523,51.924545,0.00991883
58.716526,2.0106411,58.716526,0.00893523,52.078171,0.00991883
58.889729,2.0100565,58.889729,0.00893523,52.231792,0.00991883
59.062931,2.0094721,59.062931,0.00893523,52.38541,0.00991883
59.236134,2.0088875,59.236134,0.00893523,52.539036,0.00991883
59.409348,2.0083029,59.409348,0.00893523,52.692661,0.00991883
59.58255,2.0077183,59.58255,0.00893523,52.846283,0.00991883
59.755753,2.0071337,59.755753,0.00893523,52.999905,0.00991883
59.928955,2.0065491,59.928955,0.00893523,53.153526,0.00991883
60.102161,2.0059645,60.102161,0.00893523,53.307152,0.00991883
60.275372,2.0053799,60.275372,0.00893523,53.460777,0.00991883
60.448574,2.0047953,60.448574,0.00893523,53.614399,0.00991883
60.621777,2.0042107,60.621777,0.00893523,53.768021,0.00991883
60.794979,2.0036261,60.794979,0.00893523,53.921642,0.00991883
60.968185,2.0030415,60.968185,0.00893523,54.075264,0.00991883
61.141396,2.0024569,61.141396,0.00893523,54.228889,0.00991883
61.314602,2.0018723,61.314602,0.00893523,54.382515,0.00991883
61.487804,2.0012877,61.487804,0.00893523,54.536133,0.00991883
61.661007,2.0007033,61.661007,0.00893523,54.689754,0.00991883
61.834209,2.0001187,61.834209,0.00893523,54.84338,0.00991883
62.007423,1.999534,62.007423,0.00893523,54.997005,0.00991883
62.180626,1.9989494,62.180626,0.00893523,55.150627,0.00991883
62.353828,1.9983648,62.353828,0.00893523,55.304249,0.00991883
62.527031,1.9977803,62.527031,0.00893523,55.45787,0.00991883
62.700241,1.9971957,62.700241,0.00893523,55.611496,0.00991883
62.873444,1.9966111,62.873444,0.00893523,55.765118,0.00991883
63.046654,1.9960265,63.046654,0.00893523,55.918743,0.00991883
63.219856,1.9954419,63.219856,0.00893523,56.072365,0.00991883
63.393059,1.9948573,63.393059,0.00893523,56.225983,0.00991883
63.566265,1.9942727,63.566265,0.00893523,56.379612,0.00991883
63.739468,1.9936882,63.739468,0.00893523,56.533234,0.00991883
63.912678,1.9931036,63.912678,0.00893523,56.686859,0.00975153
64.085876,1.992519,64.085876,0.00893523,56.840477,0.00975153
64.259079,1.9919344,64.259079,0.00893523,56.994099,0.00975153
64.432289,1.9913498,64.432289,0.00893523,57.147724,0.00975153
64.605492,1.9907652,64.605492,0.00893523,57.301346,0.00975153
64.778702,1.9901806,64.778702,0.00893523,57.454971,0.00975153
64.951904,1.989596,64.951904,0.00893523,57.608593,0.00975153
65.125107,1.9890115,65.125107,0.00893523,57.762215,0.00975153
65.298317,1.9884269,65.298317,0.00893523,57.91584,0.00975153
65.471519,1.9878423,65.471519,0.00893523,58.069462,0.00975153
65.64473,1.9872577,65.64473,0.00893523,58.223087,0.00975153
65.817932,1.9866731,65.817932,0.00893523,58.376709,0.00975153
65.991135,1.9860885,65.991135,0.00893523,58.530331,0.00975153
66.164345,1.9855039,66.164345,0.00893523,58.683952,0.00975153
66.337547,1.9860185,66.337547,0.00481329,58.837574,0.00975153
66.510757,1.9855517,66.510757,0.00481329,58.991203,0.00975153
66.683952,1.9850849,66.683952,0.00481329,59.144821,0.00975153
66.857155,1.9846181,66.857155,0.00481329,59.298443,0.00975153
67.030365,1.9841512,67.030365,0.00481329,59.452068,0.00975153
67.203568,1.9836845,67.203568,0.00481329,59.60569,0.00975153
67.376778,1.9832177,67.376778,0.00481329,59.759315,0.00975153
67.54998,1.9827509,67.54998,0.00481329,59.912937,0.00975153
67.723183,1.9822841,67.723183,0.00481329,60.066559,0.00975153
67.896393,1.9818172,67.896393,0.00481329,60.220184,0.00975153
68.069595,1.9813504,68.069595,0.00481329,60.373806,0.00975153
68.242805,1.9808836,68.242805,0.00481329,60.527431,0.00975153
68.416008,1.9804168,68.416008,0.00481329,60.681053,0.00975153
68.589211,1.9833283,68.589211,0.00599127,60.834671,0.00975153
68.762421,1.9827304,68.762421,0.00599127,60.988297,0.00975153
68.935623,1.9821323,68.935623,0.00599127,61.141918,0.00975153
69.108833,1.9815344,69.108833,0.00599127,61.295544,0.009575171
69.282036,1.9809363,69.282036,0.00599127,61.449165,0.009575171
69.455238,1.9803383,69.455238,0.00599127,61.602787,0.009575171
69.628441,1.9797403,69.628441,0.00599127,61.756413,0.009575171
69.801643,1.9791423,69.801643,0.00599127,61.910034,0.009575171
69.974854,1.9785442,69.974854,0.00599127,62.06366,0.009575171
70.148056,1.9779463,70.148056,0.00599127,62.217281,0.009575171
70.321259,1.9773483,70.321259,0.00599127,62.370903,0.009575171
70.494469,1.9767503,70.494469,0.00599127,62.524529,0.009575171
70.667671,1.9761523,70.667671,0.00599127,62.678146,0.009575171
70.840881,1.9755542,70.840881,0.00599127,62.831776,0.009575171
71.014084,1.9749563,71.014084,0.00599127,62.985394,0.009575171
71.187286,1.9743582,71.187286,0.00599127,63.139015,0.009575171
71.360497,1.9737602,71.360497,0.00599127,63.292641,0.009575171
71.533699,1.9731622,71.533699,0.00599127,63.446262,0.009575171
71.706909,1.9725642,71.706909,0.00599127,63.599888,0.009575171
71.880112,1.9719663,71.880112,0.00599127,63.75351,0.009575171
72.053314,1.970382,72.053314,0.00355066,63.907131,0.009575171
72.226517,1.9700037,72.226517,0.00355066,64.06076,0.009575171
72.399719,1.9696255,72.399719,0.00355066,64.214378,0.009575171
72.572929,1.9692472,72.572929,0.00355066,64.368004,0.009575171
72.746132,1.9688691,72.746132,0.00355066,64.521622,0.009575171
72.919334,1.9684908,72.919334,0.00355066,64.675247,0.009575171
73.092545,1.9681126,73.092545,0.00355066,64.828873,0.009575171
73.265747,1.9677343,73.265747,0.00355066,64.982491,0.009575171
73.438957,1.9673562,73.438957,0.00355066,65.136116,0.009575171
73.61216,1.966978,73.61216,0.00355066,65.289742,0.009575171
73.785362,1.9665997,73.785362,0.00355066,65.443359,0.009575171
73.958572,1.9662215,73.958572,0.00355066,65.596985,0.009575171
74.131775,1.9658433,74.131775,0.00355066,65.75061,0.009575171
74.304985,1.9654651,74.304985,0.00355066,65.904236,0.009575171
74.478188,1.9650868,74.478188,0.00355066,66.057854,0.009575171
74.65139,1.9647086,74.65139,0.00355066,66.211472,0.009575171
74.824593,1.9643304,74.824593,0.00355066,66.365097,0.009575171
74.997795,1.9639522,74.997795,0.00355066,66.518723,0.009575171
75.171005,1.9635739,75.171005,0.00355066,66.672348,0.009575171
75.344208,1.9631957,75.344208,0.00355066,66.825966,0.009575171
75.51741,1.9628175,75.51741,0.00355066,66.979591,0.009575171
75.69062,1.9624393,75.69062,0.00355066,67.133217,0.009575171
75.863823,1.962061,75.863823,0.00355066,67.286835,0.009575171
76.037033,1.9616828,76.037033,0.00355066,67.44046,0.009575171
76.210236,1.9613047,76.210236,0.00355066,67.594086,0.009575171
76.383438,1.9609264,76.383438,0.00355066,67.747704,0.009575171
76.556648,1.9605482,76.556648,0.00355066,67.901329,0.009575171
76.729851,1.96017,76.729851,0.00355066,68.054955,0.009575171
76.903061,1.9597918,76.903061,0.00355066,68.208572,0.009575171
77.076263,1.9594135,77.076263,0.00355066,68.362198,0.009575171
77.249466,1.9590353,77.249466,0.00355066,68.515816,0.009575171
77.422676,1.958657,77.422676,0.00355066,68.669441,0.009575171
77.595879,1.9582789,77.595879,0.00355066,68.823067,0.009575171
77.769081,1.9579006,77.769081,0.00355066,68.976692,0.009575171
77.942284,1.9575224,77.942284,0.00355066,69.13031,0.009575171
78.115486,1.9571443,78.115486,0.00355066,69.283936,0.009575171
78.288696,1.956766,78.288696,0.00355066,69.437561,0.009575171
78.461899,1.9563878,78.461899,0.00355066,69.591179,0.009575171
78.635109,1.9560095,78.635109,0.00355066,69.744804,0.009575171
78.808311,1.9556314,78.808311,0.00355066,69.898422,0.009575171
78.981514,1.9552531,78.981514,0.00355066,70.052048,0.009575171
79.154724,1.9548749,79.154724,0.00355066,70.205673,0.009575171
79.327927,1.9544966,79.327927,0.00355066,70.359291,0.009575171
79.501137,1.9541185,79.501137,0.00355066,70.512917,0.009575171
79.674339,1.9537402,79.674339,0.00355066,70.666542,0.009575171
79.847542,1.953362,79.847542,0.00355066,70.82016,0.009575171
80.020752,1.9529837,80.020752,0.00355066,70.973785,0.009575171
80.193954,1.9526056,80.193954,0.00355066,71.127411,0.009575171
80.367157,1.9522274,80.367157,0.00355066,71.281036,0.009575171
80.540359,1.9518491,80.540359,0.00355066,71.434654,0.009575171
80.713562,1.9514709,80.713562,0.00355066,71.58828,0.009575171
80.886772,1.9510927,80.886772,0.00355066,71.741905,0.009575171
81.059975,1.9507145,81.059975,0.00355066,71.895523,0.009575171
81.233185,1.9503362,81.233185,0.00355066,72.049149,0.009575171
81.406387,1.949958,81.406387,0.00355066,72.202774,0.009575171
81.57959,1.9495798,81.57959,0.00355066,72.356392,0.009575171
81.7528,1.9492016,81.7528,0.00355066,72.510017,0.009575171
81.926003,1.9488233,81.926003,0.00355066,72.663635,0.009575171
82.099213,1.9484451,82.099213,0.00355066,72.817261,0.009575171
82.272415,1.9480669,82.272415,0.00355066,72.970886,0.009575171
82.445618,1.9476887,82.445618,0.00355066,73.124504,0.009575171
82.618828,1.9473104,82.618828,0.00355066,73.27813,0.009575171
82.79203,1.9469323,82.79203,0.00355066,73.431755,0.009575171
82.965233,1.9465541,82.965233,0.00355066,73.585381,0.009575171
83.138435,1.9461758,83.138435,0.00355066,73.738998,0.009575171
83.311638,1.9457976,83.311638,0.00355066,73.892624,0.009575171
83.484848,1.9454194,83.484848,0.00355066,74.046242,0.009575171
83.658051,1.9450412,83.658051,0.00355066,74.199867,0.009575171
83.831261,1.9446629,83.831261,0.00355066,74.353493,0.009575171
84.004463,1.9442847,84.004463,0.00355066,74.507111,0.009575171
84.177666,1.9439065,84.177666,0.00355066,74.660736,0.009575171
84.350876,1.9435283,84.350876,0.00355066,74.814362,0.009575171
84.524078,1.94315,84.524078,0.00355066,74.967979,0.009575171
84.697289,1.9427718,84.697289,0.00355066,75.121605,0.009575171
84.870491,1.9423937,84.870491,0.00355066,75.27523,0.009575171
85.043694,1.9420154,85.043694,0.00355066,75.428848,0.009575171
85.216904,1.9416372,85.216904,0.00355066,75.582474,0.009575171
85.390106,1.9412589,85.390106,0.00355066,75.736099,0.009575171
85.563316,1.9408808,85.563316,0.00355066,75.889725,0.009575171
85.736511,1.945196,85.736511,0.000187408,76.043343,0.00936109
85.909714,1.9449527,85.909714,6.13E-05,76.19696,0.00936109
86.082924,1.9446659,86.082924,6.13E-05,76.350586,0.00936109
86.256126,1.9443792,86.256126,6.13E-05,76.504211,0.00936109
86.429337,1.9443105,86.429337,2.82E-05,76.657837,0.00916678
86.602539,1.944031,86.602539,2.82E-05,76.811455,0.00916678
86.775742,1.9439452,86.775742,0.00905998,76.96508,0.00916678
86.948952,1.9432783,86.948952,0.00905998,77.118706,0.00916678
87.122154,1.9426115,87.122154,0.00905998,77.272324,0.00916678
87.295364,1.9419446,87.295364,0.00905998,77.425949,0.00916678
87.468567,1.9412776,87.468567,0.00905998,77.579575,0.00916678
87.641769,1.9406108,87.641769,0.00905998,77.733192,0.00916678
87.81498,1.9399439,87.81498,0.00905998,77.886818,0.00916678
87.988182,1.9392771,87.988182,0.00905998,78.040443,0.00916678
88.161392,1.9386101,88.161392,0.00905998,78.194069,0.00916678
88.334595,1.9379432,88.334595,0.00905998,78.347687,0.00916678
88.507797,1.9384224,88.507797,0.00921948,78.501305,0.00937295
88.681,1.93774,88.681,0.00921948,78.654938,0.00937295
88.854202,1.9370575,88.854202,0.00921948,78.808556,0.00937295
89.027412,1.9363751,89.027412,0.00921948,78.962181,0.00937295
89.200615,1.9356927,89.200615,0.00921948,79.115799,0.00937295
89.373817,1.9350103,89.373817,0.00921948,79.269424,0.00937295
89.547028,1.9343278,89.547028,0.00921948,79.42305,0.00937295
89.72023,1.9336454,89.72023,0.00921948,79.576668,0.00937295
89.89344,1.932963,89.89344,0.00921948,79.730293,0.00937295
90.066643,1.9322805,90.066643,0.00921948,79.883919,0.00937295
90.239845,1.9315982,90.239845,0.00921948,80.037537,0.00937295
90.413055,1.9309157,90.413055,0.00921948,80.191162,0.00937295
90.586258,1.9302332,90.586258,0.00921948,80.344788,0.00937295
90.759468,1.9295509,90.759468,0.00921948,80.498405,0.00937295
90.932671,1.9288684,90.932671,0.00921948,80.652031,0.00937295
91.105873,1.9281861,91.105873,0.00921948,80.805649,0.00937295
91.279076,1.9275036,91.279076,0.00921948,80.959274,0.00937295
91.452278,1.9268211,91.452278,0.00921948,81.1129,0.00937295
91.625488,1.9261388,91.625488,0.00921948,81.266525,0.00937295
91.798691,1.9254563,91.798691,0.00921948,81.420143,0.00937295
91.971893,1.9247739,91.971893,0.00921948,81.573769,0.00937295
92.145103,1.9240915,92.145103,0.00921948,81.727394,0.00937295
92.318306,1.923409,92.318306,0.00921948,81.881012,0.00937295
92.491516,1.9227266,92.491516,0.00921948,82.034637,0.00937295
92.664719,1.9220442,92.664719,0.00921948,82.188255,0.00937295
92.837921,1.9213618,92.837921,0.00921948,82.341881,0.00937295
93.011131,1.9206793,93.011131,0.00921948,82.495506,0.00937295
93.184334,1.9199969,93.184334,0.00921948,82.649124,0.00937295
93.357544,1.9193145,93.357544,0.00921948,82.80275,0.00937295
93.530746,1.918632,93.530746,0.00921948,82.956375,0.00937295
93.703949,1.9179497,93.703949,0.00921948,83.109993,0.00937295
93.877151,1.9172672,93.877151,0.00921948,83.263618,0.00937295
94.050354,1.9165847,94.050354,0.00921948,83.417244,0.00937295
94.223564,1.9159024,94.223564,0.00921948,83.570869,0.00937295
94.396767,1.9152199,94.396767,0.00921948,83.724487,0.00937295
94.569969,1.9145375,94.569969,0.00921948,83.878105,0.00937295
94.743179,1.9138551,94.743179,0.00921948,84.031738,0.00937295
94.916382,1.9131726,94.916382,0.00921948,84.185356,0.00937295
95.089592,1.9124902,95.089592,0.00921948,84.338982,0.00937295
95.262794,1.9118078,95.262794,0.00921948,84.492599,0.00937295
95.435997,1.9111254,95.435997,0.00921948,84.646225,0.00937295
95.609207,1.9104429,95.609207,0.00921948,84.79985,0.00937295
95.78241,1.9097605,95.78241,0.00921948,84.953468,0.00937295
95.95562,1.9090781,95.95562,0.00921948,85.107094,0.00937295
96.128822,1.9083956,96.128822,0.00921948,85.260719,0.00937295
96.302025,1.9077133,96.302025,0.00921948,85.414337,0.00937295
96.475235,1.9070308,96.475235,0.00921948,85.567963,0.00937295
96.648438,1.9063483,96.648438,0.00921948,85.721588,0.00937295
96.82164,1.905666,96.82164,0.00921948,85.875214,0.00937295
96.994843,1.9049835,96.994843,0.00921948,86.028831,0.00937295
97.168045,1.9043012,97.168045,0.00921948,86.182457,0.00937295
97.341255,1.9036187,97.341255,0.00921948,86.336082,0.00937295
97.514458,1.9029362,97.514458,0.00921948,86.4897,0.00937295
97.687668,1.9022539,97.687668,0.00921948,86.643326,0.00937295
97.86087,1.9015714,97.86087,0.00921948,86.796951,0.00937295
98.034073,1.900889,98.034073,0.00921948,86.950569,0.00937295
98.207283,1.9002066,98.207283,0.00921948,87.104195,0.00937295
98.380486,1.8995241,98.380486,0.00921948,87.257812,0.00937295
98.553696,1.8988417,98.553696,0.00921948,87.411438,0.00937295
98.726898,1.8981593,98.726898,0.00921948,87.565063,0.00937295
98.900101,1.8974769,98.900101,0.00921948,87.718681,0.00937295
99.073311,1.8967944,99.073311,0.00921948,87.872307,0.00937295
99.246513,1.896112,99.246513,0.00921948,88.025932,0.00937295
99.419716,1.8954296,99.419716,0.00921948,88.179558,0.00937295
99.592918,1.8947471,99.592918,0.00921948,88.333176,0.00937295
99.766121,1.8940648,99.766121,0.00921948,88.486801,0.00937295
99.939331,1.8933823,99.939331,0.00921948,88.640419,0.00937295
100.11253,1.8926998,100.11253,0.00921948,88.794044,0.00937295
100.28574,1.8920175,100.28574,0.00921948,88.94767,0.00937295
100.45895,1.891335,100.45895,0.00921948,89.101288,0.00937295
100.63215,1.8906527,100.63215,0.00921948,89.254913,0.00937295
100.80536,1.8919548,100.80536,0.00905825,89.408539,0.00937295
100.97856,1.8908951,100.97856,0.00905825,89.562157,0.00937295
101.15177,1.8898354,101.15177,0.00905825,89.715782,0.00937295
101.32497,1.8887756,101.32497,0.00905825,89.869408,0.00937295
101.49818,1.8877158,101.49818,0.00905825,90.023026,0.00937295
101.67139,1.886656,101.67139,0.00905825,90.176651,0.00937295
101.84459,1.8855963,101.84459,0.00905825,90.330269,0.00937295
102.01779,1.8845365,102.01779,0.00905825,90.483902,0.00937295
102.19099,1.8834769,102.19099,0.00905825,90.63752,0.00937295
102.3642,1.8824171,102.3642,0.00905825,90.791138,0.00937295
102.53741,1.8813573,102.53741,0.00905825,90.944763,0.00937295
102.71061,1.8802975,102.71061,0.00905825,91.098389,0.00937295
102.88382,1.8792378,102.88382,0.00905825,91.252014,0.00937295
103.05702,1.878178,103.05702,0.00905825,91.405632,0.00937295
103.23022,1.8771183,103.23022,0.00905825,91.559258,0.00937295
103.40343,1.8760586,103.40343,0.00905825,91.712883,0.00937295
103.57664,1.8749988,103.57664,0.00905825,91.866501,0.00917479
103.74985,1.873939,103.74985,0.00905825,92.020126,0.00917479
103.92305,1.8728793,103.92305,0.00905825,92.173752,0.00917479
104.09625,1.8718195,104.09625,0.00905825,92.32737,0.00917479
104.26946,1.8707597,104.26946,0.00905825,92.480995,0.00917479
104.44267,1.8697001,104.44267,0.00905825,92.634621,0.00917479
104.61587,1.8717691,104.61587,0.00907073,92.788246,0.00917479
104.78907,1.870952,104.78907,0.00907073,92.941864,0.00917479
104.96227,1.8701349,104.96227,0.00907073,93.095482,0.00917479
105.13548,1.8693178,105.13548,0.00907073,93.249107,0.00917479
105.30869,1.8685007,105.30869,0.00907073,93.402733,0.00917479
105.4819,1.8676836,105.4819,0.00907073,93.556358,0.00917479
105.6551,1.8668666,105.6551,0.00907073,93.709976,0.00917479
105.8283,1.8660096,105.8283,0.00893457,93.863602,0.00917479
106.00151,1.865151,106.00151,0.00893457,94.017227,0.00917479
106.17471,1.8642925,106.17471,0.00893457,94.170845,0.00917479
106.34792,1.8634341,106.34792,0.00893457,94.324471,0.00917479
106.52113,1.8625755,106.52113,0.00893457,94.478096,0.00917479
106.69433,1.8617171,106.69433,0.00893457,94.631714,0.00917479
106.86754,1.8608586,106.86754,0.00893457,94.785339,0.00917479
107.04074,1.86,107.04074,0.00893457,94.938965,0.00917479
107.21395,1.8591416,107.21395,0.00893457,95.092583,0.00917479
107.38715,1.858283,107.38715,0.00893457,95.246208,0.00899644
107.56036,1.8574246,107.56036,0.00893457,95.399826,0.00899644
107.73356,1.8565661,107.73356,0.00893457,95.553452,0.00899644
107.90676,1.8557075,107.90676,0.00893457,95.707077,0.00899644
108.07997,1.854849,108.07997,0.00893457,95.860703,0.00899644
108.25317,1.8539906,108.25317,0.00893457,96.01432,0.00899644
108.42638,1.853132,108.42638,0.00893457,96.167946,0.00899644
108.59959,1.8522736,108.59959,0.00893457,96.321571,0.00899644
108.77279,1.851415,108.77279,0.00893457,96.475189,0.00899644
108.946,1.8505565,108.946,0.00893457,96.628815,0.00899644
109.1192,1.8496981,109.1192,0.00893457,96.782433,0.00899644
109.2924,1.8488395,109.2924,0.00893457,96.936058,0.00899644
109.46561,1.8479811,109.46561,0.00893457,97.089684,0.00899644
109.63882,1.8471226,109.63882,0.00893457,97.243301,0.00899644
109.81203,1.846264,109.81203,0.00893457,97.396927,0.00899644
109.98523,1.8454056,109.98523,0.00893457,97.550552,0.00899644
110.15843,1.844547,110.15843,0.00893457,97.70417,0.00899644
110.33163,1.8436886,110.33163,0.00893457,97.857796,0.00899644
110.50484,1.8428301,110.50484,0.00893457,98.011421,0.00899644
110.67805,1.8419715,110.67805,0.00893457,98.165047,0.00899644
110.85125,1.8411131,110.85125,0.00893457,98.318665,0.00899644
111.02445,1.8402545,111.02445,0.00893457,98.472282,0.00899644
111.19766,1.839396,111.19766,0.00893457,98.625908,0.00899644
111.37086,1.8385376,111.37086,0.00893457,98.779533,0.00899644
111.54408,1.837679,111.54408,0.00893457,98.933159,0.00899644
111.71728,1.8368206,111.71728,0.00893457,99.086777,0.00899644
111.89048,1.8359621,111.89048,0.00893457,99.240402,0.00899644
112.06369,1.8351035,112.06369,0.00893457,99.394028,0.00899644
112.23689,1.8342451,112.23689,0.00893457,99.547653,0.00899644
112.4101,1.8333865,112.4101,0.00893457,99.701271,0.00899644
112.58331,1.8325281,112.58331,0.00893457,99.854897,0.00899644
112.75651,1.8316696,112.75651,0.00893457,100.00851,0.00899644
112.92971,1.830811,112.92971,0.00893457,100.16214,0.00899644
113.10292,1.8299526,113.10292,0.00893457,100.31577,0.00899644
113.27612,1.8290941,113.27612,0.00893457,100.46939,0.00899644
113.44933,1.8282355,113.44933,0.00893457,100.62301,0.00899644
113.62253,1.8273771,113.62253,0.00893457,100.77663,0.00899644
113.79574,1.8265185,113.79574,0.00893457,100.93025,0.00899644
113.96894,1.8256601,113.96894,0.00893457,101.08388,0.00899644
114.14215,1.8248016,114.14215,0.00893457,101.2375,0.00899644
114.31535,1.823943,114.31535,0.00893457,101.39112,0.00899644
114.48856,1.8230846,114.48856,0.00893457,101.54475,0.00899644
114.66177,1.822226,114.66177,0.00893457,101.69837,0.00899644
114.83497,1.8213676,114.83497,0.00893457,101.852,0.00899644
115.00818,1.8205091,115.00818,0.00893457,102.00562,0.00899644
115.18138,1.8196505,115.18138,0.00893457,102.15924,0.00899644
115.35458,1.8187921,115.35458,0.00893457,102.31286,0.00899644
115.52779,1.8179336,115.52779,0.00893457,102.46648,0.00899644
115.701,1.8170751,115.701,0.00893457,102.62011,0.00899644
115.8742,1.8162166,115.8742,0.00893457,102.77374,0.00899644
116.0474,1.815358,116.0474,0.00893457,102.92735,0.00899644
116.2206,1.8144996,116.2206,0.00893457,103.08097,0.00899644
116.39381,1.8091793,116.39381,0.00879521,103.2346,0.00899644
116.56702,1.8082247,116.56702,0.00879521,103.38822,0.00899644
116.74023,1.8072699,116.74023,0.00879521,103.54185,0.00899644
116.91343,1.8063153,116.91343,0.00879521,103.69547,0.00899644
117.08663,1.8053607,117.08663,0.00879521,103.84909,0.00899644
117.25984,1.8044059,117.25984,0.00879521,104.00271,0.00899644
117.43304,1.8034513,117.43304,0.00879521,104.15634,0.00899644
117.60625,1.8024966,117.60625,0.00879521,104.30996,0.00899644
117.77946,1.8015419,117.77946,0.00879521,104.46358,0.00899644
117.95266,1.8005872,117.95266,0.00879521,104.6172,0.00899644
118.12586,1.7996324,118.12586,0.00879521,104.77083,0.00899644
118.29907,1.7986779,118.29907,0.00879521,104.92445,0.00899644
118.47227,1.7977232,118.47227,0.00879521,105.07807,0.00899644
118.64548,1.802161,118.64548,0.00860385,105.2317,0.00899644
118.81869,1.8006159,118.81869,0.00860385,105.38532,0.00899644
118.99189,1.7990708,118.99189,0.00860385,105.53894,0.00899644
119.1651,1.7975259,119.1651,0.00860385,105.69257,0.00899644
119.3383,1.7959809,119.3383,0.00860385,105.84619,0.00899644
119.51151,1.7944359,119.51151,0.00860385,105.99981,0.00899644
119.68471,1.7928908,119.68471,0.00860385,106.15343,0.00899644
119.85792,1.7913457,119.85792,0.00860385,106.30705,0.00899644
120.03112,1.7898008,120.03112,0.00860385,106.46069,0.00899644
120.20432,1.7882557,120.20432,0.00860385,106.6143,0.00899644
120.37753,1.7867106,120.37753,0.00860385,106.76793,0.00899644
120.55074,1.7851657,120.55074,0.00860385,106.92155,0.00899644
120.72394,1.7836206,120.72394,0.00860385,107.07517,0.00879038
120.89715,1.7820756,120.89715,0.00860385,107.2288,0.00879038
121.07035,1.7805306,121.07035,0.00860385,107.38242,0.00879038
121.24355,1.7789855,121.24355,0.00860385,107.53604,0.00879038
121.41676,1.7774404,121.41676,0.00860385,107.68967,0.00879038
121.58997,1.7758954,121.58997,0.00860385,107.84328,0.00879038
121.76318,1.7743504,121.76318,0.00860385,107.99691,0.00879038
121.93638,1.7728053,121.93638,0.00860385,108.15054,0.00879038
122.10958,1.7712604,122.10958,0.00860385,108.30415,0.00879038
122.28278,1.7697153,122.28278,0.00860385,108.45778,0.00879038
122.45599,1.7681702,122.45599,0.00860385,108.6114,0.00879038
122.6292,1.7666253,122.6292,0.00860385,108.76502,0.00879038
122.80241,1.7650802,122.80241,0.00860385,108.91865,0.00879038
122.97561,1.7635351,122.97561,0.00860385,109.07227,0.00879038
123.14881,1.7619901,123.14881,0.00860385,109.22589,0.00879038
123.32201,1.7604451,123.32201,0.00860385,109.37952,0.00879038
123.49522,1.7589002,123.49522,0.00860385,109.53314,0.00879038
123.66843,1.7573551,123.66843,0.00860385,109.68676,0.00879038
123.84163,1.75581,123.84163,0.00860385,109.84039,0.00879038
124.01484,1.754265,124.01484,0.00860385,109.994,0.00879038
124.18804,1.7527199,124.18804,0.00860385,110.14763,0.00879038
124.36125,1.7511749,124.36125,0.00860385,110.30125,0.00879038
124.53445,1.7496299,124.53445,0.00860385,110.45488,0.00879038
124.70766,1.7480849,124.70766,0.00860385,110.6085,0.00879038
124.88086,1.7465398,124.88086,0.00860385,110.76212,0.00879038
125.05407,1.7449948,125.05407,0.00860385,110.91574,0.00879038
125.22727,1.7434498,125.22727,0.00860385,111.06937,0.00879038
125.40048,1.7419047,125.40048,0.00860385,111.22299,0.00879038
125.57368,1.7403597,125.57368,0.00860385,111.37661,0.00879038
125.74689,1.7388146,125.74689,0.00860385,111.53024,0.00879038
125.92009,1.7372696,125.92009,0.00860385,111.68386,0.00879038
126.0933,1.7357246,126.0933,0.00860385,111.83749,0.00879038
126.2665,1.7341796,126.2665,0.00860385,111.9911,0.00879038
126.43971,1.7326345,126.43971,0.00860385,112.14473,0.00879038
126.61292,1.7310895,126.61292,0.00860385,112.29835,0.00879038
126.78612,1.7295444,126.78612,0.00860385,112.45197,0.00879038
126.95933,1.7287003,126.95933,0.00852955,112.6056,0.00879038
127.13253,1.7273984,127.13253,0.00852955,112.75922,0.00879038
127.30573,1.7260965,127.30573,0.00852955,112.91284,0.00879038
127.47894,1.7247946,127.47894,0.00852955,113.06647,0.00879038
127.65215,1.7234929,127.65215,0.00852955,113.22009,0.00879038
127.82535,1.7221911,127.82535,0.00852955,113.37371,0.00879038
127.99856,1.7208892,127.99856,0.00852955,113.52734,0.00879038
128.17175,1.7195873,128.17175,0.00852955,113.68095,0.00879038
128.34497,1.7182856,128.34497,0.00852955,113.83458,0.00879038
128.51817,1.7169837,128.51817,0.00852955,113.9882,0.00879038
128.69138,1.7156819,128.69138,0.00852955,114.14183,0.00879038
128.86458,1.71438,128.86458,0.00852955,114.29545,0.00879038
129.03778,1.7130781,129.03778,0.00852955,114.44907,0.00879038
129.21098,1.7117764,129.21098,0.00852955,114.60269,0.00879038
129.3842,1.7104745,129.3842,0.00852955,114.75632,0.00879038
129.5574,1.7091727,129.5574,0.00852955,114.90994,0.00879038
129.73061,1.7078708,129.73061,0.00852955,115.06356,0.00879038
129.90381,1.7065691,129.90381,0.00852955,115.21719,0.00879038
130.07701,1.7052672,130.07701,0.00852955,115.37081,0.00879038
130.25021,1.7039653,130.25021,0.00852955,115.52443,0.00879038
130.42343,1.7026635,130.42343,0.00852955,115.67805,0.00879038
130.59663,1.7013618,130.59663,0.00852955,115.83168,0.00861534
130.76984,1.7000599,130.76984,0.00852955,115.9853,0.00861534
130.94304,1.698758,130.94304,0.00852955,116.13892,0.00861534
131.11624,1.6974561,131.11624,0.00852955,116.29254,0.00861534
131.28946,1.6961545,131.28946,0.00852955,116.44617,0.00861534
131.46266,1.6948526,131.46266,0.00852955,116.59979,0.00861534
131.63586,1.6935507,131.63586,0.00852955,116.75342,0.00861534
131.80907,1.6922488,131.80907,0.00852955,116.90704,0.00861534
131.98227,1.6909471,131.98227,0.00852955,117.06066,0.00861534
132.15547,1.6901391,132.15547,0.00844496,117.21429,0.00861534
132.32869,1.68741,132.32869,0.00844496,117.3679,0.00861534
132.50189,1.6846809,132.50189,0.00844496,117.52153,0.00861534
132.67509,1.6819519,132.67509,0.00844496,117.67515,0.00861534
132.8483,1.6792229,132.8483,0.00844496,117.82877,0.00861534
133.0215,1.676494,133.0215,0.00844496,117.9824,0.00861534
133.1947,1.6737649,133.1947,0.00844496,118.13602,0.00861534
133.3679,1.6710359,133.3679,0.00844496,118.28964,0.00861534
133.54112,1.6683068,133.54112,0.00844496,118.44327,0.00861534
133.71432,1.6655778,133.71432,0.00844496,118.59689,0.00861534
133.88753,1.6628488,133.88753,0.00844496,118.75052,0.00861534
134.06073,1.6601198,134.06073,0.00844496,118.90414,0.00861534
134.23393,1.6573907,134.23393,0.00844496,119.05776,0.00861534
134.40714,1.6546617,134.40714,0.00844496,119.21138,0.00861534
134.58035,1.6519327,134.58035,0.00844496,119.36501,0.00861534
134.75356,1.6492038,134.75356,0.00844496,119.51863,0.00861534
134.92676,1.6464747,134.92676,0.00844496,119.67225,0.00861534
135.09996,1.6437457,135.09996,0.00844496,119.82587,0.00861534
135.27316,1.6410166,135.27316,0.00844496,119.9795,0.00861534
135.44637,1.6382875,135.44637,0.00844496,120.13312,0.00861534
135.61958,1.6355586,135.61958,0.00844496,120.28674,0.00861534
135.79279,1.6328295,135.79279,0.00844496,120.44037,0.00861534
135.96599,1.6301005,135.96599,0.00844496,120.59399,0.00861534
136.13919,1.6273714,136.13919,0.00844496,120.74761,0.00861534
136.31239,1.6246425,136.31239,0.00844496,120.90123,0.00861534
136.48561,1.6219136,136.48561,0.00844496,121.05486,0.00861534
136.65881,1.6191845,136.65881,0.00844496,121.20848,0.00861534
136.83202,1.6164554,136.83202,0.00844496,121.36211,0.00861534
137.00522,1.6137264,137.00522,0.00844496,121.51572,0.00861534
137.17842,1.6109973,137.17842,0.00844496,121.66935,0.00861534
137.35162,1.6082684,137.35162,0.00844496,121.82298,0.00861534
137.52484,1.6055393,137.52484,0.00844496,121.97659,0.00861534
137.69804,1.6028103,137.69804,0.00844496,122.13022,0.00861534
137.87125,1.6000812,137.87125,0.00844496,122.28384,0.00861534
138.04445,1.5973523,138.04445,0.00844496,122.43746,0.00861534
138.21765,1.5946233,138.21765,0.00844496,122.59109,0.00861534
138.39085,1.5918943,138.39085,0.00844496,122.74471,0.00861534
138.56407,1.5891652,138.56407,0.00844496,122.89833,0.00861534
138.73727,1.5864362,138.73727,0.00844496,123.05196,0.00861534
138.91048,1.5837071,138.91048,0.00844496,123.20557,0.00861534
139.08368,1.5809782,139.08368,0.00844496,123.3592,0.00861534
139.25688,1.5782491,139.25688,0.00844496,123.51283,0.00861534
139.43008,1.57552,139.43008,0.00844496,123.66644,0.00861534
139.6033,1.5727911,139.6033,0.00844496,123.82007,0.00861534
139.7765,1.570062,139.7765,0.00844496,123.97369,0.00843206
139.94971,1.5663773,139.94971,0.00839474,124.12732,0.00843206
140.12291,1.5646008,140.12291,0.00839474,124.28094,0.00843206
140.29611,1.5628244,140.29611,0.00839474,124.43456,0.00843206
140.46931,1.5610479,140.46931,0.00839474,124.58818,0.00843206
140.64252,1.5592713,140.64252,0.00839474,124.74181,0.00843206
140.81573,1.5574951,140.81573,0.00839474,124.89543,0.00843206
140.98894,1.5557187,140.98894,0.00839474,125.04906,0.00843206
141.16214,1.5505365,141.16214,0.00825782,125.20267,0.00843206
141.33534,1.5480452,141.33534,0.00825782,125.3563,0.00843206
141.50854,1.5455538,141.50854,0.00825782,125.50992,0.00843206
141.68176,1.5430626,141.68176,0.00825782,125.66354,0.00843206
141.85497,1.5405712,141.85497,0.00825782,125.81717,0.00843206
142.02817,1.5380799,142.02817,0.00825782,125.97079,0.00843206
142.20137,1.5355884,142.20137,0.00825782,126.12441,0.00843206
142.37457,1.533097,142.37457,0.00825782,126.27804,0.00843206
142.54778,1.5306058,142.54778,0.00825782,126.43166,0.00843206
142.72099,1.5281144,142.72099,0.00825782,126.58528,0.00843206
142.8942,1.5256231,142.8942,0.00825782,126.73891,0.00843206
143.0674,1.5231317,143.0674,0.00825782,126.89252,0.00843206
143.2406,1.5206404,143.2406,0.00825782,127.04615,0.00843206
143.4138,1.5181491,143.4138,0.00825782,127.19978,0.00843206
143.58701,1.5156577,143.58701,0.00825782,127.35339,0.00843206
143.76022,1.5131663,143.76022,0.00825782,127.50702,0.00843206
143.93343,1.510675,143.93343,0.00825782,127.66064,0.00843206
144.10663,1.5081836,144.10663,0.00825782,127.81426,0.00843206
144.27983,1.5056924,144.27983,0.00825782,127.96789,0.00843206
144.45303,1.503201,144.45303,0.00825782,128.12151,0.00843206
144.62624,1.5007097,144.62624,0.00825782,128.27513,0.00843206
144.79945,1.4982182,144.79945,0.00825782,128.42876,0.00843206
144.97266,1.4945544,144.97266,0.00821425,128.58238,0.00843206
145.14586,1.490188,145.14586,0.00821425,128.73601,0.00843206
145.31906,1.4858216,145.31906,0.00821425,128.88963,0.00843206
145.49226,1.4814551,145.49226,0.00821425,129.04324,0.00843206
145.66547,1.4770886,145.66547,0.00821425,129.19687,0.00843206
145.83867,1.4727221,145.83867,0.00821425,129.35049,0.00843206
146.01189,1.4683557,146.01189,0.00821425,129.50412,0.00843206
146.18509,1.4639891,146.18509,0.00821425,129.65775,0.00843206
146.35829,1.4596226,146.35829,0.00821425,129.81137,0.00843206
146.53149,1.4552561,146.53149,0.00821425,129.96498,0.00843206
146.7047,1.4508897,146.7047,0.00821425,130.11861,0.00843206
146.87791,1.4465232,146.87791,0.00821425,130.27223,0.00843206
147.05112,1.4421568,147.05112,0.00821425,130.42586,0.00843206
147.22432,1.4377903,147.22432,0.00821425,130.57948,0.00843206
147.39752,1.4334238,147.39752,0.00821425,130.73309,0.00843206
147.57072,1.4290572,147.57072,0.00821425,130.88672,0.00843206
147.74394,1.4246908,147.74394,0.00821425,131.04034,0.00843206
147.91714,1.4203243,147.91714,0.00821425,131.19397,0.00843206
148.09035,1.4159578,148.09035,0.00821425,131.3476,0.00843206
148.26355,1.4115914,148.26355,0.00821425,131.50122,0.00843206
148.43675,1.4072249,148.43675,0.00821425,131.65483,0.00843206
148.60995,1.4028584,148.60995,0.00821425,131.80846,0.00843206
148.78316,1.398492,148.78316,0.00821425,131.96208,0.00843206
148.95638,1.3941255,148.95638,0.00821425,132.11571,0.00843206
149.12958,1.3897589,149.12958,0.00821425,132.26933,0.00843206
149.30278,1.3853925,149.30278,0.00821425,132.42294,0.00843206
149.47598,1.381026,149.47598,0.00821425,132.57658,0.00843206
149.64919,1.3766596,149.64919,0.00821425,132.73019,0.00843206
149.82239,1.3722931,149.82239,0.00821425,132.88382,0.00843206
149.99561,1.3679266,149.99561,0.00821425,133.03745,0.00843206
150.16881,1.3635601,150.16881,0.00821425,133.19107,0.00843206
150.34201,1.3591937,150.34201,0.00821425,133.3447,0.00843206
150.51521,1.3548272,150.51521,0.00821425,133.49831,0.00843206
150.68842,1.3504606,150.68842,0.00821425,133.65193,0.00843206
150.86162,1.3460941,150.86162,0.00821425,133.80556,0.00843206
151.03484,1.3417277,151.03484,0.00821425,133.95918,0.00843206
151.20804,1.3373612,151.20804,0.00821425,134.11281,0.00844786
151.38124,1.3329948,151.38124,0.00821425,134.26643,0.00844786
151.55444,1.3286283,151.55444,0.00821425,134.42004,0.00844786
151.72765,1.3242618,151.72765,0.00821425,134.57367,0.00844786
151.90085,1.3198953,151.90085,0.00821425,134.72729,0.00844786
152.07407,1.3155289,152.07407,0.00821425,134.88092,0.00844786
152.24727,1.3121135,152.24727,0.00836302,135.03455,0.00844786
152.42047,1.307856,152.42047,0.00836302,135.18817,0.00844786
152.59367,1.2886115,152.59367,0.0082732,135.34178,0.00844786
152.76688,1.2598836,152.76688,0.00810329,135.49541,0.00844786
152.94009,1.2556372,152.94009,0.00810329,135.64903,0.00844786
153.1133,1.2513908,153.1133,0.00810329,135.80266,0.00844786
153.2865,1.2471442,153.2865,0.00810329,135.95628,0.00844786
153.4597,1.2428977,153.4597,0.00810329,136.10991,0.00844786
153.6329,1.2386513,153.6329,0.00810329,136.26352,0.00844786
153.80611,1.2344049,153.80611,0.00810329,136.41714,0.00844786
153.97932,1.2301584,153.97932,0.00810329,136.57077,0.00844786
154.15253,1.225912,154.15253,0.00810329,136.7244,0.00844786
154.32573,1.2186182,154.32573,0.00810572,136.87802,0.00844786
154.49893,1.2117741,154.49893,0.00810572,137.03163,0.00824212
154.67213,1.2049299,154.67213,0.00810572,137.18527,0.00824212
154.84534,1.1980859,154.84534,0.00810572,137.33888,0.00824212
155.01855,1.1912419,155.01855,0.00810572,137.49251,0.00824212
155.19176,1.1843977,155.19176,0.00810572,137.64613,0.00824212
155.36496,1.1775537,155.36496,0.00810572,137.79976,0.00824212
155.53816,1.1707096,155.53816,0.00810572,137.95338,0.00824212
155.71136,1.1638656,155.71136,0.00810572,138.10699,0.00824212
155.88457,1.202885,155.88457,0.00806447,138.26062,0.00824212
156.05777,1.1918582,156.05777,0.00795134,138.41425,0.00824212
156.23099,1.1898226,156.23099,0.00795134,138.56787,0.00824212
156.40419,1.1877871,156.40419,0.00795134,138.7215,0.00824212
156.57739,1.1857514,156.57739,0.00795134,138.87512,0.00824212
156.7506,1.1837159,156.7506,0.00795134,139.02873,0.00824212
156.9238,1.1816803,156.9238,0.00795134,139.18236,0.00824212
157.097,1.1796448,157.097,0.00795134,139.33598,0.00824212
157.27022,1.1776092,157.27022,0.00795134,139.48961,0.00824212
157.44342,1.1755737,157.44342,0.00795134,139.64323,0.00824212
157.61662,1.1735381,157.61662,0.00795134,139.79686,0.00824212
157.78983,1.1715025,157.78983,0.00795134,139.95047,0.00824212
157.96303,1.169467,157.96303,0.00795134,140.1041,0.00824212
158.13625,1.1674314,158.13625,0.00795134,140.25772,0.00824212
158.30945,1.1653959,158.30945,0.00795134,140.41135,0.00824212
158.48265,1.1633602,158.48265,0.00795134,140.56497,0.00824212
158.65585,1.1613247,158.65585,0.00795134,140.71858,0.00824212
158.82906,1.1592891,158.82906,0.00795134,140.87221,0.00824212
159.00227,1.1572536,159.00227,0.00795134,141.02583,0.00824212
159.17548,1.155218,159.17548,0.00795134,141.17946,0.00824212
159.34868,1.1531825,159.34868,0.00795134,141.33308,0.00824212
159.52188,1.1511469,159.52188,0.00795134,141.48671,0.00824212
159.69508,1.1491114,159.69508,0.00795134,141.64032,0.00824212
159.86829,1.1470758,159.86829,0.00795134,141.79395,0.00824212
160.04149,1.1450403,160.04149,0.00795134,141.94757,0.00824212
160.21471,1.1430047,160.21471,0.00795134,142.1012,0.00824212
160.38791,1.1409692,160.38791,0.00795134,142.25482,0.00824212
160.56111,1.1389335,160.56111,0.00795134,142.40845,0.00824212
160.73431,1.136898,160.73431,0.00795134,142.56207,0.00824212
160.90752,1.1348624,160.90752,0.00795134,142.71568,0.00824212
161.08072,1.1328268,161.08072,0.00795134,142.86931,0.00824212
161.25394,1.1307913,161.25394,0.00795134,143.02293,0.00824212
161.42714,1.1287557,161.42714,0.00795134,143.17656,0.00824212
161.60034,1.1267202,161.60034,0.00795134,143.33018,0.00824212
161.77354,1.1246846,161.77354,0.00795134,143.48381,0.00824212
161.94675,1.1226491,161.94675,0.00795134,143.63742,0.00824212
162.11995,1.1206135,162.11995,0.00795134,143.79105,0.00824212
162.29315,1.118578,162.29315,0.00795134,143.94467,0.00824212
162.46637,1.1165423,162.46637,0.00795134,144.0983,0.00824212
162.63957,1.1145068,162.63957,0.00795134,144.25192,0.00824212
162.81277,1.1124712,162.81277,0.00795134,144.40553,0.00824212
162.98598,1.1104357,162.98598,0.00795134,144.55916,0.00824212
163.15918,1.1103705,163.15918,0.00775646,144.71278,0.00824212
163.3324,1.1085887,163.3324,0.00775646,144.86641,0.00824212
163.5056,1.1068068,163.5056,0.00775646,145.02003,0.00824212
163.6788,1.1050249,163.6788,0.00775646,145.17366,0.00824212
163.85201,1.103243,163.85201,0.00775646,145.32727,0.00824212
164.02521,1.1014612,164.02521,0.00775646,145.4809,0.00824212
164.19843,1.0996792,164.19843,0.00775646,145.63452,0.00824212
164.37163,1.0978974,164.37163,0.00775646,145.78815,0.00824212
164.54483,1.0961155,164.54483,0.00775646,145.94177,0.00824212
164.71803,1.0943335,164.71803,0.00775646,146.0954,0.00824212
164.89124,1.089031,164.89124,0.00774651,146.24901,0.00824212
165.06444,1.0872649,165.06444,0.00774651,146.40263,0.00824212
165.23766,1.0854988,165.23766,0.00774651,146.55626,0.00824212
165.41086,1.0837327,165.41086,0.00774651,146.70988,0.00824212
165.58406,1.0819668,165.58406,0.00774651,146.86351,0.00824212
165.75726,1.0802007,165.75726,0.00774651,147.01712,0.00824212
165.93047,1.0784346,165.93047,0.00774651,147.17076,0.00824212
166.10367,1.0766685,166.10367,0.00774651,147.32437,0.00824212
166.27687,1.0749024,166.27687,0.00774651,147.478,0.00824212
166.45009,1.0731364,166.45009,0.00774651,147.63162,0.00824212
166.62329,1.0713704,166.62329,0.00774651,147.78525,0.00824212
166.79649,1.0696043,166.79649,0.00774651,147.93887,0.00824212
166.9697,1.0678382,166.9697,0.00774651,148.0925,0.00824212
167.1429,1.0660721,167.1429,0.00774651,148.24611,0.00824212
167.3161,1.0643061,167.3161,0.00774651,148.39973,0.00824212
167.48932,1.0625401,167.48932,0.00774651,148.55336,0.00824212
167.66252,1.060774,167.66252,0.00774651,148.70699,0.00824212
167.83572,1.0590079,167.83572,0.00774651,148.86061,0.00824212
168.00893,1.0572418,168.00893,0.00774651,149.01422,0.00824212
168.18213,1.0554758,168.18213,0.00774651,149.16785,0.00824212
168.35533,1.0537097,168.35533,0.00774651,149.32147,0.00824212
168.52855,1.0519437,168.52855,0.00774651,149.4751,0.00824212
168.70175,1.0501776,168.70175,0.00774651,149.62872,0.00824212
168.87495,1.0484115,168.87495,0.00774651,149.78235,0.00824212
169.04816,1.0466454,169.04816,0.00774651,149.93596,0.00824212
169.22136,1.0448794,169.22136,0.00774651,150.08958,0.00824212
169.39458,1.0431134,169.39458,0.00774651,150.24321,0.00824212
169.56778,1.0413473,169.56778,0.00774651,150.39684,0.00824212
169.74098,1.0395812,169.74098,0.00774651,150.55046,0.00824212
169.91418,1.0378151,169.91418,0.00774651,150.70409,0.00824212
170.08739,1.0360491,170.08739,0.00774651,150.8577,0.00824212
170.26059,1.034283,170.26059,0.00774651,151.01132,0.00824212
170.43381,1.032517,170.43381,0.00774651,151.16495,0.00824212
170.60701,1.0307509,170.60701,0.00774651,151.31857,0.00824212
170.78021,1.0289848,170.78021,0.00774651,151.4722,0.00824212
170.95341,1.0272188,170.95341,0.00774651,151.62581,0.00824212
171.12662,1.0254527,171.12662,0.00774651,151.77945,0.00824212
171.29982,1.0236866,171.29982,0.00774651,151.93306,0.00824212
171.47302,1.0219206,171.47302,0.00774651,152.08669,0.00824212
171.64624,1.0201545,171.64624,0.00774651,152.24031,0.00824212
171.81944,1.0183884,171.81944,0.00774651,152.39394,0.00824212
171.99265,1.0166224,171.99265,0.00774651,152.54756,0.00824212
172.16585,1.0148563,172.16585,0.00774651,152.70117,0.00824212
172.33905,1.0130903,172.33905,0.00774651,152.8548,0.00824212
172.51225,1.0113242,172.51225,0.00774651,153.00842,0.00824212
172.68547,1.0095581,172.68547,0.00774651,153.16205,0.00824212
172.85867,1.0077921,172.85867,0.00774651,153.31567,0.00824212
173.03188,1.006026,173.03188,0.00774651,153.4693,0.00824212
173.20508,1.01608,173.20508,0.00775085,153.62291,0.00824212