50.0,0.0,0.0,0.0,0.0,0.0,0.0,0.0,0.0,0.0,0.0,0.0,0.0,0.0,0.0,0.0,0.0,0.0,0.0,0.0,0.0,0.0,0.0,0.0,0.0,0.0,0.0,0.0,0.0,0.0,0.0,0.0,0.0,0.0,0.0,0.0,0.0,0.0,0.0,0.0,0.0,0.0,0.0,0.0,0.0,0.0,0.0,0.0,0.0,0.0,0.0,0.0,0.0
100.0,0.002264521211745969,0.061623028526028155,0.032071787678831135,0.08919450041269462,0.04422011711233122,0.018133709783938606,0.01166449613031902,0.01750915487016269,0.036515541119338094,0.0021262731495480364,0.005207424163048717,0.0025014296633675335,0.00032526240826669827,0.021832867361474828,0.001277740942616177,0.0009037041995197093,0.005084354808751564,0.0016292942880631594,0.026600881610337548,0.0012890407669459121,0.0009348261207271377,0.0002578253070626412,0.00028952533617212996,0.00044009427250272327,0.006557157803109321,0.0005578580791506182,0.015867017433111863,0.08206937032380347,0.0009557162531219856,2.746414002538604e-05,3.293398891485841e-05,0.0008210169829603767,0.0015793421554866933,0.0010009046162010955,0.005889688937248732,0.010412576687802301,0.004334861765984298,7.923986373510039e-05,0.0002950083340346235,0.007919771204119847,0.025350670274933505,0.019206398115392445,0.011103051316532223,0.00979513916378602,0.0011673500041626719,0.0004144594007557903,0.0011289742253519119,0.0007392794300561255,8.399928569422079e-08,0.0003023817906727066,0.0006783434317004962,0.01553875967647103
150.0,0.009317673001122673,0.15381478472933144,0.10435734033991005,0.25228763624383077,0.14503462649556986,0.06966364338324545,0.04792321670418767,0.07240902468619273,0.12353708979524744,0.012488031344200375,0.026613177307786853,0.014257051335456539,0.0015979877441728507,0.07693950791071291,0.0063278600118763075,0.003986710470980281,0.020068933949836647,0.008536016640614232,0.08748420988528666,0.006933064867127113,0.005267810476293236,0.0016447904371064876,0.0018868869942683063,0.002760424838290438,0.030937309955212388,0.0033409494869939263,0.06935865130382893,0.24183257109047826,0.0057474860807769585,0.0002105114755006939,0.000275382969887091,0.005338269023600806,0.008808632194962172,0.006034244129416199,0.02673175492879998,0.04653454519417995,0.021835885416833057,0.0005942844680358033,0.0019044125940925003,0.03257337496731899,0.1018378520750894,0.08195042825571112,0.05038712882405502,0.042802880442924456,0.005353211344113471,0.0017242268507668397,0.004138255348220896,0.003869518818687328,8.300426491853841e-07,0.0015166254906473923,0.003386652495376441,0.05952648876599428
200.0,0.02265741051881141,0.25429301715766006,0.20336594461824908,0.4274408725991014,0.2769652428967618,0.15421332001962396,0.11333233068951142,0.1681324304036641,0.24249656579531467,0.0396848742380587,0.07464519091691561,0.04428011207078199,0.004732430750459037,0.1584343849197889,0.018316470493029643,0.01050377831961884,0.04658254266524915,0.02557633780832645,0.1701231625932458,0.02129663565974489,0.016806761812031345,0.005887303057019475,0.00681228579620178,0.00961654245004227,0.08228559903867297,0.011096118630633154,0.16750167322151138,0.42163437654739094,0.019138349980012466,0.0009088290528807953,0.001240805206576959,0.01872158942268599,0.027380620369298038,0.020253797691606314,0.06971020780769113,0.11735533074458478,0.061630454517186246,0.0024220532097453985,0.0068256129122807535,0.078273242026564,0.22861137105293902,0.19338983970983212,0.1266751260405353,0.10648914900981732,0.01457851925001988,0.00408088050429493,0.008842117184878538,0.011800716870896353,4.528093748377922e-06,0.004455737889626847,0.009748624582565025,0.12912119231520724
250.0,0.04289920976487801,0.3541246495780751,0.31112036327078596,0.5750408879198492,0.4085097490100736,0.25970072969130276,0.20285329085924927,0.2914907045283258,0.36746260742184084,0.09061222041476694,0.1525459300448771,0.09929643193952205,0.010993991439139487,0.25281799849798686,0.04032912423388099,0.021619260448071272,0.08348161976040509,0.057251156798732036,0.2599783050210647,0.0487827385160062,0.039736054360999654,0.015494697832601703,0.017944863401295887,0.024496008907558195,0.1624556152689526,0.02693186930837937,0.29807726569467985,0.5791325380085369,0.04649342167860343,0.0028719275109582152,0.003979395153272407,0.04701613212452828,0.06256447414840657,0.04964083868515068,0.1366021347800368,0.22019863195717107,0.12832242164292348,0.007102981942772078,0.01784776022660148,0.14374768705101085,0.38185178780821527,0.3366519311790954,0.23489432433144924,0.19850513225792252,0.030799906496315536,0.0073131339702726525,0.014619049280796222,0.027277927900160915,1.793069013418953e-05,0.010047308702723391,0.021313419557795747,0.2115428756435285
300.0,0.0701737858038778,0.4490095902477762,0.4149509617602006,0.6858376866938959,0.5211884229182141,0.3715054171950841,0.30607357377389083,0.42334769699202324,0.48185814839443514,0.16679473735764033,0.2547608542300757,0.18012300325266173,0.022008680388577895,0.3491525611016965,0.07460373396901465,0.03841038876232906,0.12825165161200208,0.10616972785248065,0.3482659204411351,0.09239967120747579,0.07732326230215515,0.03333292083875791,0.038446171960648506,0.05084387038525723,0.26556259798655657,0.0533240491331584,0.4397455809005844,0.7010554800605082,0.09188820856734321,0.007351767612541545,0.010162706461165875,0.0947981315020499,0.1172147912423759,0.09880360154442114,0.22328506488187083,0.3431668517116093,0.21982804660838481,0.016763985348100755,0.03792253799297977,0.22351442476225633,0.5336795235751759,0.48648097546666463,0.3607901646755735,0.3090211173088836,0.05575307819887866,0.011130571165438502,0.020961674349622095,0.0527934180866286,5.7294880543776996e-05,0.019254940460673574,0.03933704643739408,0.29427165783653947
350.0,0.10423465345548458,0.536249976582341,0.5086837153920404,0.7655671069320833,0.6103029483679041,0.47836692850257057,0.4120778286367972,0.5477717361906168,0.5795825137799219,0.263589344760259,0.37008118861778155,0.2811925000482552,0.03962863138882349,0.44106265630800534,0.1219671286186338,0.06180983993314422,0.17812581512770384,0.17217898951667088,0.43098471833829227,0.15276893096314426,0.13087464955089484,0.06197584385492079,0.07095944107779019,0.09106536327136261,0.3810117296676813,0.09136609548054084,0.5733867496692955,0.7902729065125663,0.156555421333762,0.016089144228408764,0.021958944933007995,0.16325577544032874,0.19074006781356212,0.16900771085282784,0.3217837965564667,0.4711187394715647,0.32843567814590685,0.03379622239446885,0.06935203921228503,0.3101147570234396,0.6651665953740923,0.6223688541083539,0.4885763678346616,0.4255829846385468,0.09072812915713323,0.015285867221601529,0.027688252346856693,0.09001078086970443,0.00015611458334603126,0.032980107827693485,0.06462529344251612,0.36988211704625046
400.0,0.14440910150891834,0.6141888799763812,0.5904100345711865,0.8229197783155019,0.678754704742787,0.5739023224859687,0.5124648866468311,0.6554986130678904,0.6604503047681918,0.3721610173665726,0.48632422812709164,0.39288200020794,0.06564641889609511,0.525469442071405,0.18163378014524623,0.09248797784745202,0.23069236866750453,0.25239843171912146,0.5064413437229822,0.22790279711007677,0.19931779035560648,0.10305805623546457,0.11688624330610048,0.1458025846870501,0.4974078498561849,0.1405424537040657,0.6874882608953973,0.8540768196244203,0.23833896832849533,0.03112996240185076,0.041689969009055985,0.249613355336999,0.27928384549711993,0.25743608621344627,0.42322744762105907,0.5909505350864845,0.44374234217591874,0.06037035201745084,0.11313457090935389,0.39628471541207316,0.7687763984073027,0.7336312782439055,0.6060825566062354,0.5372650977074728,0.13630373758429049,0.019637715647191155,0.03491865618996682,0.13937689144460877,0.00037519727536355305,0.0519440098475663,0.09741920565523411,0.43583415406686155
450.0,0.18961006931141058,0.6821092777210707,0.6603008705020916,0.8649218299665036,0.7316582585144311,0.6557003884759569,0.6022376824925443,0.7432948790660382,0.7264497179061408,0.4825862886682254,0.5938304847671477,0.5048335696223751,0.10142799491543371,0.6011030938152531,0.25138250726871936,0.1307222119614951,0.2841169959899355,0.34199574322888865,0.5738825826798272,0.3137165210333267,0.2794690054158369,0.15683668310757692,0.17598185531153054,0.21371705210365288,0.6054829074301665,0.1989913890143612,0.7780716291650617,0.899219258175243,0.33225344771526055,0.054491238397229774,0.0713551150316308,0.34795737438908597,0.37682098184869156,0.3579290011261835,0.5201941057500109,0.6942990493076816,0.5557298244057847,0.09793827986371284,0.1686966281311248,0.4764590886666025,0.8450624281135776,0.8181565225024033,0.7063942014967454,0.6367753850922782,0.19214075364473568,0.02415170382215263,0.0429806908103867,0.20001222577520986,0.0008138177190609188,0.07657509014782528,0.13735186476301614,0.49247158523875695
500.0,0.23846611781652594,0.7400977438113568,0.7193502339331115,0.8963289237132213,0.7736220773269971,0.7238128595551481,0.6793427327956464,0.8118417620959868,0.7799602974408808,0.5864532563900634,0.6868639667869537,0.6085957616311345,0.14757251737828178,0.6676242566437144,0.3280041692225153,0.17630032367459594,0.3371393831657458,0.43531340723954787,0.6330580270907479,0.40498456581208997,0.3667836516941172,0.22207614979859022,0.24636330072330553,0.2917825085144759,0.6994122028194314,0.2640397173395602,0.8462113768317641,0.9308718655072015,0.4317708595683913,0.08775674407752938,0.11216324596869524,0.4508851758355436,0.47661804242057904,0.4627041264996597,0.607796507679191,0.7777836836117646,0.6568424473374597,0.14687104485206665,0.23404533812003173,0.5473658772013806,0.8985038238211172,0.8789073748741123,0.7872198163414693,0.7206749766515634,0.25692151734203106,0.028881421211237174,0.052324910632798746,0.26986657584438967,0.0016198947753722724,0.10693204547547865,0.18349915506603354,0.5412634894596403
550.0,0.2895114867136824,0.788821565322348,0.768814344751182,0.9202100812670478,0.8079644482932928,0.779516317129295,0.743725024808596,0.8637414789441452,0.8231676020913544,0.6781909760500314,0.7633496495690469,0.6988655311070895,0.20370068785866588,0.7252165695470147,0.4078619570073865,0.2284888728635422,0.38896319343508495,0.5269490959860874,0.6841213808725686,0.4963782499315303,0.4562798887610959,0.2962544180630731,0.32487493898519115,0.37592059037556896,0.7767738604724869,0.33277136331928864,0.8954357500829558,0.9528403613880453,0.5302763881113951,0.1317121654589683,0.1642113517209754,0.5512303730981988,0.5725463195212498,0.5642432174053646,0.6836738248512689,0.8418075447761185,0.7427595049221182,0.20632760183662668,0.30621934790184474,0.6078521002351401,0.9345773341363512,0.9208081461970403,0.8494099306613998,0.7885188332245464,0.32846792172692074,0.033950424752680494,0.0634592605263547,0.346059238955373,0.002996764519157491,0.14268074200728,0.2345148747790657,0.5838127459250388
600.0,0.3413606253951746,0.829279629400852,0.8099865031636005,0.9385731003018699,0.836820947295506,0.824535472992548,0.7964376912575659,0.9021758314229216,0.8579489922498084,0.7551962365633941,0.8238136156210382,0.7734725493636053,0.2684305337776969,0.7743944410259596,0.4874192360968101,0.2860780060382873,0.43911662412261376,0.6125279258046139,0.7275662111587201,0.583300032959592,0.5433611594820742,0.3759991927262391,0.40766298164518483,0.46174783936663594,0.8377484249366031,0.4024705238331937,0.9299185746614249,0.9679266255549153,0.622232505404275,0.18611899395012385,0.2263943899597017,0.6433216761963925,0.6599432817157582,0.6566872328918847,0.7473950349922163,0.8889543030322233,0.8121370089517779,0.2743703182361295,0.38185337777241013,0.6582895850519758,0.9582571230850736,0.9488370035062554,0.8954993491303942,0.8416959050832583,0.404012906463072,0.03953927650332476,0.0768940415001156,0.4253018686283967,0.005204312952947025,0.18312761723052018,0.2888144422574961,0.6214638466176153
650.0,0.3928241864909454,0.8625912015646995,0.8441001114053235,0.952783120332019,0.8614963871284278,0.8606334363825551,0.8390069510510397,0.9301833518576249,0.8858874321951429,0.8172305458351563,0.8702231043591007,0.8326402451143494,0.33954156181205575,0.8158831460921593,0.563639072854776,0.347494533094709,0.487326955196089,0.6890773177447153,0.7641276378820431,0.6623745979454314,0.624374468320267,0.4576208745312168,0.49078819416629016,0.5452336023601262,0.8841085643156646,0.4708810672194473,0.9535118917055577,0.9781912333552495,0.7038245165748545,0.24968292698675973,0.2965553100170894,0.7235677555741196,0.7359508432345914,0.7364650998698362,0.7997287135596293,0.9226275554666868,0.8658052366364347,0.3482733473420946,0.4576935102768953,0.6998996947822691,0.9734834249722215,0.9671712186198782,0.9286195167419011,0.8824348695689483,0.4805583346814021,0.04587520286061718,0.09309048526910847,0.5043141401217504,0.008552965554344065,0.22729908179593583,0.34476399006765945,0.6552281007373584
700.0,0.4429601166938604,0.8898526297188422,0.872279152402823,0.963807829063646,0.8827879100103666,0.8894262274995611,0.8730528927820318,0.9503546556188534,0.9083041395546706,0.865575430721581,0.9050819403069238,0.8780456302544714,0.414277596826986,0.8505229529953852,0.6342166379248663,0.41096014851580454,0.5334276020634773,0.755050211930135,0.7946691133373438,0.7315930530736168,0.6968625905883242,0.5376147383022026,0.5707395545376938,0.6231500223440865,0.9183400135632881,0.5362987734134224,0.9693665521379903,0.9851303919413544,0.7730881830351813,0.32021584207645576,0.3718175166057204,0.7904406982619436,0.7994248835858138,0.8022324806051004,0.8420342618866078,0.946166264313662,0.9058518655875212,0.42493063769990497,0.530965963950956,0.7342064120657744,0.9831347244650163,0.9789771464536793,0.9518253745014164,0.9131360050458585,0.555237503137445,0.053221018892408455,0.11241352110424022,0.5801686456461639,0.013390143597988161,0.27404889628084766,0.40083989415188837,0.6858313570779466
750.0,0.4910748659573787,0.9120598563773833,0.8955129653129801,0.9723583636073695,0.9012091620568584,0.912315294130208,0.9000951224032129,0.9647607817721278,0.9262890347911379,0.9022649249090896,0.9308655308813952,0.9120050344500831,0.48971072289138123,0.8791903885627467,0.6976522775444981,0.4746643787841349,0.577300088238007,0.8101114092976306,0.8200824164995085,0.7901929800581157,0.759556075234311,0.6130422447030698,0.6447720485370261,0.6932824774654511,0.9430277570633352,0.5975485888870489,0.9798792505658823,0.98980821092879,0.8296613606724373,0.3949413680760726,0.4490048305457246,0.8440739077804857,0.850583104834989,0.8543818650439119,0.875851997154372,0.9624055713868347,0.9348526441410513,0.5012656287268279,0.5995715309751047,0.7626883938562605,0.9892019891441886,0.9865049547337347,0.9677558409925523,0.9360066158043553,0.625611846706716,0.061861191515986604,0.1350934794841064,0.6505296341682333,0.020080038868310623,0.3221735125947379,0.45573935170084834,0.7137877977743745
800.0,0.5366955143401311,0.9300788853028428,0.9146488593018789,0.9789728390331122,0.9171247964671193,0.9304766019076058,0.9214704724641751,0.9749910809564746,0.9407294763705164,0.9295295123933075,0.9497395335493359,0.9369117062815776,0.5630873956426432,0.9027393318822979,0.7532013712889938,0.5369229652075217,0.6188448672006907,0.8548120702342281,0.8412153731658948,0.8383875399380384,0.8121926473293232,0.6817505120041223,0.7110525475174441,0.7544331003153071,0.9605056412334353,0.6539029194356155,0.9867857133954122,0.9929644322184861,0.8743446390834541,0.47086669922600866,0.5250510578756418,0.885707053769111,0.8905554574431885,0.894404079528586,0.9026706545109973,0.9735473189691561,0.9553482338754697,0.5745664225506155,0.6621275773107881,0.7866099860050564,0.9930081944699084,0.9912839740138238,0.9785189827380841,0.9529103013398358,0.6898592918339099,0.07208451007420973,0.16120167451723078,0.7137749145552161,0.028978667875801382,0.37051773555824324,0.5084380333283152,0.7394641108010362
850.0,0.5795302598361547,0.9446445159970288,0.9303980956274235,0.9840679409476962,0.9308233496959053,0.9448752237292694,0.9383110379120945,0.9822314294267717,0.9523390419549483,0.9494614869409649,0.9634664368212453,0.9549201596056461,0.6320970742324618,0.9219626404670448,0.8007473969071639,0.5963000231655546,0.6579719798837541,0.8902518552839427,0.8588289140056383,0.8770462714473904,0.8552550832445719,0.7424331787488693,0.7686422837783137,0.8062823318639097,0.9727064853958465,0.7049836587250813,0.9912987614765241,0.9951028791506167,0.9086294467397028,0.5451412207212462,0.5973246187909503,0.9171527809481212,0.920957384175314,0.9243028204926842,0.9238184942279947,0.9812011379332922,0.9695578030460321,0.6427046173276307,0.7179034656346449,0.8069749641039662,0.995405796449361,0.9943203175572894,0.9857068494490544,0.9653407195606576,0.7468438855477048,0.08416417069773313,0.19064258664614375,0.769009736741507,0.040406934149149545,0.41805813478479137,0.5582018807427808,0.763126470475937
900.0,0.6194283911060279,0.9563724233742522,0.9433501890753714,0.9879718098898271,0.9425533471317149,0.9562905249314508,0.9515517649274551,0.9873486669760899,0.9616861103521231,0.9638543231869751,0.9734154895855675,0.9678151491447493,0.6950328845166222,0.9375715216570268,0.8406416330785317,0.6516830570933604,0.6946029510502975,0.9177899945837311,0.8735781575646077,0.907399427406159,0.889699561540272,0.7945656863874313,0.8173672804005166,0.8491782939540441,0.9811389811173498,0.7506727122655596,0.9942429077502142,0.996561367835636,0.9342949887429625,0.6153405197284172,0.6638294178474791,0.9403801465027247,0.9435518822483848,0.9461612512356955,0.9404275865330546,0.9864950484339519,0.9792705705246375,0.7042301011569833,0.7666983402102941,0.8245467712255954,0.9969311877409393,0.9962600074929265,0.9904714436273894,0.9744554597281591,0.7960826853136813,0.09833698894423462,0.22316243834646426,0.81599507359068,0.05462473294703063,0.4639577522026774,0.6045656956626025,0.7849726527904157
950.0,0.6563451779386013,0.9657755335922933,0.953990785307865,0.9909455201620108,0.9525395322847432,0.9653446196905318,0.9619510563454385,0.9909666571025435,0.9692208798185439,0.9741564539868225,0.9806180686492669,0.9769950055611225,0.7508423873955983,0.9501880544665292,0.8735426671820915,0.7023103599353981,0.7286773178641317,0.9388314438022668,0.8860101641964334,0.9308037947304942,0.9167197171732965,0.8382611128721608,0.8576317627422788,0.8839114006000137,0.9869310311682192,0.7910406757973937,0.9961668328127397,0.9975642270874724,0.9531180215278189,0.6796426073787522,0.7232780178837719,0.9572421152065634,0.9600208694649067,0.9618781257886982,0.9534358619306599,0.9901969641742961,0.9858480628626678,0.7583595224909482,0.8087010951830127,0.8398945609049859,0.9979160737926571,0.9975106246966314,0.9936188949179302,0.9811316130900781,0.8376412109426828,0.11478389405779402,0.2583714659864077,0.855019974650182,0.07180895910589645,0.5075913919679551,0.647292145290106,0.8051535895315373
1000.0,0.6903133164561447,0.9732801814084941,0.9627196119767909,0.9931975516784157,0.9609892500073738,0.9725302482622846,0.9701159276035711,0.9935291468930528,0.9752994510155212,0.9814892048295547,0.9858351336293528,0.983513282999807,0.799087483540711,0.9603462365480047,0.9002765163551443,0.747758141791228,0.7601595298098995,0.9546894180869452,0.8965716458167027,0.9485807802576823,0.9375670200283956,0.8740919263910057,0.8902205909772458,0.911512366157464,0.9908988939828473,0.8262937815307569,0.9974297827282621,0.9982598953016071,0.9666975369881974,0.7368917173408526,0.7750585956419394,0.9693319381708051,0.9718368324375175,0.9730447004299472,0.9636058999516451,0.9928201678933435,0.9902820017636994,0.8048897657801103,0.8443588869388344,0.853441689142237,0.9985633914626737,0.9983264438210108,0.9956986646226013,0.9860233905279204,0.8719926793421362,0.1336138438351757,0.2957756660812725,0.8867486403424271,0.09203769804281024,0.5485451839161737,0.6863228659162094,0.8237879979506557
1050.0,0.7214205899945906,0.9792403001737142,0.9698664908047502,0.9948940269616015,0.9680944092554596,0.9782360088816234,0.9765274159283274,0.9953491064261306,0.9802041559581534,0.9866939415960462,0.9896205242572055,0.9881419584244543,0.8398432180843596,0.9684978729134549,0.9217271206316007,0.787898972124343,0.7890439823378768,0.9665119004382059,0.9056215575617652,0.9619203882240643,0.9534302200484253,0.9029136120380296,0.916122105437406,0.9330929629589755,0.9936188058950485,0.856734926074242,0.9982643241617494,0.9987467765857376,0.9763733784401222,0.786566840012789,0.8191300537021764,0.9779346896985138,0.980211642087513,0.9809179286286309,0.9715493905801587,0.9947046958061584,0.9932707854614213,0.844070615534002,0.8742678895876362,0.8655063808690816,0.9989968761941974,0.9988653597820106,0.9970777926927114,0.989613345076282,0.8998716439218949,0.15485290070959298,0.33481330064822384,0.9120686323693248,0.11528202658920658,0.5865967458285466,0.7217301144123525,0.8409725737968191
1100.0,0.7497926791347204,0.9839492974228465,0.9757046288718408,0.996166432778471,0.9740317376540947,0.9827679760786362,0.9815640692446024,0.9966460869053978,0.9841599575649869,0.9903872803922387,0.9923739178839881,0.9914356960420476,0.8735666894115022,0.9750207943316495,0.9387588263841361,0.8228440241457714,0.8153573851973882,0.9752548232146591,0.9134452051876014,0.9718366635397524,0.9653661444187541,0.9257133257180987,0.9363878943153422,0.9497343713299874,0.9954899500882173,0.8827339106583001,0.9988200613586706,0.9990904939147361,0.9832101206794396,0.8286841560333444,0.855881357409533,0.9840382232355049,0.9860965177228976,0.9864483272183993,0.9777519794839883,0.9960757588346755,0.9952936633747242,0.8764661716854724,0.8990905325354728,0.8763320788903198,0.999292320349462,0.9992256295519412,0.9979979192464802,0.9922546001158075,0.9221435933416351,0.17843954567096887,0.3748917885624244,0.9319591236936445,0.14140588592934078,0.6216831756136417,0.7536740890771872,0.856789289607265
1150.0,0.7755799939247129,0.9876498448830168,0.9804611983513865,0.997117827464708,0.9789625797801382,0.9863674762693724,0.9855224935241498,0.997573732968517,0.9873472316023395,0.9930132068348044,0.9943824046346798,0.9937877846410712,0.900962311166625,0.9802278791311011,0.9521674976827288,0.8528801112421897,0.8391585248101775,0.9816852286416571,0.920267885133534,0.979158550041533,0.9742697285738627,0.9434945098281837,0.9520340388334436,0.9624187963363979,0.9967850282374815,0.9047031775021737,0.9991930980508897,0.9993351763125209,0.9880194185426985,0.8636651717275403,0.885985290877362,0.9883743240823529,0.9902105778621287,0.990331632195676,0.9825961830011776,0.9970836883256933,0.9966732132834728,0.9028262476775352,0.9194976469413114,0.8861086347306067,0.9994967392630311,0.9994689300212865,0.998616668639968,0.9942041717021559,0.939702156218272,0.20422652325706825,0.4154214886558545,0.9473895439281264,0.1701735687186705,0.6538636481396067,0.7823682824659736,0.8713107088019786
1200.0,0.7989476001394622,0.9905419683540425,0.9843256019066182,0.9978280628062404,0.9830327619599832,0.9892252635782045,0.9886346213090548,0.9982395957918772,0.9899115061501405,0.994887303563453,0.9958518653337285,0.9954748527786194,0.9228616575279903,0.9843760264045278,0.9626545563472515,0.8784097297573936,0.860535891821137,0.9864009562318538,0.9262670493044851,0.9845420920065987,0.9808707880357335,0.9571989772112561,0.9639804987715807,0.9719955669305513,0.9976885643962905,0.9230769670824106,0.9994453722586828,0.9995107726581055,0.9914002368833092,0.8921981717199958,0.9102674414761573,0.9914699387381084,0.9930813691613746,0.9930649725953948,0.986381480847951,0.9978303297485808,0.9976236812299557,0.9239800387190589,0.936131175611603,0.8949866357611577,0.9996398713414194,0.9996345229724577,0.9990364400304587,0.9956485225062035,0.953397208976988,0.23198875208278452,0.4558439989237579,0.9592513101558037,0.20126360965270546,0.6832820809966971,0.8080532774255028,0.884603849076968
1250.0,0.8200675486767551,0.9927898023853131,0.9874559307365318,0.998358267326689,0.9863727067779242,0.991492590015924,0.9910817849491657,0.9987191485033692,0.9919708057185175,0.9962319033160545,0.9969300458776903,0.996690742813221,0.9401277841032859,0.9876746283965993,0.9708177615927953,0.8998992412284509,0.8796037727595405,0.9898573227143805,0.9315826077694842,0.9884933108943929,0.9857468333060706,0.9676620134819651,0.9730212313681694,0.9791718577448427,0.9983247393813107,0.9382931802438306,0.9996170881312104,0.9996377890865105,0.9937833748482863,0.9151128116294736,0.929601591856126,0.9936966778403207,0.9950867691362714,0.9949975500007371,0.9893413605247657,0.9983860685261363,0.9982862736076128,0.9407567535396975,0.9495824002848333,0.9030870705445543,0.9997409805874865,0.999747836484137,0.9993237986914163,0.9967227604572361,0.9639914586407213,0.26143621653716376,0.4956537171019715,0.9683197250400851,0.2342873597983434,0.7101336640838717,0.8309782201222239,0.8967329209602991
1300.0,0.8391131057608825,0.9945272990054026,0.9899840809345772,0.9987546926184272,0.9890978326793857,0.9932897475689204,0.9930059200107141,0.9990655680867305,0.9936211961940553,0.9972028048443927,0.9977232293236594,0.9975712560338552,0.9535869878322862,0.9902933066568503,0.9771531301541673,0.91783759420066,0.8964973839583205,0.9923947811308244,0.936325343151353,0.9913945646509634,0.9893438349964723,0.9755932228166332,0.9798164659970752,0.9845191077139607,0.9987770016437996,0.9507780252582559,0.9997345973982155,0.99973037869842,0.9954726353209308,0.9332791191735317,0.944834814376059,0.9953129817793136,0.9964925225494726,0.9963719578671206,0.991657411839585,0.9988006458511961,0.9987538543592932,0.9539325152434815,0.9603810960575914,0.9105080118232267,0.9998128589767118,0.9998256359395775,0.9995222213785974,0.9975248376553072,0.9721400110533512,0.292230347359578,0.5344123735638375,0.9752399310803561,0.26881028637018467,0.7346374051910624,0.8513886377755258,0.9077611613022449
1350.0,0.8562545075478981,0.9958631014837124,0.9920198941589354,0.9990519665502249,0.9913092139533002,0.9947126346745929,0.9945183352145043,0.9993165033534852,0.9949410182733154,0.9979089291846842,0.9983081422878142,0.9982117784278105,0.963986178411525,0.9923687940453584,0.9820634750902373,0.9327059243848096,0.9113675454602621,0.9942642475778335,0.9405835979349036,0.9935300856245618,0.9919994312606905,0.9815753218582496,0.9848992057753048,0.9884880544312104,0.9991015603311348,0.960933792815289,0.999815359791863,0.9997983794910368,0.9966792417263641,0.9475347831772318,0.9567402118276527,0.9964972909621923,0.9974830647006069,0.9973557563791395,0.9934707368655116,0.9991099847461486,0.9990876857212617,0.9641996994263891,0.9689919527004685,0.9173294427045886,0.9998641938251688,0.9998791534140301,0.9996603293148464,0.9981259224911907,0.9783864944885406,0.3240022252382783,0.571756977549473,0.9805297551583134,0.30437405402631557,0.7570154681569533,0.8695191209912894,0.9177519310323996
1400.0,0.8716559411248361,0.9968847312225287,0.9936545841928562,0.9992757870009625,0.9930944537897173,0.9958378188422634,0.995706504814061,0.9994987398075101,0.9959941771653138,0.9984264415591123,0.9987403994104844,0.99867962040434,0.9719713746382954,0.9940109169141551,0.9858702181587693,0.9449570469602047,0.9243752990729852,0.9956486299634928,0.9444284767518613,0.99510850007302,0.9939652272218148,0.9860739603329522,0.9886895657677344,0.9914273260471748,0.9993365009896727,0.9691300031800127,0.9998710645043601,0.9998486755448046,0.9975487450348203,0.958639317753986,0.9659923578404227,0.9973727178915176,0.9981853488309719,0.9980645451879994,0.9948910229441232,0.9993405129139344,0.9993285065745733,0.9721535770779218,0.9758155867134982,0.923616916404478,0.9999009918523146,0.9999160083105754,0.9997571502604505,0.9985779041593081,0.9831697499002179,0.3563709849330622,0.6074020933377562,0.9845927448446701,0.34051766227147034,0.777479077111668,0.8855894910499216,0.9267692232954405
1450.0,0.885473504526903,0.9976621913639461,0.9949636254268399,0.9994450995702484,0.9945287159652046,0.996726469385323,0.9966393030092748,0.9996314177572754,0.9968327505150906,0.9988087246345624,0.9990604761678136,0.9990225618495223,0.9780818927464654,0.9953076847046918,0.9888261928967483,0.9550031716852854,0.9356867858026999,0.9966802264951103,0.9479178250509764,0.9962815132245165,0.9954264400171139,0.9894531535058162,0.9915123273568872,0.993602328576797,0.9995078605468308,0.9756979031439064,0.9999096074037939,0.9998861164941435,0.9981810628748363,0.967250626100836,0.9731595280304042,0.9980246503590721,0.9986864567729312,0.9985782951368606,0.9960036537695196,0.9995119409978069,0.9995037368262165,0.9782910912956199,0.9811923010149196,0.9294244470619496,0.9999274595174548,0.999941412496675,0.9998254682335261,0.9989187848876173,0.9868362418219366,0.3889610119368125,0.6411376069702768,0.9877360047891502,0.3767962702115281,0.7962201344490335,0.8998032943538464,0.9348777156657669
1500.0,0.8978539358410434,0.9982510619312718,0.9960092182068891,0.999573816125089,0.9956758602749659,0.997427442325588,0.9973710366017513,0.9997282630739096,0.9974990942892197,0.9990933403497896,0.9992979375592037,0.9992747369846504,0.9827550008276505,0.9963295358843337,0.991128012920247,0.9632099654787142,0.9454686168280021,0.9974542763599255,0.9510992319368208,0.9971587557882898,0.996518223955734,0.9919925236397719,0.9936147025981448,0.9952125697685739,0.9996336384788864,0.9809280075220159,0.9999363586424455,0.9999141439065512,0.9986448657212054,0.9739182953250463,0.9787071111188156,0.9985129248654815,0.999046174995339,0.9989526516483149,0.9968752228691425,0.9996390955039116,0.9996321093011421,0.9830172767340609,0.9854073697418685,0.9347968524608471,0.9999465660212653,0.9999589468337038,0.9998739605151991,0.999176537833781,0.9896546849940269,0.42141684941200735,0.6728232022666122,0.9901890190753475,0.4127967653120137,0.8134073958204716,0.9123477258847587,0.9421424899239441
1550.0,0.908933933545577,0.9986951442252896,0.9968424063781886,0.9996721402393839,0.9965896299814755,0.9979797238798472,0.9979445618763917,0.9997991450951829,0.9980275678608298,0.9993068556635581,0.9994744440142926,0.9994606843704907,0.9863366513747392,0.9971328198230661,0.9929272172777279,0.9698951863725,0.9538838976599889,0.9980392193442572,0.9540122755310131,0.9978192017850702,0.9973386678331514,0.9939039652229442,0.9951825867697762,0.9964065530426844,0.9997264325297982,0.9850701697310831,0.9999549878954457,0.9999352203074723,0.9989876182674856,0.979088065657446,0.9830075471252834,0.9988800569951378,0.9993057426693243,0.9992266417167318,0.9975577785033004,0.9997331712267893,0.9997266315829744,0.9866558086203644,0.98869705056053,0.9397716722661141,0.9999604161165656,0.9999710748684875,0.9999085712679948,0.9993718626573997,0.9918306155253712,0.45341510864702667,0.7023806906842058,0.9921211142446533,0.4481495648624414,0.8291859812264255,0.9233943321186208,0.9486285310573045
1600.0,0.9188399198168908,0.9990287028542518,0.997504898525395,0.9997475682726407,0.997314845124276,0.9984143816872656,0.9983937066190103,0.9998511739127138,0.9984459604932142,0.9994681768972761,0.9996059012469718,0.9995981437793058,0.9890949731437526,0.997762612722296,0.9943398455261707,0.975330372886754,0.9610889964158063,0.9984842926311708,0.9566901939956735,0.998319728681594,0.9979588059389997,0.9953464468094912,0.9963544973276023,0.9972940134338014,0.999795170362014,0.988335560842264,0.9999680102678787,0.9999511239127792,0.9992424412237241,0.9831127702216911,0.9863533135785024,0.9991567260821573,0.9994938209547145,0.9994278843637634,0.9980920809882996,0.9998026206377305,0.9997964813820459,0.9894611681604812,0.9912548034640931,0.944380736326593,0.9999705045210131,0.9999794901910248,0.9999334045938995,0.9995201554748105,0.9935196196561608,0.4846730480730878,0.7297851841386286,0.9936563848168183,0.4825365294375723,0.8436790943414191,0.9331000569494865,0.9544001027330015
1650.0,0.9276881258753469,0.9992783490299226,0.9980306309029227,0.9998056316855344,0.9978885628402997,0.9987561319444286,0.9987451637346465,0.999889479440443,0.9987766765402222,0.9995908528689602,0.9997040088257415,0.9997000006753924,0.9912342456715827,0.9982549723016187,0.9954543782069742,0.9797443899228727,0.9672310853467255,0.9988250568103422,0.9591611300427233,0.998701406429376,0.9984301291043782,0.9964384284091821,0.9972329944658069,0.9979556355251407,0.9998462525753624,0.9908999300445732,0.9999771525964177,0.9999631514646454,0.9994327306287706,0.9862661844341725,0.9889705956780528,0.9993654078944256,0.9996305148608969,0.9995761040482379,0.9985101020892588,0.9998538081658399,0.9998482280655455,0.991630782649888,0.9932373728388859,0.9486514348522233,0.9999778934016543,0.9999853549370491,0.9999513129948905,0.9996329216932833,0.9948386369435166,0.5149538138712059,0.755055905911241,0.9948857172940673,0.5156951854873696,0.8569910017925421,0.9416083628441163,0.9595200799723473
1700.0,0.9355849029499453,0.9994646063116216,0.9984471026682377,0.999850439054502,0.9983411741810455,0.9990246022071877,0.9990199803168949,0.9999177680777787,0.9990377212336048,0.9996846683826599,0.9997773833895485,0.9997756500653886,0.9929079588761064,0.9986387326658633,0.9963381438871399,0.9833279413508785,0.9724464322685431,0.9990873592278904,0.9614490644013833,0.9989940441708917,0.9987901032518273,0.9972678543075741,0.9978937241437874,0.9984505733523341,0.9998843142798718,0.9929075853482027,0.9999836019281809,0.9999722580906562,0.9995752397782377,0.9887573560310898,0.9910321969496828,0.9995227870007172,0.9997300661486432,0.9996855061846617,0.9988369477869711,0.9998915046763565,0.9998866303468346,0.9933161819309345,0.994770507531541,0.95260773238317,0.9999833378620522,0.9999894649211652,0.9999642903855506,0.9997187945100021,0.9958752087011324,0.5440685945634433,0.7782472342066259,0.9958760446182401,0.5474196843733393,0.8692105368873881,0.9490502838046478,0.964049302247372
1750.0,0.9426271835950233,0.9996031983190454,0.998776509959016,0.9998850671026978,0.9986974155415533,0.9992353501448025,0.9992347341101533,0.9999387221112919,0.9992435193409441,0.9997567498109934,0.999832378085435,0.999831962359754,0.9942302283284936,0.9989369307056173,0.997042377396453,0.9862384269288939,0.9768593776697846,0.9992901458748308,0.963574525797354,0.9992194364993103,0.9990661579595789,0.9978999455230441,0.9983923931490074,0.9988221525118784,0.9999127393522018,0.9944756400828926,0.9999881752591944,0.9999791540577411,0.9996821295666809,0.9907439443580079,0.9926689335428963,0.9996413770192162,0.9998026565072714,0.9997663950922833,0.9990923438833309,0.9999192674436569,0.9999151668047469,0.9946327048117957,0.9959541771537317,0.9562709629771361,0.9999873752077045,0.9999923642536804,0.9999737377355341,0.9997842739798358,0.9966948026593851,0.5718761222766625,0.7994403870903584,0.9966772139904007,0.5775590665543421,0.8804146023568157,0.9555453516822541,0.9680459929557635
1800.0,0.9489030357524426,0.9997060961974967,0.9990367028755175,0.9999118405077423,0.9989772810470681,0.9994006850397767,0.9994024660518249,0.9999542868371083,0.9994055928304512,0.9998123346874945,0.9998736828437709,0.9998739737115296,0.9952853002102375,0.9991679417499554,0.9976061437166575,0.9886047349214078,0.9805819053316162,0.9994474410809635,0.9655551419845311,0.9993936602631666,0.9992785342172923,0.9983831315995011,0.9987700409838608,0.9991021260386039,0.9999340133456592,0.9956981906701285,0.9999914358812186,0.9999843720857134,0.9997623371668558,0.9923438210613164,0.9939792237737348,0.9997306297197729,0.999855622131861,0.9998262879915999,0.9992917898126389,0.9999397342068816,0.9999363964148719,0.9956676155880285,0.99686720596388,0.9596604412575015,0.9999903885022656,0.999994424753756,0.9999806443524627,0.9998342672930253,0.9973464693969027,0.5982800558392134,0.8187359985456539,0.9973269359104299,0.6060134610839893,0.8906713328593039,0.9612023900573404,0.9715652752715751
1850.0,0.9544922663280266,0.9997823614124595,0.9992419875920788,0.9999325313442238,0.9991968295342624,0.9995303292018676,0.999533420834892,0.9999658769977605,0.9995331194615771,0.9998553092717186,0.9999047650979378,0.9999053833049707,0.9961351717626032,0.9993463876733177,0.9980593393484309,0.9905317225357096,0.9837136991566409,0.9995697352345013,0.9674060781276823,0.9995286904829297,0.9994423013824659,0.9987534844276968,0.9990569630888054,0.9993138126426432,0.9999499698908246,0.9966502045250134,0.9999937731838026,0.9999883145807603,0.9998224984062621,0.9936446789621727,0.9950368757216165,0.9997977128594493,0.9998942807125916,0.9998706920259642,0.9994474594456103,0.9999548506653354,0.9999522091353776,0.9964866883723257,0.9975712948811012,0.9627939213233017,0.9999926517190358,0.9999959007311271,0.9999857124706677,0.9998724867349924,0.9978671246350573,0.6232248149963545,0.8362477082188703,0.9978542687785865,0.632728847054451,0.900042730196368,0.9661201979432238,0.9746588004820879
1900.0,0.9594670425508584,0.9998388166927547,0.9994037941556861,0.9999485013462015,0.9993688857708827,0.9996319493164448,0.9996356353539534,0.999974525061836,0.9996333910607387,0.9998885854082387,0.9999281935561728,0.9999289137042421,0.9968255148955912,0.9994838671081129,0.9984249628035081,0.9921042512068162,0.9863425751150238,0.9996649567736813,0.9691403948767723,0.9996335349549564,0.9995687803594697,0.9990379890004467,0.9992755972009012,0.9994743903323764,0.9999619656088836,0.9973909924068309,0.9999954573313137,0.999991287160306,0.9998675787328156,0.9947116998590224,0.9958972362399791,0.9998480700404564,0.9999225025129926,0.9999036535941012,0.9995689076077415,0.9999660455533138,0.9999640037693361,0.9971394217940716,0.998114440029841,0.9656879325395473,0.9999943617015604,0.9999969665657285,0.9999894432968538,0.9999017449308047,0.998284741017158,0.6466904150036533,0.8520967920883525,0.9982820311562783,0.6576909525855547,0.9085866999161261,0.9703881562367278,0.9773744935451185
1950.0,0.9638925084765504,0.9998805747318129,0.9995312288419326,0.9999608039348331,0.9995036401381616,0.9997115822163498,0.9997154060789284,0.9999809875850644,0.9997121876706798,0.9999143658114686,0.9999458759213843,0.9999465729944246,0.9973901622313368,0.9995895458430635,0.99872081803083,0.9933907221003742,0.988545182410287,0.9997391550717121,0.9707693481481516,0.9997150323544057,0.9996665484492568,0.9992569355130346,0.9994426303428976,0.9995965626844476,0.9999710060855848,0.9979672126477723,0.999996676657683,0.9999935227773457,0.9999013130866077,0.9955934939127705,0.9966019366156195,0.9998858334749262,0.9999431108506656,0.9999281515994958,0.9996636262091095,0.9999743642727978,0.9999728164507491,0.9976630896075559,0.9985337836800555,0.9683580179034433,0.9999956607024587,0.9999977423402108,0.9999921966427802,0.9999241752801848,0.9986206986393596,0.6686867925624438,0.8664077947245843,0.9986284551705379,0.6809187856838836,0.9163584994427239,0.9740867894145888,0.9797564118776007
2000.0,0.9678273811173266,0.9999114507759632,0.999631528183148,0.9999702581094704,0.9996091541812744,0.9997739751424807,0.9997776598330361,0.9999858214232744,0.9997740815470507,0.9999343317621278,0.9999592332232877,0.9999598458933472,0.9978544289922967,0.9996706362385128,0.998960785209166,0.9944461079879092,0.990387879391547,0.999796983572604,0.9723026452410269,0.9997784168429971,0.9997421523765669,0.9994256611799639,0.99957052993777,0.9996897652316422,0.9999778376414522,0.9984154057931326,0.9999975631990514,0.9999951993423636,0.99992651900203,0.9963265890227851,0.9971824865823311,0.9999141342564191,0.9999581671081016,0.9999463819189246,0.9997374830570206,0.9999805699197735,0.9999794146996722,0.9980858376070624,0.9988579513809859,0.970818897188629,0.999996652230952,0.9999983112362992,0.9999942323707878,0.9999413974001771,0.9988915009364528,0.6892480327736659,0.8793050813804871,0.9989083180352921,0.7024581950018444,0.9234116598107963,0.9772883084858618,0.9818447072194486
2050.0,0.9713245161996773,0.9999342816742262,0.9997104299833137,0.9999775026763132,0.9996917813622911,0.999822856942093,0.9998262474498911,0.9999894383350387,0.9998226830106048,0.9999497767899538,0.999969327512455,0.9999698332066338,0.9982375253790475,0.9997327874630321,0.9991557658729837,0.9953145085550522,0.9919277047170698,0.9998420452876479,0.9737486668144164,0.99982772124505,0.9998006187869867,0.9995558178594021,0.9996686547252193,0.9997610379733344,0.9999830147314837,0.9987640903493203,0.9999982101131066,0.9999964527888109,0.9999453240538249,0.9969387553877417,0.9976629535529702,0.9999353387559894,0.9999691761116498,0.9999599647958827,0.9997950685372082,0.999985218906625,0.9999843668822753,0.9984290209668959,0.9991089386969608,0.9730845735981233,0.9999974121782679,0.9999987312979544,0.9999957392854085,0.9999546417899257,0.9991100202895221,0.7084268156790219,0.8909102047434758,0.9991337230199394,0.7223757593744985,0.9297984712918598,0.9800571523558035,0.9836756765427257
2100.0,0.9744314377587243,0.9999511705100667,0.999772474838198,0.9999830366641798,0.9997565132441399,0.9998611536643419,0.9998641758945681,0.9999921441483285,0.9998608384042665,0.9999617027090447,0.9999769553309341,0.999977353611911,0.9985542794120285,0.9997804032125963,0.9993143854388337,0.9960312732670985,0.9932133805241766,0.999877143287748,0.9751146608572524,0.9998660685349092,0.9998458241854208,0.9996562972015801,0.9997440616783091,0.9998156570657765,0.9999869496990007,0.9990354677292851,0.9999986835699023,0.9999973868925193,0.9999593340497471,0.9974514253213924,0.9980619339599691,0.9999512301286627,0.9999772355138553,0.9999700968233596,0.9998399695727096,0.9999887170332833,0.9999880937592561,0.9987089500389323,0.9993036138325498,0.9751683993642329,0.9999979966298945,0.9999990433701056,0.9999968553490535,0.999964844029078,0.9992864001715853,0.7262893103334125,0.9013399718984261,0.9993146491705808,0.7407532117949976,0.9355701335266694,0.9824505359915626,0.9852818860315644
2150.0,0.9771908289125849,0.9999636727147945,0.9998212499384181,0.9999872499276297,0.999807261434365,0.999891159532291,0.9998937913568312,0.9999941669324162,0.9998907888342805,0.9999708893554267,0.9999827161518842,0.9999830179575357,0.9988163505019022,0.9998168998950927,0.9994435163942854,0.9966247436464185,0.9942863001581066,0.9999044651857798,0.9764069126289214,0.9998958856297379,0.9998807668017576,0.9997339096209122,0.9998020940495017,0.999857593448936,0.9999899495990731,0.9992467913139845,0.9999990308870437,0.9999980807350359,0.9999697591572956,0.9978814293308728,0.9983939885834164,0.9999631480786408,0.9999831450973763,0.9999776626368291,0.9998749859870797,0.999991360706121,0.999990906811128,0.9989381837945396,0.9994549003495968,0.9770831127269297,0.9999984473636967,0.9999992764569767,0.9999976818958679,0.9999727160765008,0.9994287093396678,0.7429106614527494,0.9107050976093289,0.9994593501548601,0.7576825218037663,0.9407766685710275,0.9845190065087606,0.9866923517382069
2200.0,0.9796409834131893,0.9999729366616433,0.9998595852911705,0.9999904466643086,0.9998470851567419,0.9999146722147568,0.9999169233625401,0.9999956773494002,0.999914296985556,0.999977945878067,0.9999870625684241,0.999987283526288,0.9990330755970416,0.9998449156473435,0.9995486695781588,0.9971176684678896,0.9951814672179771,0.9999257212185014,0.9776308932547989,0.999919062579922,0.9999077693029533,0.9997938863440134,0.9998468120656622,0.9998898472327454,0.9999922434731415,0.9994114544631907,0.9999992861179531,0.9999985944242623,0.999977509406532,0.998242227348979,0.998670679480958,0.9999720964060913,0.9999874869879116,0.9999833170868484,0.9999023011728815,0.9999933670169431,0.9999930367219738,0.9991264824970043,0.9995726988374372,0.9788408560611077,0.9999987957359942,0.9999994513471643,0.9999982936866396,0.9999788002814674,0.9995434185912492,0.7583711429077087,0.9191093369259994,0.9995746547639172,0.7732616929822427,0.9454666850675874,0.9863070031173293,0.9879327612238646
2250.0,0.9818162191073607,0.9999798092037562,0.9998897109844405,0.9999928637127561,0.9998783735009965,0.9999330996230172,0.9999349979649549,0.9999968034403711,0.9999327480858426,0.999983348999058,0.9999903372048999,0.999990493717985,0.999212055853789,0.9998664786652383,0.9996342886687029,0.9975283432495368,0.995928364674517,0.9999422491822255,0.9787913889456886,0.9999370728254053,0.999928632010733,0.9998402538015059,0.9998813103187976,0.9999146927747553,0.9999940025433658,0.9995398481686479,0.9999994739126804,0.9999989735036503,0.9999832674135478,0.99854477472858,0.9989013155389755,0.9999788255041174,0.999990684547118,0.9999875456909368,0.9999236164947692,0.9999948955644554,0.9999946545122356,0.999281506816269,0.9996645992693187,0.9804531826306226,0.9999990654452776,0.999999583077265,0.9999987460730093,0.9999835103077891,0.9996357512857658,0.7727529957043231,0.9266490006608931,0.9996662024681324,0.787591280110133,0.9496870672086636,0.9878534138146378,0.9890257219537288
2300.0,0.9837472554088558,0.9999849144588328,0.9999133827545829,0.999994684923122,0.9999029903909735,0.9999475440605221,0.9999491264732208,0.9999976414402567,0.9999472300420782,0.9999874719713416,0.9999927999761867,0.9999929071357266,0.9993595636150119,0.9998831419189854,0.9997039736305924,0.9978715211026284,0.9965517423968654,0.999955095228448,0.9798926124606931,0.9999510651969793,0.9999447500596994,0.9998761152313825,0.9999079532254694,0.9999338593436865,0.999995355150712,0.9996400329064002,0.9999996122044023,0.9999992523603566,0.9999875438818218,0.9987981288085106,0.999093487886246,0.9999838953526977,0.9999930455572976,0.9999907090812152,0.9999402569322886,0.9999960642184411,0.9999958871798461,0.9994093301679455,0.9997364280041066,0.981931057519518,0.9999992745130711,0.9999996826172682,0.9999990801428605,0.9999871621369213,0.9997099442744256,0.7861379258017714,0.9334127694902374,0.9997386347360374,0.8007715928208357,0.9534826459940237,0.9891921205016296,0.9899910241209547
2350.0,0.985461557407978,0.9999887123436203,0.9999319819122182,0.9999960525133972,0.9999223892338426,0.9999588684099784,0.9999601748772989,0.9999982637448811,0.9999585968731877,0.9999906068015569,0.9999946483233816,0.9999947189768962,0.9994808271216082,0.9998960902219143,0.9997606518720414,0.9981591366020278,0.9970723186783698,0.9999650767128643,0.9809382982991307,0.9999619350194775,0.9999572037887042,0.9999038641746146,0.9999285508704544,0.9999486650915628,0.9999963977938423,0.9997182624800403,0.9999997140940491,0.9999994568612093,0.9999907199442597,0.9990098742763045,0.9992534555691776,0.9999877233689694,0.9999947938128575,0.9999930756663268,0.9999532539497438,0.999996960479765,0.9999968292472428,0.999514814562547,0.9997926657718013,0.9832848567070925,0.9999994367164889,0.9999997580332349,0.9999993264464307,0.9999899975478562,0.9997694451421413,0.7986052081033276,0.9394817349591381,0.9997957547097682,0.8129005275945334,0.9568958944398541,0.9903525243776456,0.9908459076742065
2400.0,0.9869836494446268,0.9999915418920295,0.9999465946317697,0.9999970760721117,0.9999377031539826,0.9999677481098622,0.9999688180796493,0.9999987248218901,0.9999675188029112,0.9999929815133917,0.9999960323231619,0.9999960768327096,0.9995802332598842,0.9999062247127524,0.9998067107063725,0.9984008785778098,0.9975073965334786,0.9999728314367693,0.9819317830844783,0.9999703794709347,0.9999668289121233,0.9999253474245069,0.9999444911427097,0.9999601169721203,0.9999972032810074,0.9997793910806986,0.9999997891838177,0.9999996063890204,0.9999930793950651,0.9991864238862511,0.9993864255647703,0.9999906205596549,0.9999960921642022,0.9999948456285594,0.9999634103718326,0.999997649660762,0.9999975512664706,0.9996018873036727,0.9998367660083153,0.9845243669816826,0.999999562634307,0.9999998152971802,0.9999995077163975,0.9999922018947789,0.9998170638893709,0.8102303253994566,0.9449296076455251,0.9998406628297232,0.8240719555115122,0.9599666740975062,0.9913600445694396,0.9916053254287249
2450.0,0.9883354009419306,0.9999936532119799,0.9999580747095865,0.9999978396999174,0.9999498157301634,0.9999747119156512,0.9999755821983037,0.9999990656248078,0.9999745217389566,0.999994773690186,0.9999970660372877,0.9999970924165692,0.999661475943817,0.9999142290336003,0.999844100956091,0.9986046420896568,0.9978713989935553,0.9999788563942001,0.9828760726232839,0.9999769408874927,0.9999742711890001,0.9999419900460247,0.9999568395643861,0.9999689856534143,0.9999978267494147,0.999827188864064,0.9999998445287911,0.9999997154116742,0.9999948331433698,0.9993332345759005,0.9994967587545844,0.9999928186958831,0.9999970592772759,0.9999961685633513,0.9999713510753836,0.999998180781962,0.999998106073028,0.9996737459376337,0.9998713968311288,0.9856587883910635,0.9999996604183652,0.9999998588571634,0.9999996408681512,0.9999939175666919,0.9998550916465185,0.8210840627756724,0.9498230436623699,0.9998758730448445,0.8343745870723766,0.9627320481765002,0.9922365845484559,0.9922821961203633
2500.0,0.9895362871231661,0.9999952310053879,0.9999670931331376,0.9999984076671424,0.9999594162739533,0.9999801738292854,0.9999808775261316,0.999999316907547,0.9999800183357742,0.9999961211738787,0.9999978360866603,0.9999978503172499,0.9997276685735402,0.9999206208048428,0.9998744188255553,0.9987768846176679,0.9981763297213536,0.9999835383189722,0.9837738971420805,0.9999820407202801,0.9999800290740574,0.9999548916449764,0.9999664150471508,0.9999758619411028,0.9999983101129847,0.9998645862437056,0.9999998853214669,0.9999997946869951,0.9999961376921983,0.9994549667511737,0.9995881241959872,0.9999944906459053,0.9999977817902557,0.9999971564620249,0.999977562529414,0.9999985908339283,0.999998533380105,0.9997330113698949,0.9998986248506828,0.986696740166373,0.9999997363678623,0.9999998920429036,0.9999997384799453,0.9999952541807858,0.9998853951353118,0.8312319768097052,0.9542220503118279,0.9999034125784493,0.8438912354104018,0.965226166999639,0.9930009626557301,0.9928876430328227
2550.0,0.9906036269801825,0.999996411851133,0.9999741771654993,0.9999988288829352,0.9999670429233659,0.9999844580877312,0.999985024186492,0.9999995017239559,0.9999843324027958,0.9999971305538602,0.9999984081612687,0.9999984145667473,0.9997814325917213,0.9999257913974832,0.999898971222912,0.9989229068454408,0.9984321663316154,0.9999871777667346,0.9846277562022834,0.9999860061771977,0.9999844869831434,0.9999649006633633,0.9999738475791791,0.9999811994402027,0.9999986853539146,0.9998938628503973,0.9999999153876463,0.9999998521841381,0.9999971090443917,0.9995556055976679,0.9996636172417772,0.999995765528952,0.9999983231129941,0.999997893286911,0.9999824235900963,0.9999989078701208,0.9999988631535986,0.9997818435075294,0.9999200548585758,0.9876462704934568,0.9999997953606966,0.9999999173574149,0.9999998098935805,0.9999962963076378,0.9999094929139057,0.8407341627184497,0.9581804399846001,0.9999249073305219,0.8526984034613674,0.9674802244160505,0.9936693047526124,0.9934312153471305
2600.0,0.9915528005766812,0.9999972968937391,0.9999797411204556,0.9999991404118557,0.999973116178763,0.9999878187063266,0.9999882720906886,0.9999996373183508,0.9999877180642849,0.9999978839144179,0.9999988319829324,0.9999988335928833,0.9998249697848173,0.9999300364754924,0.9999188283219591,0.9990470743885863,0.9986471941423711,0.9999900080742647,0.9854399547569508,0.9999890911091948,0.9999879412007434,0.9999726717752222,0.9999796222639639,0.9999853469131958,0.9999989769645146,0.9999167936492375,0.9999999375478082,0.999999893785048,0.999997833124611,0.9996385569465932,0.9997258521963034,0.9999967399741599,0.9999987297875905,0.9999984420527831,0.9999862294548547,0.9999991532633231,0.9999991180938537,0.9998220297166799,0.9999369361257274,0.9885148701050332,0.9999998411800015,0.999999936688745,0.9999998620358148,0.9999971093326832,0.9999286176179485,0.849645249697607,0.9617463083686092,0.9999416545509207,0.8608661275277173,0.9695224789351564,0.9942553985047995,0.9939210906157169
2650.0,0.9923974474895307,0.9999979611569052,0.999984110569282,0.9999993702282151,0.999977964970603,0.9999904547567424,0.9999908164568918,0.999999736557752,0.9999903747884509,0.9999984441962901,0.9999991450994794,0.9999991439698133,0.9998601230830211,0.9999335793219281,0.999934866162889,0.9991529934352622,0.9988282879272112,0.9999922102521652,0.9862126317432228,0.9999914923571955,0.9999906200131886,0.9999787102319021,0.9999841129989947,0.9999885728842923,0.9999992037645541,0.9999347619405636,0.9999999538817064,0.9999999238159839,0.9999983735608919,0.9997067258312706,0.9997770367746265,0.9999974864668394,0.9999990360835076,0.9999988500811465,0.9999892102774182,0.9999993433620391,0.9999993154640825,0.9998550534352324,0.9999502434573586,0.9893094893969678,0.9999998767630147,0.9999999514650753,0.9999999000326999,0.9999977439107842,0.9999437671802391,0.8580145635782613,0.9649625188013891,0.999954684203975,0.8684580179256752,0.9713783303877275,0.994771010016932,0.994364257759023
2700.0,0.9931496479381409,0.999998460382015,0.9999875413665522,0.9999995393625627,0.9999818469091682,0.9999925223079084,0.9999928098762345,0.999999809017379,0.9999924591709479,0.999998859448417,0.999999375790392,0.9999993732676509,0.99988842876155,0.9999365885695025,0.9999478013824088,0.9992436504756267,0.9989811487781095,0.9999939246514103,0.9869477825047689,0.9999933625186609,0.9999926993151687,0.9999834061066858,0.9999876082613343,0.9999910843846092,0.9999993802591444,0.9999488467859204,0.9999999659227956,0.9999999454483857,0.9999987774754581,0.9997625828963473,0.9998190332669787,0.9999980595271422,0.9999992673182925,0.9999991529125553,0.9999915456244168,0.9999994907146237,0.9999994684412703,0.9998821481648262,0.9999607391584627,0.9900365586040669,0.9999999043918226,0.9999999627692064,0.9999999276694977,0.9999982393584855,0.9999557471889997,0.8658864054923481,0.9678671793083401,0.9999648103381684,0.8755314461046466,0.9730704414925296,0.9952261644481933,0.9947666807418127
2750.0,0.9938200879378125,0.9999988360535308,0.9999902345962838,0.999999663565714,0.9999849640117459,0.9999941437586886,0.9999943716955357,0.9999998618028448,0.9999940941715448,0.9999991661885197,0.9999995452931377,0.9999995422225348,0.9999111618055371,0.9999391916249515,0.9999582196554815,0.999321524041546,0.9991105025579825,0.9999952600763935,0.9876472762171165,0.9999948198946793,0.9999943146763061,0.9999870607165396,0.9999903308646907,0.9999930412558312,0.9999995176578437,0.9999598906900998,0.9999999748014554,0.9999999609997848,0.9999990797821229,0.9998082218640174,0.9998534097059967,0.9999985002818645,0.9999994422601215,0.9999993772299267,0.9999933756986437,0.9999996049802371,0.9999995871178855,0.9999043405601017,0.9999690205442429,0.9907020104809642,0.9999999258402206,0.9999999714236224,0.9999999477349668,0.9999986262434656,0.9999652059952927,0.8733004046905057,0.970494102660301,0.9999726737052227,0.8821378361269607,0.9746188934342352,0.995629392873441,0.9951334436385649
2800.0,0.9944182096418785,0.9999991190965267,0.9999923483098542,0.9999997545919437,0.9999874749195354,0.9999954151333054,0.999995595316009,0.9999999001719975,0.9999953763542017,0.9999993920481233,0.9999996695080992,0.9999996663911842,0.9999293755292411,0.9999414848017911,0.9999665990636201,0.9993886745835905,0.9992202657183766,0.9999963008836311,0.9883128693536916,0.9999959562226287,0.9999955706485334,0.9999899069878907,0.9999924531051612,0.999994567078947,0.9999996246431616,0.9999685520399885,0.9999999813506568,0.9999999721586588,0.9999993063683905,0.9998454100138461,0.9998814832639863,0.9999988398485233,0.9999995748694251,0.9999995430499671,0.9999948100517706,0.9999996936113867,0.9999996792478121,0.9999224852682037,0.999975556481463,0.9913113049016253,0.9999999424871808,0.9999999780540414,0.9999999622788471,0.999998928366419,0.9999726638105121,0.8802919124558211,0.9728732427999985,0.9999787768061436,0.8883230262737143,0.9760413650982446,0.9959879480460964,0.9954688781748741
2850.0,0.9949523479077097,0.9999993326013804,0.9999940067433978,0.9999998211833102,0.9999895043924201,0.9999964117861231,0.9999965538739803,0.9999999280042213,0.999996381562874,0.9999995578443395,0.9999997603023435,0.9999997574126491,0.999943936166333,0.9999435409517506,0.9999733293364341,0.9994468172045534,0.9993136835448486,0.9999971124975465,0.9889462160898146,0.9999968426751383,0.99999654793057,0.9999921251398951,0.9999941083769406,0.9999957575340719,0.9999997079529221,0.9999753457707335,0.9999999861839882,0.9999999801517124,0.9999994764479181,0.9998756328684089,0.9999043574058043,0.9999991018431633,0.9999996755647244,0.9999996653704986,0.9999959343497086,0.9999997623686299,0.999999750804408,0.999937293422705,0.9999807155831765,0.9918694548001296,0.9999999554047561,0.9999999831371061,0.9999999728041261,0.9999991642821994,0.999978536781581,0.8868924118874214,0.9750311033570486,0.9999835124637079,0.8941276735620531,0.9773533266680996,0.9963079919131708,0.9957766750672198
2900.0,0.9954298540280159,0.9999994938350726,0.9999953075562487,0.9999998698208686,0.9999911506935606,0.9999971928646468,0.9999973046654496,0.9999999481536821,0.9999971693721593,0.9999996791941881,0.9999998265044672,0.9999998239698213,0.9999555529540121,0.9999454152048178,0.9999787277146313,0.9994973808772369,0.9993934452110536,0.9999977456872877,0.9895488764026996,0.9999975345062357,0.9999973088741433,0.9999938547529953,0.999995400084971,0.9999966868024376,0.9999997728237008,0.9999806749342093,0.9999999897532822,0.99999998586781,0.9999996042978284,0.9999001338314484,0.9999229538700143,0.999999304242274,0.9999997521455813,0.9999997554114517,0.9999968156284342,0.9999998157109947,0.9999998064000606,0.9999493561713911,0.9999847880322937,0.992381052912329,0.9999999654263052,0.9999999870363018,0.9999999804103028,0.999999348470684,0.9999831568522752,0.8931299250382411,0.9769911158092794,0.9999871869290263,0.8995876800190101,0.9785682396349257,0.996594757774611,0.9960599806070971
2950.0,0.9958572075041158,0.9999996157286322,0.9999963275161808,0.9999999052951445,0.9999924913381074,0.9999978048029674,0.9999978925951427,0.9999999627144216,0.9999977865784435,0.9999997677656676,0.9999998746616406,0.9999998725210556,0.9999648041418853,0.9999471492847483,0.9999830520334732,0.9995415569359606,0.9994617793952253,0.9999982398774477,0.9901223224931048,0.9999980746452488,0.9999979017112473,0.9999952040518547,0.9999964084876909,0.9999974124748344,0.9999998233300149,0.9999848552315539,0.9999999923911687,0.9999999899494231,0.999999700541081,0.9999199492822191,0.999938040262141,0.9999994607685821,0.9999998104679667,0.9999998215510958,0.9999975063799741,0.9999998570936691,0.9999998496031711,0.9999591642502524,0.9999880025253921,0.9928502988323425,0.9999999731995206,0.9999999900290858,0.9999999858998795,0.9999994922405718,0.999986788086594,0.8990294044527198,0.9787739862523271,0.999990038427447,0.9047346246504218,0.9796977567155917,0.9968526899100727,0.9963214799743609
3000.0,0.9962401166943275,0.9999997079792684,0.9999971269657629,0.9999999311373098,0.9999935875731897,0.9999982840579414,0.9999983528675894,0.9999999732186563,0.9999982699394966,0.999999832242001,0.9999999096138795,0.9999999078556853,0.9999721593174015,0.9999487747548352,0.9999865115116372,0.9995803389922095,0.9995205336504152,0.9999986257080226,0.9906679440324595,0.9999984964745847,0.9999983637977907,0.9999962570450295,0.9999971959547916,0.9999979793197501,0.9999998626448647,0.9999881340993614,0.9999999943424835,0.9999999928598565,0.9999997730930071,0.9999359395090388,0.9999502538606699,0.9999995819255458,0.9999998549403478,0.9999998700328484,0.9999980477317234,0.9999998891959931,0.9999998831787937,0.9999671243589447,0.9999905394659738,0.9932810259615484,0.9999999792276724,0.99999999232743,0.9999999898573115,0.9999996044289056,0.9999896400271798,0.9046131006163403,0.9803980107925377,0.9999922519414797,0.9095961892260446,0.9807519165983516,0.997085563351369,0.9965634687417719
3050.0,0.996583609140959,0.9999997778685457,0.9999977533321188,0.9999999499436153,0.9999944878732611,0.9999986592536186,0.9999987130888074,0.9999999807846165,0.9999986483252082,0.9999998790607707,0.9999999349281681,0.9999999335147147,0.9999779984233796,0.9999503154619274,0.9999892756417076,0.9996145559400643,0.9995712402255948,0.9999989270126041,0.9911870526304108,0.9999988259760083,0.9999987241024946,0.9999970790177899,0.9999978110111981,0.9999984221801842,0.999999893240603,0.9999907055756988,0.9999999957874331,0.9999999949324924,0.9999998278602401,0.9999488158134426,0.9999601221194789,0.9999996757721683,0.9999998888895396,0.9999999054988807,0.9999984719227739,0.9999999140967132,0.9999999092721401,0.999973572912109,0.999992541265004,0.9936767279949326,0.9999999839017067,0.9999999940934026,0.999999992707374,0.9999996919438312,0.9999918785779321,0.9099009003044098,0.9818793603493717,0.9999939709209471,0.9141965693655112,0.9817393297470292,0.9972965862867101,0.9967879139672203
3100.0,0.9968921123573099,0.9999998308708733,0.9999982438857754,0.9999999636184714,0.9999952306705747,0.9999989528629427,0.9999989949092439,0.9999999862263932,0.9999989444067303,0.9999999129774759,0.9999999532254438,0.9999999521084633,0.9999826278331917,0.9999517893801241,0.9999914815083656,0.999644899350256,0.9996151706064246,0.9999991623467895,0.9916808858228097,0.999999083389166,0.9999990051175874,0.9999977207606785,0.9999982914512948,0.9999987682040435,0.9999999170442978,0.99999272189242,0.9999999968586697,0.999999996406743,0.9999998692571928,0.9999591640995555,0.999968080273692,0.9999997485054046,0.9999999148315646,0.9999999313926932,0.9999988042347855,0.9999999334091065,0.9999999295490883,0.999978787612656,0.9999941204027605,0.9940405846560555,0.9999999875252293,0.9999999954510044,0.9999999947581906,0.9999997601866598,0.9999936348290789,0.9149106334333443,0.9832323361999094,0.999995306507741,0.9185568650631911,0.9826673526483717,0.9974884873652788,0.9969965061771122
3150.0,0.9971695258365941,0.9999998711068386,0.999998627909874,0.9999999735558487,0.999995846490881,0.9999991825273542,0.9999992153092899,0.9999999901352791,0.9999991759836004,0.9999999374929918,0.9999999664259719,0.9999999655556229,0.9999862938371787,0.9999532100049678,0.9999932398040132,0.9996719462740559,0.9996533806774092,0.9999993461694004,0.9921506107993271,0.9999992844938257,0.9999992243269551,0.9999982218279628,0.9999986667405547,0.9999990385642685,0.999999935558213,0.9999943025249802,0.9999999976538654,0.9999999974542174,0.9999999005881106,0.999967465260658,0.9999744864029824,0.9999998048995428,0.9999999346729502,0.9999999502624636,0.9999990644992375,0.9999999483854017,0.9999999453041644,0.9999829972009,0.9999953657525249,0.9943754864546511,0.9999999903339506,0.9999999964951751,0.999999996232867,0.9999998133806959,0.9999950121815568,0.9196583479136484,0.9844695979666561,0.9999963447675276,0.9226954468459323,0.9835422488603129,0.9976635899438905,0.9971907034357494
3200.0,0.9974192850241983,0.999999901681496,0.9999989284061944,0.9999999807741503,0.9999963596260703,0.9999993620928137,0.9999993876059822,0.9999999929398055,0.9999993570267743,0.9999999551761796,0.9999999759327836,0.9999999752625652,0.9999891938768128,0.9999545874107578,0.9999946397657542,0.9996961782674916,0.999686748095126,0.9999994897559664,0.9925973280225406,0.9999994416020084,0.9999993953356671,0.9999986130516407,0.9999989598705304,0.9999992497877389,0.9999999499534389,0.9999955412651818,0.9999999982449663,0.9999999981977127,0.9999999243300357,0.9999741126746993,0.9999796342668523,0.9999998486389081,0.9999999498608698,0.9999999639892334,0.9999992682753064,0.9999999599976219,0.9999999575437803,0.9999863896659553,0.999996347550604,0.9946840582981418,0.9999999925108183,0.9999999972986507,0.9999999972926834,0.9999998548278406,0.9999960920737078,0.9241585533160729,0.9856023659790892,0.9999971523355421,0.9266282953235263,0.9843693360093666,0.9978238750928644,0.9973717685800118
3250.0,0.9976444179708913,0.999999924937192,0.9999991634371775,0.9999999860161403,0.9999967894458704,0.9999995024235502,0.9999995222419675,0.9999999949499104,0.9999994984985959,0.9999999679062014,0.9999999827683073,0.9999999822573583,0.9999914858406732,0.9999559290549697,0.9999957532200292,0.9997179972855241,0.9997160031985702,0.9999996019058203,0.993022074835449,0.9999995643264574,0.9999995287403045,0.9999989184838975,0.9999991887940141,0.9999994147837633,0.999999961142781,0.9999965117545796,0.9999999986850004,0.9999999987249564,0.9999999423426859,0.9999794271169976,0.9999837641943813,0.9999998825706856,0.9999999614955,0.9999999739581932,0.9999994277713239,0.999999969000254,0.9999999670505731,0.9999891191553045,0.9999971213091323,0.9949686818391473,0.9999999941977908,0.9999999979171892,0.9999999980540523,0.9999998871090849,0.9999969385659285,0.9284244350160747,0.9866406000605838,0.9999977808090316,0.930369313064703,0.9851531185039442,0.9979710349633635,0.997540800582612
3300.0,0.9978475953564212,0.9999999426427818,0.9999993471817641,0.9999999898227468,0.99999715142783,0.9999996120414614,0.9999996274042267,0.9999999963893343,0.9999996089975244,0.9999999770536941,0.9999999876757609,0.9999999872895905,0.999993295709627,0.999957240392357,0.9999966378900194,0.9997377389720198,0.9997417545610154,0.9999996894900561,0.9934258291106772,0.999999660176601,0.999999632800706,0.9999991569003108,0.9999993675372771,0.9999995436414792,0.9999999698375662,0.9999972718178036,0.9999999990130802,0.9999999990985313,0.9999999560243524,0.9999836693893718,0.9999870722829589,0.9999999088976929,0.9999999704143568,0.9999999811869517,0.9999995525663475,0.9999999759788734,0.9999999744332366,0.9999913117796921,0.9999977309010506,0.9952315164849759,0.9999999955049937,0.9999999983935607,0.9999999986008882,0.9999999122413152,0.9999976019974189,0.9324680409864163,0.9875931568309717,0.9999982701550801,0.9339306085956026,0.9858974061955488,0.9981065179181196,0.9976987608950455
3350.0,0.9980311745400521,0.9999999561354265,0.999999490766151,0.9999999925874081,0.9999974579671387,0.9999996976286453,0.9999997095095498,0.9999999974193103,0.9999996952651191,0.9999999836156428,0.9999999911941344,0.9999999909044608,0.9999947238093696,0.9999585253454155,0.9999973400949925,0.9997556837751361,0.9997645101020214,0.9999997578767171,0.9938095129607997,0.9999997350213388,0.9999997139593626,0.9999993429650325,0.9999995070635088,0.9999996442491541,0.9999999765919513,0.9999978668591031,0.9999999992580798,0.9999999993630205,0.9999999664278928,0.9999870509504133,0.9999897181348889,0.99999992932582,0.9999999772557773,0.9999999864213369,0.9999996501757,0.9999999813878964,0.9999999801651837,0.9999930704799076,0.9999982109953545,0.9954745190321186,0.9999999965178386,0.9999999987605895,0.9999999989936081,0.999999931800036,0.9999981218930576,0.9363004436560265,0.9884679275916575,0.9999986513488741,0.9373227529435175,0.9866054195535913,0.9982315666441935,0.9978464955159011
3400.0,0.998197238257511,0.9999999664269815,0.9999996029174517,0.9999999945959822,0.9999977190141768,0.9999997644224276,0.9999997735856149,0.9999999981558407,0.9999997625847147,0.9999999883153747,0.9999999937134464,0.9999999934975873,0.9999958498983124,0.9999597866660488,0.9999978969490604,0.9997720662420291,0.9997846945230091,0.9999998112611542,0.9941739965038754,0.9999997934488986,0.9999997772437312,0.9999994881354358,0.999999615944185,0.9999997227759434,0.9999999818375074,0.9999983325267198,0.9999999994413382,0.999999999550146,0.9999999743471683,0.9999897428125581,0.9999918313366928,0.9999999451771181,0.9999999825068144,0.9999999902067583,0.9999997264945484,0.9999999855799,0.9999999846145823,0.9999944790972893,0.999998588981351,0.9956994619192968,0.999999997302556,0.9999999990434828,0.9999999992756672,0.9999999470154541,0.9999985292673133,0.9399318793206803,0.9892719587916062,0.9999989484130551,0.9405550095934588,0.9872798821449276,0.9983472503012337,0.9979847534331022
3450.0,0.998347628543297,0.9999999742839121,0.9999996904779829,0.9999999960559854,0.9999979425770822,0.9999998165258944,0.9999998235701986,0.9999999986822665,0.9999998150948979,0.9999999916764066,0.9999999955153369,0.9999999953554178,0.9999967372891456,0.9999610262145301,0.9999983381486586,0.9997870827865047,0.9998026637003077,0.999999852923048,0.9945201016602278,0.999999839047022,0.9999998265783934,0.9999996013655645,0.9999997008818889,0.9999997840472198,0.9999999859102136,0.9999986968043416,0.9999999995786436,0.9999999996824518,0.9999999803815587,0.9999918829493939,0.9999935168632175,0.9999999574767566,0.9999999865394525,0.9999999929412077,0.9999997861460402,0.9999999888283972,0.9999999880677088,0.9999956057692703,0.9999988864902982,0.9959079501170938,0.9999999979104935,0.9999999992616063,0.999999999478292,0.9999999588477292,0.999998848445536,0.9433718675372365,0.9900115569720165,0.9999991799925907,0.9436355390341893,0.9879231013479316,0.9984544916116482,0.9981142020007168
3500.0,0.9984839764144486,0.9999999802873866,0.9999997588098352,0.9999999971179641,0.9999981351184282,0.9999998571519939,0.9999998625461438,0.9999999990583825,0.9999998560359538,0.9999999940767829,0.9999999968027943,0.9999999966849279,0.9999974361742777,0.999962245175333,0.9999986874228409,0.9998008981746406,0.9998187165617254,0.9999998854266297,0.9948486059445303,0.9999998746213884,0.9999998650276485,0.9999996896539235,0.999999767117988,0.9999998318373667,0.9999999890715319,0.9999989816537476,0.999999999681692,0.9999999997759436,0.9999999849841976,0.9999935824327006,0.9999948595672574,0.9999999670200296,0.9999999896380458,0.999999994914515,0.9999998327546605,0.9999999913455304,0.9999999907471194,0.9999965057540251,0.9999991205993344,0.9961014366912956,0.9999999983814538,0.999999999429848,0.9999999996239076,0.9999999680458993,0.9999990985005597,0.9466293128037552,0.9906923799657854,0.9999993605703902,0.9465715792787018,0.9885370383025892,0.9985540896694116,0.9982354397323723
3550.0,0.9986077278078085,0.9999999848785123,0.9999998121130763,0.9999999978910841,0.9999983018687281,0.9999998888153863,0.9999998929258791,0.9999999993270413,0.9999998879435668,0.999999995788922,0.9999999977218579,0.999999997635383,0.9999979862995045,0.9999634442245829,0.9999989637077235,0.9998136509337275,0.9998331048829411,0.9999999107768285,0.9951602462103667,0.9999999023660694,0.9999998949843143,0.9999997584705961,0.9999998187509085,0.9999998690984502,0.999999991524857,0.9999992043055096,0.9999999997591611,0.9999999998419731,0.999999988498087,0.999994930494312,0.9999959278954605,0.9999999744240855,0.9999999920201366,0.9999999963373423,0.9999998691609433,0.9999999932958116,0.9999999928257923,0.999997223773466,0.9999993047843749,0.9962812370914301,0.9999999987462862,0.999999999559657,0.9999999997286086,0.9999999751940234,0.9999992943837834,0.9497125906563635,0.9913195159934151,0.9999995014055977,0.9493696038781994,0.9891233681195482,0.9986467391307817,0.998349006923791
3600.0,0.9987201662185988,0.9999999883924203,0.9999998536759466,0.9999999984544851,0.9999984470745308,0.9999999134831931,0.9999999165963114,0.9999999995189217,0.9999999128010177,0.9999999970087429,0.9999999983774233,0.9999999983142374,0.9999984191070452,0.9999646236602736,0.9999991820957548,0.9998254578572042,0.9998460413653593,0.9999999305411801,0.9954557223016811,0.9999999239966889,0.9999999183168439,0.9999998120906419,0.9999998589848489,0.9999998981389822,0.9999999934283534,0.9999993782734814,0.9999999998174977,0.9999999998885851,0.9999999911831787,0.9999959986839936,0.9999967769529041,0.9999999801679244,0.9999999938522768,0.9999999973625394,0.9999998975901511,0.9999999948067971,0.9999999944381397,0.9999977959510995,0.9999994496744554,0.9964485422262774,0.9999999990288972,0.9999999996598437,0.9999999998039418,0.9999999807473006,0.9999994478143857,0.9526296201241143,0.9918975521564293,0.9999996112580913,0.9520354590278538,0.9896835313562691,0.9987330463516513,0.9984553944560607
3650.0,0.9988224324447335,0.9999999910839766,0.9999998860715239,0.9999999988655344,0.9999985741950113,0.9999999326934124,0.999999935032578,0.9999999996559675,0.9999999321587245,0.9999999978768883,0.9999999988447208,0.9999999987987178,0.9999987594486774,0.9999657835037178,0.9999993546015773,0.9998364177510626,0.999857706295069,0.999999945945077,0.9957357005660774,0.9999999408545194,0.9999999364840859,0.9999998538545681,0.9999998903242902,0.9999999207637699,0.9999999949049678,0.9999995141523282,0.9999999998614995,0.9999999999214758,0.9999999932367168,0.9999968442718714,0.9999974510219826,0.9999999846233636,0.9999999952620702,0.999999998100826,0.9999999197848,0.9999999959773727,0.9999999956885778,0.9999982514101584,0.9999995636489107,0.9966044303950083,0.9999999992478119,0.9999999997371902,0.9999999998581889,0.9999999850603313,0.9999995679775783,0.9553879242912907,0.9924306336877161,0.999999696948272,0.9545744814011254,0.990218777728563,0.9988135429510892,0.998555051078245
3700.0,0.9989155417994978,0.9999999931471937,0.9999999113122477,0.9999999991658238,0.9999986860579664,0.9999999476478996,0.9999999493873275,0.9999999997538626,0.9999999472280904,0.999999998494149,0.9999999991776297,0.9999999991442433,0.9999990269520624,0.9999669235786731,0.9999994907788134,0.9998466145444329,0.9998682530310187,0.9999999579462476,0.9960008171880752,0.999999953987913,0.9999999506248697,0.9999998863719735,0.999999914726203,0.9999999383833846,0.9999999960502388,0.9999996202445439,0.9999999998947431,0.9999999999446753,0.9999999948085316,0.999997513023031,0.9999979856261733,0.999999988079031,0.9999999963473422,0.9999999986322871,0.999999937108773,0.9999999968841872,0.9999999966582007,0.9999986135878177,0.9999996533100757,0.9967498781466497,0.9999999994173834,0.9999999997969197,0.9999999998972896,0.9999999884092227,0.9999996620724322,0.9579946805326554,0.9929225151793621,0.999999763789978,0.9569915983572433,0.9907302029696451,0.9988886972074281,0.9986483894221395
3750.0,0.9990003991156401,0.9999999947299009,0.9999999309712805,0.9999999993855156,0.9999987849837664,0.9999999592853424,0.999999960560767,0.9999999998238102,0.9999999589551516,0.9999999989326429,0.99999999941469,0.9999999993905272,0.9999992371083212,0.9999680435730841,0.9999995982159466,0.999856119867893,0.999877812527752,0.9999999672930232,0.9962516813054721,0.9999999642160328,0.999999961627992,0.9999999116808425,0.9999999337191992,0.9999999520998822,0.9999999969383818,0.9999997030533957,0.9999999999198983,0.9999999999610336,0.9999999960125646,0.9999980414529359,0.9999984092158317,0.999999990758974,0.9999999971831348,0.9999999990147709,0.9999999506290996,0.9999999975866464,0.9999999974099736,0.999998901312911,0.9999997238573621,0.9968857701423479,0.9999999995487321,0.9999999998430559,0.999999999925504,0.9999999910088684,0.9999997357414114,0.9604567618167248,0.9933766048752501,0.9999998159256341,0.9592914121506069,0.9912187796829779,0.998958923630545,0.9987357909625909
3800.0,0.999077811826969,0.9999999959448437,0.9999999462777774,0.9999999995464942,0.9999988728839908,0.9999999683385079,0.9999999692555988,0.9999999998738082,0.9999999680783361,0.9999999992438959,0.9999999995834392,0.9999999995659931,0.9999994021362829,0.9999691430872256,0.9999996829343373,0.9998649951868405,0.9998864970625455,0.9999999745699348,0.9964888778783583,0.9999999721787406,0.9999999701869076,0.9999999313721912,0.9999999484968239,0.9999999627739379,0.999999997627032,0.9999997676704089,0.9999999999389624,0.9999999999725646,0.9999999969355541,0.9999984586554778,0.999998744541342,0.9999999928370997,0.9999999978270471,0.9999999992900138,0.9999999611801748,0.9999999981307861,0.9999999979927735,0.9999991296873104,0.9999997793831931,0.9970129080948578,0.9999999996504726,0.9999999998787015,0.9999999999458882,0.999999993026449,0.9999997934070348,0.9627807703176766,0.9937960029899527,0.9999998565860163,0.9614782697364049,0.9916853829645641,0.9990245910005258,0.9988176101030899
3850.0,0.9991485013794923,0.9999999968780893,0.9999999581916404,0.9999999996646495,0.9999989513400361,0.9999999753791265,0.9999999760200821,0.9999999999095653,0.9999999751737423,0.9999999994646737,0.9999999997035326,0.9999999996909605,0.999999531668275,0.999970221671174,0.9999997497071824,0.9998732935635447,0.999894403307347,0.9999999802334075,0.9967129702875583,0.9999999783756587,0.999999976842485,0.9999999466876148,0.9999999599906115,0.999999971077431,0.999999998160934,0.9999998180798815,0.9999999999534314,0.9999999999806907,0.9999999976435978,0.9999987877806732,0.9999990097686267,0.9999999944483832,0.9999999983233134,0.9999999994880974,0.9999999694141731,0.9999999985522782,0.9999999984445319,0.9999993108048535,0.9999998231070069,0.99713201885825,0.9999999997292789,0.999999999906247,0.9999999999606354,0.9999999945919738,0.999999838535676,0.964973064438468,0.9941835348984998,0.9999998882918241,0.9635563197172463,0.992130811498447,0.9990860291173806,0.9988941775376164
3900.0,0.999213113193106,0.9999999975953976,0.9999999674621367,0.9999999997515276,0.9999990216658662,0.9999999808530641,0.9999999812817719,0.9999999999351541,0.9999999806906106,0.9999999996211761,0.9999999997889875,0.9999999997799416,0.999999633293658,0.9999712788538655,0.9999998023147393,0.9998810611098755,0.9999016148614792,0.9999999846397009,0.9969245026468674,0.9999999831967534,0.9999999820164303,0.9999999585956307,0.9999999689272846,0.999999977534627,0.9999999985748175,0.9999998573981282,0.9999999999644288,0.9999999999864156,0.9999999981871132,0.9999990472262261,0.9999992193830948,0.9999999956975725,0.9999999987059212,0.9999999996306833,0.9999999758406083,0.9999999988787608,0.999999998794681,0.9999994543362797,0.9999998575602047,0.9972437617383595,0.9999999997903204,0.9999999999275382,0.9999999999713207,0.9999999958065074,0.9999998738442665,0.9670397802251882,0.9945417799342098,0.9999999130102845,0.9655295579137179,0.9925558047584997,0.9991435344679128,0.9989658030153125
3950.0,0.9992722253668194,0.9999999981470566,0.9999999746738445,0.9999999998155275,0.9999990849581833,0.999999985107865,0.9999999853739396,0.9999999999534802,0.999999984979098,0.999999999732054,0.9999999998497925,0.9999999998432906,0.9999997129891606,0.9999723141655009,0.9999998437482487,0.9998883381828063,0.9999082043408394,0.9999999880667813,0.9971240018210629,0.9999999869462785,0.999999986037418,0.9999999678514208,0.9999999758735304,0.9999999825544252,0.9999999988956325,0.9999998880613677,0.9999999999727985,0.9999999999904483,0.9999999986045948,0.999999251596193,0.9999993849204302,0.9999999966659457,0.9999999990009988,0.9999999997333584,0.9999999808573607,0.9999999991316468,0.999999999066053,0.9999995680039998,0.999999884732241,0.9973487350912725,0.9999999998376019,0.9999999999439981,0.9999999999790753,0.9999999967485874,0.99999990146226,0.9689868480440568,0.9948730964342122,0.999999932276953,0.9674018629697824,0.9929610568816958,0.9991973749831766,0.9990327776138682
4000.0,0.9993263562954599,0.9999999985715547,0.9999999802826464,0.9999999998627653,0.9999991421366216,0.9999999884143109,0.9999999885562467,0.9999999999666167,0.999999988312012,0.99999999981057,0.9999999998930615,0.9999999998883897,0.999999775459302,0.9999733271546689,0.9999998763726518,0.9998951603664546,0.9999142351025442,0.9999999907314394,0.9973119791489624,0.9999999898615155,0.9999999891615183,0.9999999750435697,0.9999999812710468,0.9999999864556018,0.9999999991442862,0.9999999119732135,0.9999999999791769,0.9999999999932886,0.9999999989254582,0.9999994124706812,0.999999515556094,0.9999999974165639,0.9999999992286417,0.9999999998073331,0.9999999847750025,0.9999999993275251,0.9999999992763554,0.9999996579665661,0.9999999061859498,0.9974474822734352,0.999999999874225,0.9999999999567246,0.9999999999847126,0.9999999974792249,0.9999999230585551,0.9708200052959038,0.9951796435845545,0.9999999472905435,0.9691770233235678,0.9933472277140785,0.9992477940323794,0.9990953756100521
4050.0,0.9993759713435344,0.9999999988983725,0.9999999846439049,0.9999999998977005,0.9999991939760049,0.9999999909832843,0.999999991030918,0.9999999999760428,0.9999999909018082,0.9999999998661462,0.999999999923857,0.9999999999204991,0.999999824405478,0.9999743174012583,0.999999902056255,0.9999015592773026,0.9999197626700925,0.9999999928026855,0.9974889318775239,0.9999999921274394,0.9999999915881571,0.9999999806306215,0.9999999854639573,0.9999999894865611,0.9999999993369967,0.9999999306204015,0.9999999999840437,0.9999999999952884,0.9999999991722016,0.999999539022645,0.9999996185798778,0.9999999979983448,0.9999999994043128,0.9999999998606657,0.9999999878358555,0.9999999994792456,0.9999999994393222,0.9999997291293338,0.9999999231485276,0.9975404970029337,0.999999999902593,0.9999999999665666,0.9999999999888181,0.9999999980458016,0.9999999399409746,0.9725448058565611,0.9954634005385963,0.9999999589868264,0.9708587567872267,0.9937149514711142,0.9992950137758316,0.9991538560210717
4100.0,0.9994214887023103,0.9999999991501098,0.9999999880345117,0.9999999999235902,0.9999992411322923,0.9999999929789499,0.9999999929553832,0.999999999982814,0.9999999929138761,0.9999999999054714,0.9999999999457814,0.9999999999433647,0.9999998627385246,0.999975284526008,0.9999999222739281,0.9999075632232729,0.9999248359126058,0.9999999944122249,0.9976553443189549,0.9999999938881886,0.9999999934725886,0.99999998496966,0.9999999887202485,0.9999999918407863,0.9999999994863413,0.9999999451635468,0.999999999987761,0.9999999999966966,0.9999999993620472,0.9999996385112931,0.999999699777184,0.9999999984492323,0.9999999995399154,0.9999999998991482,0.9999999902289175,0.9999999995967627,0.9999999995656013,0.999999785394963,0.9999999365832684,0.997628228187329,0.9999999999245662,0.9999999999741789,0.9999999999918142,0.9999999984851057,0.9999999531342486,0.9741666268536485,0.9957261832132882,0.9999999680962616,0.9724507238876915,0.9940648433993834,0.9993392379799821,0.9992084638780575
4150.0,0.9994632845389464,0.9999999993441029,0.999999990670128,0.9999999999428157,0.9999992841634956,0.9999999945290561,0.9999999944521523,0.9999999999876845,0.9999999944769177,0.9999999999332893,0.9999999999613958,0.9999999999596523,0.99999989274653,0.999976228197358,0.9999999381891433,0.9999131977422461,0.9999294980222291,0.9999999956626523,0.9978116887478846,0.9999999952560368,0.9999999949356334,0.9999999883386458,0.9999999912485299,0.999999993668919,0.9999999996020728,0.9999999565082746,0.9999999999906038,0.999999999997688,0.9999999995081867,0.9999997166761475,0.9999997637348148,0.9999999987986519,0.9999999996446157,0.999999999926942,0.9999999921015447,0.9999999996877871,0.9999999996634473,0.9999998298650193,0.9999999472460777,0.9977110842692201,0.9999999999415866,0.9999999999800676,0.9999999999940047,0.9999999988256918,0.9999999634411545,0.9756906733193249,0.9959696591073419,0.9999999751889723,0.9739565360250442,0.9943975047766865,0.9993806543811175,0.9992594312825348
4200.0,0.9995016975314945,0.9999999994936609,0.9999999927186624,0.9999999999571224,0.9999993235465823,0.9999999957329748,0.9999999956165281,0.9999999999911928,0.9999999956910504,0.999999999952963,0.9999999999725221,0.9999999999712589,0.9999999162272519,0.9999771481361326,0.9999999507191214,0.9999184860413618,0.9999337873258959,0.9999999966338537,0.9979584260597604,0.9999999963184006,0.9999999960712825,0.9999999909538612,0.9999999932111222,0.9999999950881969,0.9999999996917526,0.9999999653609457,0.9999999999927798,0.999999999998386,0.9999999996207354,0.9999997780512918,0.9999998140858037,0.9999999990694217,0.9999999997254763,0.9999999999470386,0.9999999935685875,0.9999999997582916,0.9999999997392595,0.999999865001916,0.9999999557299758,0.9977894371365837,0.9999999999547703,0.9999999999846233,0.9999999999956097,0.9999999990897199,0.9999999714904612,0.9771219811935018,0.9961953604325726,0.9999999807098604,0.9753797594083368,0.9947135265425592,0.9994194366704824,0.9993069782880011
4250.0,0.999537032870524,0.9999999996090073,0.9999999943107966,0.9999999999677909,0.9999993596911739,0.9999999966679803,0.9999999965226236,0.9999999999937232,0.9999999966341298,0.9999999999668747,0.9999999999804546,0.9999999999795341,0.9999999345925518,0.9999780441184827,0.9999999605865061,0.9999234493548278,0.9999377379611946,0.9999999973880099,0.9980960062147545,0.9999999971433192,0.9999999969526289,0.9999999929835354,0.9999999947342826,0.9999999961898255,0.9999999997612425,0.9999999722722812,0.9999999999944473,0.999999999998877,0.999999999707451,0.9999998262156241,0.9999998537051321,0.9999999992792336,0.9999999997879395,0.9999999999615877,0.9999999947195369,0.9999999998129019,0.9999999997979978,0.9999998927587748,0.99999996250011,0.9978636256409364,0.9999999999649825,0.9999999999881484,0.9999999999967883,0.9999999992943828,0.9999999777745302,0.9784654190920036,0.9964046958041126,0.9999999850060333,0.9767239156316136,0.9950134918107392,0.999455746161987,0.9993513136413773
4300.0,0.9995695657968471,0.9999999996980006,0.9999999955482051,0.9999999999757625,0.9999993929506777,0.9999999973941418,0.999999997228056,0.9999999999955517,0.999999997366681,0.9999999999767107,0.9999999999861146,0.9999999999854379,0.9999999489507203,0.999978915977419,0.9999999683603151,0.9999281072349738,0.9999413804407216,0.9999999979735027,0.9982248684936019,0.9999999977837294,0.999999997636497,0.9999999945584722,0.9999999959161788,0.9999999970447326,0.9999999998150867,0.9999999776714982,0.9999999999957261,0.9999999999992228,0.9999999997742905,0.9999998639918894,0.9999998848659497,0.9999999994418031,0.9999999998362017,0.9999999999721354,0.9999999956241057,0.9999999998552015,0.9999999998435068,0.9999999146833939,0.9999999679212894,0.9979339587625454,0.9999999999728928,0.9999999999908761,0.9999999999976557,0.9999999994530181,0.9999999826788027,0.9797256891985023,0.9965989606960863,0.9999999883482308,0.9779924796569752,0.9952979774790806,0.9994897331939343,0.9993926354129585
4350.0,0.999599544735051,0.9999999997666851,0.9999999965099681,0.9999999999817316,0.9999994236313643,0.9999999979581421,0.9999999977776062,0.9999999999968748,0.9999999979357433,0.9999999999836652,0.9999999999901563,0.9999999999896525,0.9999999601713503,0.999979763603219,0.9999999744883612,0.9999324777887388,0.9999447421248945,0.9999999984279634,0.9983454415929843,0.9999999982808042,0.9999999981670482,0.999999995780343,0.9999999968331147,0.9999999977080568,0.9999999998568067,0.9999999818930043,0.9999999999967073,0.9999999999994664,0.9999999998258293,0.9999998936047908,0.9999999093641022,0.9999999995677626,0.9999999998734991,0.9999999999797933,0.9999999963365882,0.9999999998879655,0.9999999998787653,0.9999999320013525,0.9999999722796233,0.9980007184583202,0.9999999999790202,0.999999999992987,0.9999999999982953,0.9999999995759702,0.9999999865049308,0.9809073275874616,0.996779346835971,0.9999999909475683,0.9791888758781124,0.9955675551204669,0.9995215383080446,0.9994311315383214
4400.0,0.9996271940741843,0.9999999998197117,0.9999999972575753,0.9999999999862103,0.9999994519997912,0.9999999983962496,0.9999999982060692,0.9999999999978345,0.9999999983778656,0.9999999999885821,0.9999999999930448,0.9999999999926643,0.9999999689364284,0.9999805869429274,0.9999999793228969,0.9999365778696756,0.9999478476195827,0.9999999987806532,0.9984581435884111,0.9999999986665555,0.9999999985785931,0.9999999967281491,0.9999999975443803,0.9999999982226492,0.9999999998891324,0.9999999851972619,0.9999999999974613,0.9999999999996376,0.9999999998655839,0.999999916806447,0.9999999286172627,0.9999999996653527,0.9999999999023278,0.9999999999853626,0.9999999968992639,0.9999999999133442,0.9999999999060815,0.9999999456823502,0.9999999757995164,0.9980641622246421,0.9999999999837667,0.9999999999946209,0.9999999999987682,0.9999999996712615,0.9999999894889158,0.9820147042375086,0.9969469506825931,0.9999999929686162,0.9803164728479291,0.9958227913101706,0.9995512932421958,0.9994669802913388
4450.0,0.9996527166397478,0.9999999998606625,0.9999999978388251,0.9999999999895766,0.9999994782888997,0.9999999987366351,0.9999999985404753,0.9999999999985315,0.9999999987214385,0.999999999992059,0.9999999999951115,0.9999999999948183,0.9999999757805623,0.9999813859991311,0.9999999831408817,0.9999404232338006,0.9999507191119235,0.999999999054317,0.9985633817921159,0.9999999989658669,0.9999999988977837,0.9999999974632591,0.9999999980960307,0.9999999986218016,0.9999999999141783,0.9999999877870821,0.9999999999980409,0.9999999999997583,0.999999999896259,0.999999934975842,0.9999999437437549,0.999999999740961,0.9999999999246152,0.9999999999894199,0.9999999973450517,0.9999999999330017,0.9999999999272446,0.9999999564930862,0.999999978657008,0.9981245254042767,0.9999999999874433,0.9999999999958855,0.9999999999991185,0.9999999997451123,0.9999999918153344,0.9830520229505162,0.9971027811088883,0.9999999945396232,0.9813785771687081,0.9960642475204974,0.9995791217675696,0.9995003507038414
4500.0,0.9996762958949867,0.9999999998922953,0.9999999982908636,0.9999999999921121,0.9999995027030409,0.9999999990011746,0.9999999988018187,0.9999999999990388,0.9999999989885107,0.9999999999945177,0.9999999999965918,0.9999999999963604,0.9999999811226318,0.9999821608281656,0.999999986159988,0.9999440286661304,0.9999533766552497,0.9999999992666301,0.9986615525323982,0.999999999198073,0.9999999991453141,0.9999999980333316,0.9999999985238326,0.9999999989313708,0.9999999999335845,0.9999999898203533,0.9999999999984865,0.9999999999998431,0.9999999999199353,0.9999999491975744,0.9999999556251514,0.999999999799537,0.999999999941848,0.999999999992381,0.9999999976995816,0.9999999999482285,0.9999999999436406,0.9999999650393628,0.9999999809902379,0.9981820232636226,0.9999999999902911,0.9999999999968645,0.9999999999993786,0.9999999998023452,0.9999999936284939,0.9840233213512074,0.9972477663905926,0.9999999957604997,0.9823784269634572,0.996292479692128,0.9996051403960462,0.9995314029444379
4550.0,0.9996980979042303,0.9999999999167368,0.999999998642553,0.9999999999940256,0.9999995254221339,0.9999999992068527,0.9999999990064021,0.999999999999409,0.9999999991962024,0.9999999999962569,0.9999999999976537,0.9999999999974658,0.9999999852906898,0.9999829115378719,0.9999999885512306,0.9999474080835418,0.9999558384120477,0.9999999994313232,0.9987530408792021,0.9999999993781944,0.9999999993372524,0.9999999984753687,0.9999999988555537,0.9999999991714352,0.9999999999486204,0.9999999914199672,0.9999999999988297,0.999999999999903,0.9999999999382149,0.9999999603241647,0.9999999649559419,0.9999999998449168,0.9999999999551751,0.9999999999945464,0.9999999979828079,0.999999999960023,0.9999999999563431,0.999999971799562,0.9999999829076558,0.998236852863922,0.9999999999924974,0.9999999999976223,0.9999999999995723,0.9999999998466989,0.9999999950411756,0.9849324711052314,0.9973827605854092,0.9999999967090547,0.9833191852733151,0.9965080375730371,0.9996294589796345,0.9995602886665055
4600.0,0.9997182730865345,0.9999999999356259,0.9999999989163123,0.9999999999954715,0.9999995466051241,0.9999999993668527,0.9999999991668842,0.9999999999996797,0.9999999993578047,0.9999999999974873,0.9999999999984159,0.9999999999982594,0.9999999885415359,0.9999836382850118,0.9999999904489267,0.9999505746185701,0.9999581208622179,0.9999999995590609,0.9988382203386759,0.9999999995178964,0.9999999994860683,0.9999999988180917,0.9999999991127482,0.9999999993575814,0.9999999999602707,0.999999992681563,0.9999999999990938,0.9999999999999449,0.9999999999523322,0.999999969025303,0.9999999722828925,0.9999999998800726,0.9999999999654824,0.9999999999961329,0.9999999982102674,0.9999999999691591,0.9999999999661844,0.999999977151243,0.9999999844944522,0.9982891947476499,0.9999999999942063,0.9999999999982092,0.9999999999997167,0.9999999998810715,0.9999999961414912,0.9857831784604818,0.9975085493734063,0.9999999974458643,0.9842039336584945,0.9967114638998887,0.9996521812202998,0.9995871513332412
4650.0,0.9997369577840651,0.9999999999502275,0.9999999991295546,0.9999999999965667,0.9999995663928702,0.9999999994914067,0.9999999992930921,0.9999999999998775,0.9999999994836337,0.9999999999983582,0.9999999999989643,0.9999999999988297,0.9999999910760998,0.9999843412724287,0.9999999919585428,0.9999535406879215,0.9999602389825786,0.9999999996581246,0.9989174525370825,0.9999999996262376,0.9999999996014405,0.9999999990837904,0.9999999993121431,0.9999999995019069,0.9999999999692974,0.9999999936795638,0.9999999999992973,0.9999999999999746,0.9999999999632369,0.999999975826749,0.9999999780362167,0.9999999999073071,0.9999999999734557,0.9999999999972979,0.9999999983940584,0.9999999999762359,0.999999999973809,0.9999999813922451,0.9999999858175989,0.9983392144591107,0.99999999999553,0.9999999999986635,0.9999999999998246,0.9999999999077093,0.9999999969982515,0.9865789851868242,0.9976258554180361,0.9999999980180747,0.985035666219559,0.9969032934831226,0.9996734051056557,0.9996121265259398
4700.0,0.9997542756664056,0.9999999999615163,0.999999999295801,0.9999999999973972,0.9999995849105673,0.9999999995884553,0.9999999993926549,1.000000000000023,0.9999999995816964,0.9999999999989748,0.9999999999993595,0.9999999999992403,0.9999999930515244,0.9999850207460255,0.9999999931628755,0.9999563180487818,0.9999622064024464,0.999999999734943,0.9989910869118779,0.9999999997102493,0.9999999996908778,0.9999999992897594,0.9999999994667164,0.999999999613799,0.9999999999762922,0.9999999944718825,0.9999999999994543,0.9999999999999954,0.9999999999716624,0.9999999811410286,0.9999999825542302,0.9999999999284055,0.9999999999796242,0.9999999999981551,0.9999999985436048,0.9999999999817175,0.9999999999797163,0.9999999847574165,0.9999999869297974,0.9983870639162968,0.9999999999965558,0.9999999999990153,0.9999999999999055,0.999999999928353,0.9999999976651751,0.987323269963415,0.9977353432978169,0.9999999984623673,0.9858172842018351,0.9970840522452626,0.9996932232835395,0.9996353422402068
4750.0,0.999770338989202,0.9999999999702458,0.9999999994255501,0.999999999998028,0.9999996022697877,0.9999999996641588,0.9999999994714942,1.0000000000001303,0.999999999658206,0.9999999999994116,0.9999999999996445,0.9999999999995363,0.999999994590653,0.9999856769916244,0.9999999941269148,0.9999589178454255,0.9999640355392374,0.9999999997945063,0.9990594604251009,0.9999999997753894,0.9999999997602061,0.9999999994494149,0.9999999995865363,0.9999999997005412,0.999999999981712,0.9999999951035853,0.9999999999995753,1.0000000000000102,0.9999999999781736,0.9999999852916419,0.9999999861028407,0.9999999999447495,0.9999999999843969,0.9999999999987872,0.9999999986662479,0.9999999999859641,0.9999999999842932,0.9999999874318686,0.9999999878725679,0.9984328826492778,0.9999999999973501,0.9999999999992876,0.999999999999966,0.999999999944352,0.999999998184182,0.9880192502402703,0.9978376240510859,0.9999999988072731,0.9865515912984545,0.9972542562520661,0.9997117233864128,0.9996569191736314
4800.0,0.9997852497232004,0.9999999999769975,0.9999999995269522,0.9999999999985077,0.9999996185702116,0.9999999997232966,0.9999999995342069,1.0000000000002094,0.9999999997179831,0.9999999999997211,0.9999999999998503,0.9999999999997499,0.9999999957894721,0.9999863103317591,0.9999999949016701,0.9999613506481708,0.9999657377173149,0.9999999998406862,0.9991228973115484,0.9999999998258932,0.9999999998139433,0.9999999995731644,0.9999999996794121,0.9999999997677826,0.9999999999859119,0.9999999956097443,0.9999999999996687,1.0000000000000204,0.9999999999832063,0.9999999885321397,0.9999999888909418,0.9999999999574108,0.9999999999880901,0.9999999999992545,0.9999999987677107,0.9999999999892532,0.9999999999878396,0.9999999895614609,0.9999999886786709,0.9984767989187836,0.9999999999979653,0.9999999999994983,1.0000000000000118,0.9999999999567519,0.9999999985879733,0.9886699845816136,0.9979332593699813,0.9999999990749779,0.9872412897266779,0.9974144107677326,0.9997289883147685,0.999676971007464
4850.0,0.9997991005677137,0.99999999998222,0.9999999996063338,0.9999999999988732,0.9999996339010986,0.9999999997695763,0.9999999995843613,1.0000000000002678,0.9999999997647693,0.9999999999999406,0.9999999999999997,0.9999999999999045,0.9999999967229518,0.9999869211224423,0.9999999955271781,0.9999636264863054,0.9999673232727052,0.999999999876488,0.9991817088715873,0.9999999998650466,0.9999999998555932,0.9999999996690782,0.9999999997514001,0.9999999998199063,0.9999999999891668,0.9999999960176588,0.9999999999997407,1.0000000000000278,0.9999999999870971,0.999999991061144,0.9999999910825603,0.9999999999672191,0.9999999999909482,0.9999999999996007,0.9999999988524559,0.9999999999918011,0.9999999999905875,0.9999999912610965,0.9999999893739979,0.9985189307272012,0.9999999999984419,0.9999999999996618,1.0000000000000462,0.999999999966363,0.9999999989020492,0.9892783754825778,0.9980227654747429,0.9999999992827272,0.9878889771174747,0.9975650093583258,0.9997450964872178,0.9996956046840516
4900.0,0.9998119758608529,0.9999999999862602,0.999999999668606,0.9999999999991519,0.9999996483425462,0.9999999998058741,0.999999999624727,1.0000000000003109,0.9999999998014658,1.0000000000000964,1.000000000000108,1.0000000000000167,0.9999999974496205,0.9999875097499492,0.999999996034866,0.99996575487633,0.9999688016458365,0.9999999999042419,0.9992361933159714,0.9999999998953991,0.9999999998878739,0.9999999997434148,0.9999999998071964,0.9999999998603095,0.9999999999916893,0.9999999963485847,0.9999999999997963,1.0000000000000329,0.999999999990106,0.9999999930341703,0.9999999928064369,0.9999999999748171,0.99999999999316,0.9999999999998573,0.9999999989239657,0.999999999993775,0.9999999999927166,0.9999999926212741,0.9999999899790555,0.9985593867329142,0.9999999999988114,0.9999999999997881,1.0000000000000722,0.9999999999738133,0.9999999991462868,0.9898471726378945,0.9981066166952918,0.9999999994439245,0.9884971442294411,0.9977065330616269,0.9997601220636455,0.999712920681146
4950.0,0.9998239523973713,0.9999999999893865,0.9999999997175804,0.999999999999365,0.9999996619665719,0.9999999998344199,0.9999999996574545,1.000000000000343,0.9999999998303247,1.000000000000207,1.0000000000001865,1.0000000000000981,0.999999998015153,0.9999880766276439,0.9999999964494064,0.9999677448465571,0.9999701814640596,0.9999999999257565,0.9992866356677058,0.9999999999189277,0.9999999999128922,0.9999999998010265,0.9999999998504422,0.9999999998916277,0.9999999999936449,0.999999996619075,0.9999999999998391,1.0000000000000366,0.9999999999924326,0.999999994572922,0.9999999941635751,0.9999999999807028,0.9999999999948722,1.0000000000000486,0.9999999989849601,0.9999999999953036,0.9999999999943668,0.999999993713263,0.9999999905101226,0.9985982670777572,0.9999999999990974,0.9999999999998861,1.000000000000092,0.999999999979589,0.9999999993361766,0.9903789766310502,0.9981852487836769,0.9999999995689833,0.989068173474592,0.9978394496366703,0.9997741351467422,0.9997290132836898
5000.0,0.9998351001637258,0.9999999999918056,0.9999999997562148,0.9999999999995277,0.9999996748380452,0.9999999998569445,0.9999999996842136,1.000000000000367,0.9999999998530926,1.0000000000002853,1.000000000000244,1.0000000000001574,0.9999999984551781,0.9999886221928755,0.9999999967901754,0.9999696049589314,0.9999714706154026,0.9999999999424332,0.9993333077238915,0.9999999999371658,0.9999999999322813,0.9999999998456757,0.9999999998839606,0.9999999999159039,0.9999999999951604,0.9999999968420304,0.9999999999998725,1.000000000000039,0.9999999999942321,0.9999999957725979,0.9999999952331882,0.9999999999852622,0.9999999999961975,1.000000000000191,0.9999999990375652,0.999999999996488,0.9999999999956457,0.9999999945931872,0.9999999909801587,0.998635664136322,0.9999999999993189,0.9999999999999618,1.0000000000001068,0.9999999999840672,0.9999999994837834,0.9908762430047163,0.9982590619782566,0.9999999996659928,0.9896043382248766,0.9979642129020834,0.9997872019662603,0.999743970853293
