0.00000D+00,0.40000D+01,0.00000D+00,0.10000D-01,0.00000D+00,0.10000D-01
0.17321D+00,0.39922D+01,0.17321D+00,0.10000D-01,0.15362D+00,0.10000D-01
0.34641D+00,0.39827D+01,0.34641D+00,0.10000D-01,0.30725D+00,0.10000D-01
0.51962D+00,0.39732D+01,0.51962D+00,0.10000D-01,0.46087D+00,0.10000D-01
0.69282D+00,0.39637D+01,0.69282D+00,0.10000D-01,0.61449D+00,0.10000D-01
0.86603D+00,0.39542D+01,0.86603D+00,0.10000D-01,0.76811D+00,0.10000D-01
0.10392D+01,0.39446D+01,0.10392D+01,0.10000D-01,0.92174D+00,0.10000D-01
0.12124D+01,0.39351D+01,0.12124D+01,0.10000D-01,0.10754D+01,0.10000D-01
0.13856D+01,0.39256D+01,0.13856D+01,0.10000D-01,0.12290D+01,0.10000D-01
0.15588D+01,0.39161D+01,0.15588D+01,0.10000D-01,0.13826D+01,0.10000D-01
0.17321D+01,0.39066D+01,0.17321D+01,0.10000D-01,0.15362D+01,0.10000D-01
0.19053D+01,0.38970D+01,0.19053D+01,0.10000D-01,0.16899D+01,0.10000D-01
0.20785D+01,0.38875D+01,0.20785D+01,0.10000D-01,0.18435D+01,0.10000D-01
0.22517D+01,0.38780D+01,0.22517D+01,0.10000D-01,0.19971D+01,0.10000D-01
0.24249D+01,0.38685D+01,0.24249D+01,0.10000D-01,0.21507D+01,0.10000D-01
0.25981D+01,0.38590D+01,0.25981D+01,0.10000D-01,0.23043D+01,0.10000D-01
0.27713D+01,0.38494D+01,0.27713D+01,0.10000D-01,0.24580D+01,0.10000D-01
0.29445D+01,0.38399D+01,0.29445D+01,0.10000D-01,0.26116D+01,0.10000D-01
0.31177D+01,0.38327D+01,0.31177D+01,0.10000D-01,0.27652D+01,0.10000D-01
0.32909D+01,0.38225D+01,0.32909D+01,0.10000D-01,0.29188D+01,0.10000D-01
0.34641D+01,0.38122D+01,0.34641D+01,0.10000D-01,0.30725D+01,0.10000D-01
0.36373D+01,0.38020D+01,0.36373D+01,0.10000D-01,0.32261D+01,0.10000D-01
0.38105D+01,0.37918D+01,0.38105D+01,0.10000D-01,0.33797D+01,0.10000D-01
0.39837D+01,0.37816D+01,0.39837D+01,0.10000D-01,0.35333D+01,0.10000D-01
0.41569D+01,0.37714D+01,0.41569D+01,0.10000D-01,0.36869D+01,0.10000D-01
0.43301D+01,0.37612D+01,0.43301D+01,0.10000D-01,0.38406D+01,0.10000D-01
0.45033D+01,0.37510D+01,0.45033D+01,0.10000D-01,0.39942D+01,0.10000D-01
0.46765D+01,0.37408D+01,0.46765D+01,0.10000D-01,0.41478D+01,0.10000D-01
0.48497D+01,0.37305D+01,0.48497D+01,0.10000D-01,0.43014D+01,0.10000D-01
0.50229D+01,0.37203D+01,0.50229D+01,0.10000D-01,0.44551D+01,0.10000D-01
0.51962D+01,0.37101D+01,0.51962D+01,0.10000D-01,0.46087D+01,0.10000D-01
0.53694D+01,0.36999D+01,0.53694D+01,0.10000D-01,0.47623D+01,0.10000D-01
0.55426D+01,0.36897D+01,0.55426D+01,0.10000D-01,0.49159D+01,0.10000D-01
0.57158D+01,0.36795D+01,0.57158D+01,0.10000D-01,0.50696D+01,0.10000D-01
0.58890D+01,0.36693D+01,0.58890D+01,0.10000D-01,0.52232D+01,0.10000D-01
0.60622D+01,0.36590D+01,0.60622D+01,0.10000D-01,0.53768D+01,0.10000D-01
0.62354D+01,0.36488D+01,0.62354D+01,0.10000D-01,0.55304D+01,0.10000D-01
0.64086D+01,0.36386D+01,0.64086D+01,0.10000D-01,0.56840D+01,0.10000D-01
0.65818D+01,0.36215D+01,0.65818D+01,0.10000D-01,0.58377D+01,0.10000D-01
0.67550D+01,0.36102D+01,0.67550D+01,0.10000D-01,0.59913D+01,0.10000D-01
0.69282D+01,0.35989D+01,0.69282D+01,0.10000D-01,0.61449D+01,0.10000D-01
0.71014D+01,0.35876D+01,0.71014D+01,0.10000D-01,0.62985D+01,0.10000D-01
0.72746D+01,0.35763D+01,0.72746D+01,0.10000D-01,0.64522D+01,0.10000D-01
0.74478D+01,0.35650D+01,0.74478D+01,0.10000D-01,0.66058D+01,0.10000D-01
0.76210D+01,0.35537D+01,0.76210D+01,0.10000D-01,0.67594D+01,0.10000D-01
0.77942D+01,0.35424D+01,0.77942D+01,0.10000D-01,0.69130D+01,0.10000D-01
0.79674D+01,0.35311D+01,0.79674D+01,0.10000D-01,0.70667D+01,0.10000D-01
0.81406D+01,0.35198D+01,0.81406D+01,0.10000D-01,0.72203D+01,0.10000D-01
0.83138D+01,0.35085D+01,0.83138D+01,0.10000D-01,0.73739D+01,0.10000D-01
0.84870D+01,0.34972D+01,0.84870D+01,0.10000D-01,0.75275D+01,0.10000D-01
0.86603D+01,0.34860D+01,0.86603D+01,0.10000D-01,0.76811D+01,0.10000D-01
0.88335D+01,0.34747D+01,0.88335D+01,0.10000D-01,0.78348D+01,0.10000D-01
0.90067D+01,0.34634D+01,0.90067D+01,0.10000D-01,0.79884D+01,0.10000D-01
0.91799D+01,0.34471D+01,0.91799D+01,0.10000D-01,0.81420D+01,0.10000D-01
0.93531D+01,0.34374D+01,0.93531D+01,0.10000D-01,0.82956D+01,0.10000D-01
0.95263D+01,0.34277D+01,0.95263D+01,0.10000D-01,0.84493D+01,0.10000D-01
0.96995D+01,0.34180D+01,0.96995D+01,0.10000D-01,0.86029D+01,0.10000D-01
0.98727D+01,0.34083D+01,0.98727D+01,0.10000D-01,0.87565D+01,0.10000D-01
0.10046D+02,0.33986D+01,0.10046D+02,0.10000D-01,0.89101D+01,0.10000D-01
0.10219D+02,0.33884D+01,0.10219D+02,0.10000D-01,0.90638D+01,0.10000D-01
0.10392D+02,0.33777D+01,0.10392D+02,0.10000D-01,0.92174D+01,0.10000D-01
0.10566D+02,0.33669D+01,0.10566D+02,0.10000D-01,0.93710D+01,0.10000D-01
0.10739D+02,0.33562D+01,0.10739D+02,0.10000D-01,0.95246D+01,0.10000D-01
0.10912D+02,0.33455D+01,0.10912D+02,0.10000D-01,0.96782D+01,0.10000D-01
0.11085D+02,0.33347D+01,0.11085D+02,0.10000D-01,0.98319D+01,0.10000D-01
0.11258D+02,0.33240D+01,0.11258D+02,0.10000D-01,0.99855D+01,0.10000D-01
0.11432D+02,0.33133D+01,0.11432D+02,0.10000D-01,0.10139D+02,0.10000D-01
0.11605D+02,0.33025D+01,0.11605D+02,0.10000D-01,0.10293D+02,0.10000D-01
0.11778D+02,0.32918D+01,0.11778D+02,0.10000D-01,0.10446D+02,0.10000D-01
0.11951D+02,0.32810D+01,0.11951D+02,0.10000D-01,0.10600D+02,0.10000D-01
0.12124D+02,0.32703D+01,0.12124D+02,0.10000D-01,0.10754D+02,0.10000D-01
0.12298D+02,0.32596D+01,0.12298D+02,0.10000D-01,0.10907D+02,0.10000D-01
0.12471D+02,0.32488D+01,0.12471D+02,0.10000D-01,0.11061D+02,0.10000D-01
0.12644D+02,0.32381D+01,0.12644D+02,0.10000D-01,0.11214D+02,0.10000D-01
0.12817D+02,0.32274D+01,0.12817D+02,0.10000D-01,0.11368D+02,0.10000D-01
0.12990D+02,0.32166D+01,0.12990D+02,0.10000D-01,0.11522D+02,0.10000D-01
0.13164D+02,0.32059D+01,0.13164D+02,0.10000D-01,0.11675D+02,0.10000D-01
0.13337D+02,0.31951D+01,0.13337D+02,0.10000D-01,0.11829D+02,0.10000D-01
0.13510D+02,0.31844D+01,0.13510D+02,0.10000D-01,0.11983D+02,0.10000D-01
0.13683D+02,0.31737D+01,0.13683D+02,0.10000D-01,0.12136D+02,0.10000D-01
0.13856D+02,0.31629D+01,0.13856D+02,0.10000D-01,0.12290D+02,0.10000D-01
0.14030D+02,0.31522D+01,0.14030D+02,0.10000D-01,0.12443D+02,0.10000D-01
0.14203D+02,0.31415D+01,0.14203D+02,0.10000D-01,0.12597D+02,0.10000D-01
0.14376D+02,0.31307D+01,0.14376D+02,0.10000D-01,0.12751D+02,0.10000D-01
0.14549D+02,0.31199D+01,0.14549D+02,0.10000D-01,0.12904D+02,0.10000D-01
0.14722D+02,0.31083D+01,0.14722D+02,0.10000D-01,0.13058D+02,0.10000D-01
0.14896D+02,0.30966D+01,0.14896D+02,0.10000D-01,0.13212D+02,0.10000D-01
0.15069D+02,0.30850D+01,0.15069D+02,0.10000D-01,0.13365D+02,0.10000D-01
0.15242D+02,0.30733D+01,0.15242D+02,0.10000D-01,0.13519D+02,0.10000D-01
0.15415D+02,0.30617D+01,0.15415D+02,0.10000D-01,0.13672D+02,0.10000D-01
0.15588D+02,0.30500D+01,0.15588D+02,0.10000D-01,0.13826D+02,0.10000D-01
0.15762D+02,0.30383D+01,0.15762D+02,0.10000D-01,0.13980D+02,0.10000D-01
0.15935D+02,0.30267D+01,0.15935D+02,0.10000D-01,0.14133D+02,0.10000D-01
0.16108D+02,0.30150D+01,0.16108D+02,0.10000D-01,0.14287D+02,0.10000D-01
0.16281D+02,0.30034D+01,0.16281D+02,0.10000D-01,0.14441D+02,0.10000D-01
0.16454D+02,0.29917D+01,0.16454D+02,0.10000D-01,0.14594D+02,0.10000D-01
0.16628D+02,0.29801D+01,0.16628D+02,0.10000D-01,0.14748D+02,0.10000D-01
0.16801D+02,0.29684D+01,0.16801D+02,0.10000D-01,0.14901D+02,0.10000D-01
0.16974D+02,0.29568D+01,0.16974D+02,0.10000D-01,0.15055D+02,0.10000D-01
0.17147D+02,0.29451D+01,0.17147D+02,0.10000D-01,0.15209D+02,0.10000D-01
0.17321D+02,0.29334D+01,0.17321D+02,0.10000D-01,0.15362D+02,0.10000D-01
0.17494D+02,0.29218D+01,0.17494D+02,0.10000D-01,0.15516D+02,0.10000D-01
0.17667D+02,0.29101D+01,0.17667D+02,0.10000D-01,0.15670D+02,0.10000D-01
0.17840D+02,0.28985D+01,0.17840D+02,0.10000D-01,0.15823D+02,0.10000D-01
0.18013D+02,0.28868D+01,0.18013D+02,0.10000D-01,0.15977D+02,0.10000D-01
0.18187D+02,0.28752D+01,0.18187D+02,0.10000D-01,0.16130D+02,0.10000D-01
0.18360D+02,0.28759D+01,0.18360D+02,0.10000D-01,0.16284D+02,0.99999D-02
0.18533D+02,0.28686D+01,0.18533D+02,0.10000D-01,0.16438D+02,0.99999D-02
0.18706D+02,0.28612D+01,0.18706D+02,0.10000D-01,0.16591D+02,0.99999D-02
0.18879D+02,0.28539D+01,0.18879D+02,0.10000D-01,0.16745D+02,0.99999D-02
0.19053D+02,0.28465D+01,0.19053D+02,0.10000D-01,0.16899D+02,0.99999D-02
0.19226D+02,0.28392D+01,0.19226D+02,0.10000D-01,0.17052D+02,0.99999D-02
0.19399D+02,0.28184D+01,0.19399D+02,0.10000D-01,0.17206D+02,0.99999D-02
0.19572D+02,0.28114D+01,0.19572D+02,0.10000D-01,0.17359D+02,0.99999D-02
0.19745D+02,0.28044D+01,0.19745D+02,0.10000D-01,0.17513D+02,0.99999D-02
0.19919D+02,0.27974D+01,0.19919D+02,0.10000D-01,0.17667D+02,0.99999D-02
0.20092D+02,0.27904D+01,0.20092D+02,0.10000D-01,0.17820D+02,0.99999D-02
0.20265D+02,0.27834D+01,0.20265D+02,0.10000D-01,0.17974D+02,0.99999D-02
0.20438D+02,0.27764D+01,0.20438D+02,0.10000D-01,0.18128D+02,0.99999D-02
0.20611D+02,0.27694D+01,0.20611D+02,0.10000D-01,0.18281D+02,0.99999D-02
0.20785D+02,0.27624D+01,0.20785D+02,0.10000D-01,0.18435D+02,0.99999D-02
0.20958D+02,0.27554D+01,0.20958D+02,0.10000D-01,0.18588D+02,0.99999D-02
0.21131D+02,0.27484D+01,0.21131D+02,0.10000D-01,0.18742D+02,0.99999D-02
0.21304D+02,0.27414D+01,0.21304D+02,0.10000D-01,0.18896D+02,0.99999D-02
0.21477D+02,0.27344D+01,0.21477D+02,0.10000D-01,0.19049D+02,0.99999D-02
0.21651D+02,0.27274D+01,0.21651D+02,0.10000D-01,0.19203D+02,0.99999D-02
0.21824D+02,0.27204D+01,0.21824D+02,0.10000D-01,0.19356D+02,0.99999D-02
0.21997D+02,0.27134D+01,0.21997D+02,0.10000D-01,0.19510D+02,0.99999D-02
0.22170D+02,0.27064D+01,0.22170D+02,0.10000D-01,0.19664D+02,0.99999D-02
0.22343D+02,0.26994D+01,0.22343D+02,0.10000D-01,0.19817D+02,0.99999D-02
0.22517D+02,0.26924D+01,0.22517D+02,0.10000D-01,0.19971D+02,0.99999D-02
0.22690D+02,0.26854D+01,0.22690D+02,0.10000D-01,0.20125D+02,0.99999D-02
0.22863D+02,0.26784D+01,0.22863D+02,0.10000D-01,0.20278D+02,0.99999D-02
0.23036D+02,0.26714D+01,0.23036D+02,0.10000D-01,0.20432D+02,0.99999D-02
0.23209D+02,0.26644D+01,0.23209D+02,0.10000D-01,0.20585D+02,0.99999D-02
0.23383D+02,0.26574D+01,0.23383D+02,0.10000D-01,0.20739D+02,0.99999D-02
0.23556D+02,0.26504D+01,0.23556D+02,0.10000D-01,0.20893D+02,0.99999D-02
0.23729D+02,0.26434D+01,0.23729D+02,0.10000D-01,0.21046D+02,0.99999D-02
0.23902D+02,0.26364D+01,0.23902D+02,0.10000D-01,0.21200D+02,0.99999D-02
0.24076D+02,0.26294D+01,0.24076D+02,0.10000D-01,0.21354D+02,0.99999D-02
0.24249D+02,0.26224D+01,0.24249D+02,0.10000D-01,0.21507D+02,0.99999D-02
0.24422D+02,0.26154D+01,0.24422D+02,0.10000D-01,0.21661D+02,0.99999D-02
0.24595D+02,0.26084D+01,0.24595D+02,0.10000D-01,0.21814D+02,0.99999D-02
0.24768D+02,0.26094D+01,0.24768D+02,0.10000D-01,0.21968D+02,0.99999D-02
0.24942D+02,0.26029D+01,0.24942D+02,0.10000D-01,0.22122D+02,0.99999D-02
0.25115D+02,0.25964D+01,0.25115D+02,0.10000D-01,0.22275D+02,0.99999D-02
0.25288D+02,0.25899D+01,0.25288D+02,0.10000D-01,0.22429D+02,0.99999D-02
0.25461D+02,0.25834D+01,0.25461D+02,0.10000D-01,0.22583D+02,0.99999D-02
0.25634D+02,0.25768D+01,0.25634D+02,0.10000D-01,0.22736D+02,0.99999D-02
0.25808D+02,0.25703D+01,0.25808D+02,0.10000D-01,0.22890D+02,0.99999D-02
0.25981D+02,0.25638D+01,0.25981D+02,0.10000D-01,0.23043D+02,0.99999D-02
0.26154D+02,0.25573D+01,0.26154D+02,0.10000D-01,0.23197D+02,0.99999D-02
0.26327D+02,0.25508D+01,0.26327D+02,0.10000D-01,0.23351D+02,0.99999D-02
0.26500D+02,0.25443D+01,0.26500D+02,0.10000D-01,0.23504D+02,0.99999D-02
0.26674D+02,0.25378D+01,0.26674D+02,0.10000D-01,0.23658D+02,0.99999D-02
0.26847D+02,0.25313D+01,0.26847D+02,0.10000D-01,0.23812D+02,0.99999D-02
0.27020D+02,0.25248D+01,0.27020D+02,0.10000D-01,0.23965D+02,0.99999D-02
0.27193D+02,0.25182D+01,0.27193D+02,0.10000D-01,0.24119D+02,0.99999D-02
0.27366D+02,0.25100D+01,0.27366D+02,0.10000D-01,0.24272D+02,0.99993D-02
0.27540D+02,0.25058D+01,0.27540D+02,0.10000D-01,0.24426D+02,0.99993D-02
0.27713D+02,0.25016D+01,0.27713D+02,0.10000D-01,0.24580D+02,0.99993D-02
0.27886D+02,0.24974D+01,0.27886D+02,0.10000D-01,0.24733D+02,0.99993D-02
0.28059D+02,0.24932D+01,0.28059D+02,0.10000D-01,0.24887D+02,0.99993D-02
0.28232D+02,0.24890D+01,0.28232D+02,0.10000D-01,0.25041D+02,0.99993D-02
0.28406D+02,0.24849D+01,0.28406D+02,0.10000D-01,0.25194D+02,0.99993D-02
0.28579D+02,0.24807D+01,0.28579D+02,0.10000D-01,0.25348D+02,0.99993D-02
0.28752D+02,0.24765D+01,0.28752D+02,0.10000D-01,0.25501D+02,0.99993D-02
0.28925D+02,0.24723D+01,0.28925D+02,0.10000D-01,0.25655D+02,0.99993D-02
0.29098D+02,0.24681D+01,0.29098D+02,0.10000D-01,0.25809D+02,0.99993D-02
0.29272D+02,0.24639D+01,0.29272D+02,0.10000D-01,0.25962D+02,0.99993D-02
0.29445D+02,0.24597D+01,0.29445D+02,0.10000D-01,0.26116D+02,0.99993D-02
0.29618D+02,0.24555D+01,0.29618D+02,0.10000D-01,0.26270D+02,0.99993D-02
0.29791D+02,0.24513D+01,0.29791D+02,0.10000D-01,0.26423D+02,0.99993D-02
0.29964D+02,0.24471D+01,0.29964D+02,0.10000D-01,0.26577D+02,0.99993D-02
0.30138D+02,0.24429D+01,0.30138D+02,0.10000D-01,0.26730D+02,0.99993D-02
0.30311D+02,0.24387D+01,0.30311D+02,0.10000D-01,0.26884D+02,0.99993D-02
0.30484D+02,0.24345D+01,0.30484D+02,0.10000D-01,0.27038D+02,0.99993D-02
0.30657D+02,0.24304D+01,0.30657D+02,0.10000D-01,0.27191D+02,0.99993D-02
0.30831D+02,0.24262D+01,0.30831D+02,0.10000D-01,0.27345D+02,0.99993D-02
0.31004D+02,0.24220D+01,0.31004D+02,0.10000D-01,0.27499D+02,0.99993D-02
0.31177D+02,0.24151D+01,0.31177D+02,0.10000D-01,0.27652D+02,0.99993D-02
0.31350D+02,0.24115D+01,0.31350D+02,0.10000D-01,0.27806D+02,0.99993D-02
0.31523D+02,0.24079D+01,0.31523D+02,0.10000D-01,0.27959D+02,0.99993D-02
0.31697D+02,0.24043D+01,0.31697D+02,0.10000D-01,0.28113D+02,0.99993D-02
0.31870D+02,0.24006D+01,0.31870D+02,0.10000D-01,0.28267D+02,0.99993D-02
0.32043D+02,0.23970D+01,0.32043D+02,0.10000D-01,0.28420D+02,0.99993D-02
0.32216D+02,0.23934D+01,0.32216D+02,0.10000D-01,0.28574D+02,0.99993D-02
0.32389D+02,0.23898D+01,0.32389D+02,0.10000D-01,0.28727D+02,0.99993D-02
0.32563D+02,0.23861D+01,0.32563D+02,0.10000D-01,0.28881D+02,0.99993D-02
0.32736D+02,0.23825D+01,0.32736D+02,0.10000D-01,0.29035D+02,0.99993D-02
0.32909D+02,0.23789D+01,0.32909D+02,0.10000D-01,0.29188D+02,0.99993D-02
0.33082D+02,0.23753D+01,0.33082D+02,0.10000D-01,0.29342D+02,0.99993D-02
0.33255D+02,0.23716D+01,0.33255D+02,0.10000D-01,0.29496D+02,0.99993D-02
0.33429D+02,0.23680D+01,0.33429D+02,0.10000D-01,0.29649D+02,0.99993D-02
0.33602D+02,0.23644D+01,0.33602D+02,0.10000D-01,0.29803D+02,0.99993D-02
0.33775D+02,0.23608D+01,0.33775D+02,0.10000D-01,0.29956D+02,0.99993D-02
0.33948D+02,0.23571D+01,0.33948D+02,0.10000D-01,0.30110D+02,0.99993D-02
0.34121D+02,0.23535D+01,0.34121D+02,0.10000D-01,0.30264D+02,0.99993D-02
0.34295D+02,0.23499D+01,0.34295D+02,0.10000D-01,0.30417D+02,0.99993D-02
0.34468D+02,0.23463D+01,0.34468D+02,0.10000D-01,0.30571D+02,0.99993D-02
0.34641D+02,0.23426D+01,0.34641D+02,0.10000D-01,0.30725D+02,0.99993D-02
0.34814D+02,0.23390D+01,0.34814D+02,0.10000D-01,0.30878D+02,0.99993D-02
0.34987D+02,0.23354D+01,0.34987D+02,0.10000D-01,0.31032D+02,0.99993D-02
0.35161D+02,0.23318D+01,0.35161D+02,0.10000D-01,0.31185D+02,0.99993D-02
0.35334D+02,0.23281D+01,0.35334D+02,0.10000D-01,0.31339D+02,0.99993D-02
0.35507D+02,0.23245D+01,0.35507D+02,0.10000D-01,0.31493D+02,0.99993D-02
0.35680D+02,0.23209D+01,0.35680D+02,0.10000D-01,0.31646D+02,0.99993D-02
0.35853D+02,0.23173D+01,0.35853D+02,0.10000D-01,0.31800D+02,0.99993D-02
0.36027D+02,0.23136D+01,0.36027D+02,0.10000D-01,0.31954D+02,0.99993D-02
0.36200D+02,0.23100D+01,0.36200D+02,0.10000D-01,0.32107D+02,0.99993D-02
0.36373D+02,0.23064D+01,0.36373D+02,0.10000D-01,0.32261D+02,0.99993D-02
0.36546D+02,0.23100D+01,0.36546D+02,0.99999D-02,0.32414D+02,0.99952D-02
0.36719D+02,0.23075D+01,0.36719D+02,0.99999D-02,0.32568D+02,0.99952D-02
0.36893D+02,0.23050D+01,0.36893D+02,0.99999D-02,0.32722D+02,0.99952D-02
0.37066D+02,0.23025D+01,0.37066D+02,0.99999D-02,0.32875D+02,0.99952D-02
0.37239D+02,0.23000D+01,0.37239D+02,0.99999D-02,0.33029D+02,0.99952D-02
0.37412D+02,0.22975D+01,0.37412D+02,0.99999D-02,0.33183D+02,0.99952D-02
0.37586D+02,0.22951D+01,0.37586D+02,0.99999D-02,0.33336D+02,0.99952D-02
0.37759D+02,0.22926D+01,0.37759D+02,0.99999D-02,0.33490D+02,0.99952D-02
0.37932D+02,0.22901D+01,0.37932D+02,0.99999D-02,0.33643D+02,0.99952D-02
0.38105D+02,0.22876D+01,0.38105D+02,0.99999D-02,0.33797D+02,0.99952D-02
0.38278D+02,0.22851D+01,0.38278D+02,0.99999D-02,0.33951D+02,0.99952D-02
0.38452D+02,0.22826D+01,0.38452D+02,0.99999D-02,0.34104D+02,0.99952D-02
0.38625D+02,0.22749D+01,0.38625D+02,0.99992D-02,0.34258D+02,0.99952D-02
0.38798D+02,0.22728D+01,0.38798D+02,0.99992D-02,0.34412D+02,0.99952D-02
0.38971D+02,0.22708D+01,0.38971D+02,0.99992D-02,0.34565D+02,0.99952D-02
0.39144D+02,0.22687D+01,0.39144D+02,0.99992D-02,0.34719D+02,0.99952D-02
0.39318D+02,0.22667D+01,0.39318D+02,0.99992D-02,0.34872D+02,0.99952D-02
0.39491D+02,0.22646D+01,0.39491D+02,0.99992D-02,0.35026D+02,0.99952D-02
0.39664D+02,0.22626D+01,0.39664D+02,0.99992D-02,0.35180D+02,0.99952D-02
0.39837D+02,0.22605D+01,0.39837D+02,0.99992D-02,0.35333D+02,0.99952D-02
0.40010D+02,0.22585D+01,0.40010D+02,0.99992D-02,0.35487D+02,0.99952D-02
0.40184D+02,0.22564D+01,0.40184D+02,0.99992D-02,0.35641D+02,0.99952D-02
0.40357D+02,0.22544D+01,0.40357D+02,0.99992D-02,0.35794D+02,0.99952D-02
0.40530D+02,0.22523D+01,0.40530D+02,0.99992D-02,0.35948D+02,0.99952D-02
0.40703D+02,0.22503D+01,0.40703D+02,0.99992D-02,0.36101D+02,0.99952D-02
0.40876D+02,0.22482D+01,0.40876D+02,0.99992D-02,0.36255D+02,0.99952D-02
0.41050D+02,0.22462D+01,0.41050D+02,0.99992D-02,0.36409D+02,0.99952D-02
0.41223D+02,0.22441D+01,0.41223D+02,0.99992D-02,0.36562D+02,0.99952D-02
0.41396D+02,0.22421D+01,0.41396D+02,0.99992D-02,0.36716D+02,0.99952D-02
0.41569D+02,0.22400D+01,0.41569D+02,0.99992D-02,0.36869D+02,0.99952D-02
0.41742D+02,0.22380D+01,0.41742D+02,0.99992D-02,0.37023D+02,0.99952D-02
0.41916D+02,0.22359D+01,0.41916D+02,0.99992D-02,0.37177D+02,0.99952D-02
0.42089D+02,0.22339D+01,0.42089D+02,0.99992D-02,0.37330D+02,0.99952D-02
0.42262D+02,0.22318D+01,0.42262D+02,0.99992D-02,0.37484D+02,0.99952D-02
0.42435D+02,0.22297D+01,0.42435D+02,0.99992D-02,0.37638D+02,0.99952D-02
0.42608D+02,0.22277D+01,0.42608D+02,0.99992D-02,0.37791D+02,0.99952D-02
0.42782D+02,0.22256D+01,0.42782D+02,0.99992D-02,0.37945D+02,0.99952D-02
0.42955D+02,0.22236D+01,0.42955D+02,0.99992D-02,0.38098D+02,0.99952D-02
0.43128D+02,0.22215D+01,0.43128D+02,0.99992D-02,0.38252D+02,0.99952D-02
0.43301D+02,0.22195D+01,0.43301D+02,0.99992D-02,0.38406D+02,0.99952D-02
0.43474D+02,0.22174D+01,0.43474D+02,0.99992D-02,0.38559D+02,0.99952D-02
0.43648D+02,0.22154D+01,0.43648D+02,0.99992D-02,0.38713D+02,0.99952D-02
0.43821D+02,0.22133D+01,0.43821D+02,0.99992D-02,0.38867D+02,0.99952D-02
0.43994D+02,0.22113D+01,0.43994D+02,0.99992D-02,0.39020D+02,0.99952D-02
0.44167D+02,0.22092D+01,0.44167D+02,0.99992D-02,0.39174D+02,0.99952D-02
0.44341D+02,0.22072D+01,0.44341D+02,0.99992D-02,0.39327D+02,0.99952D-02
0.44514D+02,0.22051D+01,0.44514D+02,0.99992D-02,0.39481D+02,0.99952D-02
0.44687D+02,0.22031D+01,0.44687D+02,0.99992D-02,0.39635D+02,0.99952D-02
0.44860D+02,0.22010D+01,0.44860D+02,0.99992D-02,0.39788D+02,0.99952D-02
0.45033D+02,0.21990D+01,0.45033D+02,0.99992D-02,0.39942D+02,0.99952D-02
0.45207D+02,0.21969D+01,0.45207D+02,0.99992D-02,0.40096D+02,0.99952D-02
0.45380D+02,0.21949D+01,0.45380D+02,0.99992D-02,0.40249D+02,0.99952D-02
0.45553D+02,0.21928D+01,0.45553D+02,0.99992D-02,0.40403D+02,0.99952D-02
0.45726D+02,0.21969D+01,0.45726D+02,0.99864D-02,0.40556D+02,0.99779D-02
0.45899D+02,0.21954D+01,0.45899D+02,0.99864D-02,0.40710D+02,0.99779D-02
0.46073D+02,0.21939D+01,0.46073D+02,0.99864D-02,0.40864D+02,0.99779D-02
0.46246D+02,0.21925D+01,0.46246D+02,0.99864D-02,0.41017D+02,0.99779D-02
0.46419D+02,0.21910D+01,0.46419D+02,0.99864D-02,0.41171D+02,0.99779D-02
0.46592D+02,0.21895D+01,0.46592D+02,0.99864D-02,0.41325D+02,0.99779D-02
0.46765D+02,0.21880D+01,0.46765D+02,0.99864D-02,0.41478D+02,0.99779D-02
0.46939D+02,0.21865D+01,0.46939D+02,0.99864D-02,0.41632D+02,0.99779D-02
0.47112D+02,0.21850D+01,0.47112D+02,0.99864D-02,0.41785D+02,0.99779D-02
0.47285D+02,0.21795D+01,0.47285D+02,0.99480D-02,0.41939D+02,0.99779D-02
0.47458D+02,0.21783D+01,0.47458D+02,0.99480D-02,0.42093D+02,0.99779D-02
0.47631D+02,0.21772D+01,0.47631D+02,0.99480D-02,0.42246D+02,0.99779D-02
0.47805D+02,0.21760D+01,0.47805D+02,0.99480D-02,0.42400D+02,0.99779D-02
0.47978D+02,0.21748D+01,0.47978D+02,0.99480D-02,0.42554D+02,0.99779D-02
0.48151D+02,0.21736D+01,0.48151D+02,0.99480D-02,0.42707D+02,0.99779D-02
0.48324D+02,0.21724D+01,0.48324D+02,0.99480D-02,0.42861D+02,0.99779D-02
0.48497D+02,0.21712D+01,0.48497D+02,0.99480D-02,0.43014D+02,0.99779D-02
0.48671D+02,0.21701D+01,0.48671D+02,0.99480D-02,0.43168D+02,0.99779D-02
0.48844D+02,0.21689D+01,0.48844D+02,0.99480D-02,0.43322D+02,0.99779D-02
0.49017D+02,0.21677D+01,0.49017D+02,0.99480D-02,0.43475D+02,0.99779D-02
0.49190D+02,0.21665D+01,0.49190D+02,0.99480D-02,0.43629D+02,0.99779D-02
0.49363D+02,0.21653D+01,0.49363D+02,0.99480D-02,0.43783D+02,0.99779D-02
0.49537D+02,0.21641D+01,0.49537D+02,0.99480D-02,0.43936D+02,0.99779D-02
0.49710D+02,0.21630D+01,0.49710D+02,0.99480D-02,0.44090D+02,0.99779D-02
0.49883D+02,0.21618D+01,0.49883D+02,0.99480D-02,0.44243D+02,0.99779D-02
0.50056D+02,0.21606D+01,0.50056D+02,0.99480D-02,0.44397D+02,0.99779D-02
0.50229D+02,0.21594D+01,0.50229D+02,0.99480D-02,0.44551D+02,0.99779D-02
0.50403D+02,0.21582D+01,0.50403D+02,0.99480D-02,0.44704D+02,0.99779D-02
0.50576D+02,0.21570D+01,0.50576D+02,0.99480D-02,0.44858D+02,0.99779D-02
0.50749D+02,0.21559D+01,0.50749D+02,0.99480D-02,0.45012D+02,0.99779D-02
0.50922D+02,0.21547D+01,0.50922D+02,0.99480D-02,0.45165D+02,0.99779D-02
0.51095D+02,0.21535D+01,0.51095D+02,0.99480D-02,0.45319D+02,0.99779D-02
0.51269D+02,0.21523D+01,0.51269D+02,0.99480D-02,0.45472D+02,0.99779D-02
0.51442D+02,0.21511D+01,0.51442D+02,0.99480D-02,0.45626D+02,0.99779D-02
0.51615D+02,0.21499D+01,0.51615D+02,0.99480D-02,0.45780D+02,0.99779D-02
0.51788D+02,0.21488D+01,0.51788D+02,0.99480D-02,0.45933D+02,0.99779D-02
0.51962D+02,0.21476D+01,0.51962D+02,0.99480D-02,0.46087D+02,0.99779D-02
0.52135D+02,0.21464D+01,0.52135D+02,0.99480D-02,0.46240D+02,0.99779D-02
0.52308D+02,0.21452D+01,0.52308D+02,0.99480D-02,0.46394D+02,0.99779D-02
0.52481D+02,0.21440D+01,0.52481D+02,0.99480D-02,0.46548D+02,0.99779D-02
0.52654D+02,0.21428D+01,0.52654D+02,0.99480D-02,0.46701D+02,0.99779D-02
0.52828D+02,0.21417D+01,0.52828D+02,0.99480D-02,0.46855D+02,0.99779D-02
0.53001D+02,0.21405D+01,0.53001D+02,0.99480D-02,0.47009D+02,0.99779D-02
0.53174D+02,0.21393D+01,0.53174D+02,0.99480D-02,0.47162D+02,0.99779D-02
0.53347D+02,0.21381D+01,0.53347D+02,0.99480D-02,0.47316D+02,0.99779D-02
0.53520D+02,0.21369D+01,0.53520D+02,0.99480D-02,0.47469D+02,0.99779D-02
0.53694D+02,0.21357D+01,0.53694D+02,0.99480D-02,0.47623D+02,0.99779D-02
0.53867D+02,0.21346D+01,0.53867D+02,0.99480D-02,0.47777D+02,0.99779D-02
0.54040D+02,0.21334D+01,0.54040D+02,0.99480D-02,0.47930D+02,0.99779D-02
0.54213D+02,0.21322D+01,0.54213D+02,0.99480D-02,0.48084D+02,0.99779D-02
0.54386D+02,0.21310D+01,0.54386D+02,0.99480D-02,0.48238D+02,0.99779D-02
0.54560D+02,0.21298D+01,0.54560D+02,0.99480D-02,0.48391D+02,0.99779D-02
0.54733D+02,0.21314D+01,0.54733D+02,0.96471D-02,0.48545D+02,0.99289D-02
0.54906D+02,0.21305D+01,0.54906D+02,0.96471D-02,0.48698D+02,0.99289D-02
0.55079D+02,0.21296D+01,0.55079D+02,0.96471D-02,0.48852D+02,0.99289D-02
0.55252D+02,0.21286D+01,0.55252D+02,0.96471D-02,0.49006D+02,0.99289D-02
0.55426D+02,0.21277D+01,0.55426D+02,0.96471D-02,0.49159D+02,0.99289D-02
0.55599D+02,0.21268D+01,0.55599D+02,0.96471D-02,0.49313D+02,0.99289D-02
0.55772D+02,0.21259D+01,0.55772D+02,0.96471D-02,0.49467D+02,0.99289D-02
0.55945D+02,0.21250D+01,0.55945D+02,0.96471D-02,0.49620D+02,0.99289D-02
0.56118D+02,0.21241D+01,0.56118D+02,0.96471D-02,0.49774D+02,0.99289D-02
0.56292D+02,0.21232D+01,0.56292D+02,0.96471D-02,0.49927D+02,0.99289D-02
0.56465D+02,0.21223D+01,0.56465D+02,0.96471D-02,0.50081D+02,0.99289D-02
0.56638D+02,0.21214D+01,0.56638D+02,0.96471D-02,0.50235D+02,0.99289D-02
0.56811D+02,0.21205D+01,0.56811D+02,0.96471D-02,0.50388D+02,0.99289D-02
0.56984D+02,0.21196D+01,0.56984D+02,0.96471D-02,0.50542D+02,0.99289D-02
0.57158D+02,0.21187D+01,0.57158D+02,0.96471D-02,0.50696D+02,0.99289D-02
0.57331D+02,0.21178D+01,0.57331D+02,0.96471D-02,0.50849D+02,0.99289D-02
0.57504D+02,0.21169D+01,0.57504D+02,0.96471D-02,0.51003D+02,0.99289D-02
0.57677D+02,0.21160D+01,0.57677D+02,0.96471D-02,0.51156D+02,0.99289D-02
0.57850D+02,0.21139D+01,0.57850D+02,0.92112D-02,0.51310D+02,0.99289D-02
0.58024D+02,0.21132D+01,0.58024D+02,0.92112D-02,0.51464D+02,0.99289D-02
0.58197D+02,0.21125D+01,0.58197D+02,0.92112D-02,0.51617D+02,0.99289D-02
0.58370D+02,0.21118D+01,0.58370D+02,0.92112D-02,0.51771D+02,0.99289D-02
0.58543D+02,0.21111D+01,0.58543D+02,0.92112D-02,0.51925D+02,0.99289D-02
0.58717D+02,0.21104D+01,0.58717D+02,0.92112D-02,0.52078D+02,0.99289D-02
0.58890D+02,0.21097D+01,0.58890D+02,0.92112D-02,0.52232D+02,0.99289D-02
0.59063D+02,0.21090D+01,0.59063D+02,0.92112D-02,0.52385D+02,0.99289D-02
0.59236D+02,0.21083D+01,0.59236D+02,0.92112D-02,0.52539D+02,0.99289D-02
0.59409D+02,0.21076D+01,0.59409D+02,0.92112D-02,0.52693D+02,0.99289D-02
0.59583D+02,0.21069D+01,0.59583D+02,0.92112D-02,0.52846D+02,0.99289D-02
0.59756D+02,0.21062D+01,0.59756D+02,0.92112D-02,0.53000D+02,0.99289D-02
0.59929D+02,0.21055D+01,0.59929D+02,0.92112D-02,0.53154D+02,0.99289D-02
0.60102D+02,0.21047D+01,0.60102D+02,0.92112D-02,0.53307D+02,0.99289D-02
0.60275D+02,0.21040D+01,0.60275D+02,0.92112D-02,0.53461D+02,0.99289D-02
0.60449D+02,0.21033D+01,0.60449D+02,0.92112D-02,0.53614D+02,0.99289D-02
0.60622D+02,0.21026D+01,0.60622D+02,0.92112D-02,0.53768D+02,0.99289D-02
0.60795D+02,0.21019D+01,0.60795D+02,0.92112D-02,0.53922D+02,0.99289D-02
0.60968D+02,0.21012D+01,0.60968D+02,0.92112D-02,0.54075D+02,0.99289D-02
0.61141D+02,0.21005D+01,0.61141D+02,0.92112D-02,0.54229D+02,0.99289D-02
0.61315D+02,0.20998D+01,0.61315D+02,0.92112D-02,0.54383D+02,0.99289D-02
0.61488D+02,0.20991D+01,0.61488D+02,0.92112D-02,0.54536D+02,0.99289D-02
0.61661D+02,0.20984D+01,0.61661D+02,0.92112D-02,0.54690D+02,0.99289D-02
0.61834D+02,0.20977D+01,0.61834D+02,0.92112D-02,0.54843D+02,0.99289D-02
0.62007D+02,0.20970D+01,0.62007D+02,0.92112D-02,0.54997D+02,0.99289D-02
0.62181D+02,0.20963D+01,0.62181D+02,0.92112D-02,0.55151D+02,0.99289D-02
0.62354D+02,0.20956D+01,0.62354D+02,0.92112D-02,0.55304D+02,0.99289D-02
0.62527D+02,0.20949D+01,0.62527D+02,0.92112D-02,0.55458D+02,0.99289D-02
0.62700D+02,0.20942D+01,0.62700D+02,0.92112D-02,0.55611D+02,0.99289D-02
0.62873D+02,0.20935D+01,0.62873D+02,0.92112D-02,0.55765D+02,0.99289D-02
0.63047D+02,0.20928D+01,0.63047D+02,0.92112D-02,0.55919D+02,0.99289D-02
0.63220D+02,0.20921D+01,0.63220D+02,0.92112D-02,0.56072D+02,0.99289D-02
0.63393D+02,0.20914D+01,0.63393D+02,0.92112D-02,0.56226D+02,0.99289D-02
0.63566D+02,0.20907D+01,0.63566D+02,0.92112D-02,0.56380D+02,0.99289D-02
0.63739D+02,0.20900D+01,0.63739D+02,0.92112D-02,0.56533D+02,0.99289D-02
0.63913D+02,0.20895D+01,0.63913D+02,0.75290D-02,0.56687D+02,0.98329D-02
0.64086D+02,0.20890D+01,0.64086D+02,0.75290D-02,0.56840D+02,0.98329D-02
0.64259D+02,0.20884D+01,0.64259D+02,0.75290D-02,0.56994D+02,0.98329D-02
0.64432D+02,0.20878D+01,0.64432D+02,0.75290D-02,0.57148D+02,0.98329D-02
0.64605D+02,0.20873D+01,0.64605D+02,0.75290D-02,0.57301D+02,0.98329D-02
0.64779D+02,0.20867D+01,0.64779D+02,0.75290D-02,0.57455D+02,0.98329D-02
0.64952D+02,0.20861D+01,0.64952D+02,0.75290D-02,0.57609D+02,0.98329D-02
0.65125D+02,0.20856D+01,0.65125D+02,0.75290D-02,0.57762D+02,0.98329D-02
0.65298D+02,0.20850D+01,0.65298D+02,0.75290D-02,0.57916D+02,0.98329D-02
0.65472D+02,0.20844D+01,0.65472D+02,0.75290D-02,0.58069D+02,0.98329D-02
0.65645D+02,0.20838D+01,0.65645D+02,0.75290D-02,0.58223D+02,0.98329D-02
0.65818D+02,0.20833D+01,0.65818D+02,0.75290D-02,0.58377D+02,0.98329D-02
0.65991D+02,0.20827D+01,0.65991D+02,0.75290D-02,0.58530D+02,0.98329D-02
0.66164D+02,0.20821D+01,0.66164D+02,0.75290D-02,0.58684D+02,0.98329D-02
0.66338D+02,0.20816D+01,0.66338D+02,0.75290D-02,0.58838D+02,0.98329D-02
0.66511D+02,0.20810D+01,0.66511D+02,0.75290D-02,0.58991D+02,0.98329D-02
0.66684D+02,0.20804D+01,0.66684D+02,0.75290D-02,0.59145D+02,0.98329D-02
0.66857D+02,0.20799D+01,0.66857D+02,0.75290D-02,0.59298D+02,0.98329D-02
0.67030D+02,0.20793D+01,0.67030D+02,0.75290D-02,0.59452D+02,0.98329D-02
0.67204D+02,0.20787D+01,0.67204D+02,0.75290D-02,0.59606D+02,0.98329D-02
0.67377D+02,0.20781D+01,0.67377D+02,0.75290D-02,0.59759D+02,0.98329D-02
0.67550D+02,0.20776D+01,0.67550D+02,0.75290D-02,0.59913D+02,0.98329D-02
0.67723D+02,0.20770D+01,0.67723D+02,0.75290D-02,0.60067D+02,0.98329D-02
0.67896D+02,0.20764D+01,0.67896D+02,0.75290D-02,0.60220D+02,0.98329D-02
0.68070D+02,0.20759D+01,0.68070D+02,0.75290D-02,0.60374D+02,0.98329D-02
0.68243D+02,0.20753D+01,0.68243D+02,0.75290D-02,0.60527D+02,0.98329D-02
0.68416D+02,0.20747D+01,0.68416D+02,0.75290D-02,0.60681D+02,0.98329D-02
0.68589D+02,0.20742D+01,0.68589D+02,0.75290D-02,0.60835D+02,0.98329D-02
0.68762D+02,0.20736D+01,0.68762D+02,0.75290D-02,0.60988D+02,0.98329D-02
0.68936D+02,0.20730D+01,0.68936D+02,0.75290D-02,0.61142D+02,0.98329D-02
0.69109D+02,0.20724D+01,0.69109D+02,0.75290D-02,0.61296D+02,0.98329D-02
0.69282D+02,0.20719D+01,0.69282D+02,0.75290D-02,0.61449D+02,0.98329D-02
0.69455D+02,0.20713D+01,0.69455D+02,0.75290D-02,0.61603D+02,0.98329D-02
0.69628D+02,0.20707D+01,0.69628D+02,0.75290D-02,0.61756D+02,0.98329D-02
0.69802D+02,0.20702D+01,0.69802D+02,0.75290D-02,0.61910D+02,0.98329D-02
0.69975D+02,0.20696D+01,0.69975D+02,0.75290D-02,0.62064D+02,0.98329D-02
0.70148D+02,0.20690D+01,0.70148D+02,0.75290D-02,0.62217D+02,0.98329D-02
0.70321D+02,0.20685D+01,0.70321D+02,0.75290D-02,0.62371D+02,0.98329D-02
0.70494D+02,0.20679D+01,0.70494D+02,0.75290D-02,0.62525D+02,0.98329D-02
0.70668D+02,0.20687D+01,0.70668D+02,0.60332D-02,0.62678D+02,0.98329D-02
0.70841D+02,0.20682D+01,0.70841D+02,0.60332D-02,0.62832D+02,0.98329D-02
0.71014D+02,0.20678D+01,0.71014D+02,0.60332D-02,0.62985D+02,0.98329D-02
0.71187D+02,0.20674D+01,0.71187D+02,0.60332D-02,0.63139D+02,0.98329D-02
0.71360D+02,0.20669D+01,0.71360D+02,0.60332D-02,0.63293D+02,0.98329D-02
0.71534D+02,0.20665D+01,0.71534D+02,0.60332D-02,0.63446D+02,0.98329D-02
0.71707D+02,0.20660D+01,0.71707D+02,0.60332D-02,0.63600D+02,0.98329D-02
0.71880D+02,0.20656D+01,0.71880D+02,0.60332D-02,0.63754D+02,0.98329D-02
0.72053D+02,0.20652D+01,0.72053D+02,0.60332D-02,0.63907D+02,0.98329D-02
0.72227D+02,0.20647D+01,0.72227D+02,0.60332D-02,0.64061D+02,0.98329D-02
0.72400D+02,0.20643D+01,0.72400D+02,0.60332D-02,0.64214D+02,0.98329D-02
0.72573D+02,0.20638D+01,0.72573D+02,0.60332D-02,0.64368D+02,0.98329D-02
0.72746D+02,0.20634D+01,0.72746D+02,0.60332D-02,0.64522D+02,0.98329D-02
0.72919D+02,0.20630D+01,0.72919D+02,0.60332D-02,0.64675D+02,0.98329D-02
0.73093D+02,0.20613D+01,0.73093D+02,0.32557D-02,0.64829D+02,0.96951D-02
0.73266D+02,0.20609D+01,0.73266D+02,0.32557D-02,0.64982D+02,0.96951D-02
0.73439D+02,0.20605D+01,0.73439D+02,0.32557D-02,0.65136D+02,0.96951D-02
0.73612D+02,0.20602D+01,0.73612D+02,0.32557D-02,0.65290D+02,0.96951D-02
0.73785D+02,0.20598D+01,0.73785D+02,0.32557D-02,0.65443D+02,0.96951D-02
0.73959D+02,0.20594D+01,0.73959D+02,0.32557D-02,0.65597D+02,0.96951D-02
0.74132D+02,0.20590D+01,0.74132D+02,0.32557D-02,0.65751D+02,0.96951D-02
0.74305D+02,0.20586D+01,0.74305D+02,0.32557D-02,0.65904D+02,0.96951D-02
0.74478D+02,0.20582D+01,0.74478D+02,0.32557D-02,0.66058D+02,0.96951D-02
0.74651D+02,0.20579D+01,0.74651D+02,0.32557D-02,0.66211D+02,0.96951D-02
0.74825D+02,0.20575D+01,0.74825D+02,0.32557D-02,0.66365D+02,0.96951D-02
0.74998D+02,0.20571D+01,0.74998D+02,0.32557D-02,0.66519D+02,0.96951D-02
0.75171D+02,0.20567D+01,0.75171D+02,0.32557D-02,0.66672D+02,0.96951D-02
0.75344D+02,0.20563D+01,0.75344D+02,0.32557D-02,0.66826D+02,0.96951D-02
0.75517D+02,0.20560D+01,0.75517D+02,0.32557D-02,0.66980D+02,0.96951D-02
0.75691D+02,0.20556D+01,0.75691D+02,0.32557D-02,0.67133D+02,0.96951D-02
0.75864D+02,0.20552D+01,0.75864D+02,0.32557D-02,0.67287D+02,0.96951D-02
0.76037D+02,0.20548D+01,0.76037D+02,0.32557D-02,0.67440D+02,0.96951D-02
0.76210D+02,0.20544D+01,0.76210D+02,0.32557D-02,0.67594D+02,0.96951D-02
0.76383D+02,0.20540D+01,0.76383D+02,0.32557D-02,0.67748D+02,0.96951D-02
0.76557D+02,0.20537D+01,0.76557D+02,0.32557D-02,0.67901D+02,0.96951D-02
0.76730D+02,0.20533D+01,0.76730D+02,0.32557D-02,0.68055D+02,0.96951D-02
0.76903D+02,0.20529D+01,0.76903D+02,0.32557D-02,0.68209D+02,0.96951D-02
0.77076D+02,0.20525D+01,0.77076D+02,0.32557D-02,0.68362D+02,0.96951D-02
0.77249D+02,0.20521D+01,0.77249D+02,0.32557D-02,0.68516D+02,0.96951D-02
0.77423D+02,0.20518D+01,0.77423D+02,0.32557D-02,0.68669D+02,0.96951D-02
0.77596D+02,0.20514D+01,0.77596D+02,0.32557D-02,0.68823D+02,0.96951D-02
0.77769D+02,0.20510D+01,0.77769D+02,0.32557D-02,0.68977D+02,0.96951D-02
0.77942D+02,0.20506D+01,0.77942D+02,0.32557D-02,0.69130D+02,0.96951D-02
0.78115D+02,0.20502D+01,0.78115D+02,0.32557D-02,0.69284D+02,0.96951D-02
0.78289D+02,0.20498D+01,0.78289D+02,0.32557D-02,0.69438D+02,0.96951D-02
0.78462D+02,0.20495D+01,0.78462D+02,0.32557D-02,0.69591D+02,0.96951D-02
0.78635D+02,0.20491D+01,0.78635D+02,0.32557D-02,0.69745D+02,0.96951D-02
0.78808D+02,0.20487D+01,0.78808D+02,0.32557D-02,0.69898D+02,0.96951D-02
0.78982D+02,0.20483D+01,0.78982D+02,0.32557D-02,0.70052D+02,0.96951D-02
0.79155D+02,0.20479D+01,0.79155D+02,0.32557D-02,0.70206D+02,0.96951D-02
0.79328D+02,0.20475D+01,0.79328D+02,0.32557D-02,0.70359D+02,0.96951D-02
0.79501D+02,0.20472D+01,0.79501D+02,0.32557D-02,0.70513D+02,0.96951D-02
0.79674D+02,0.20468D+01,0.79674D+02,0.32557D-02,0.70667D+02,0.96951D-02
0.79848D+02,0.20464D+01,0.79848D+02,0.32557D-02,0.70820D+02,0.96951D-02
0.80021D+02,0.20460D+01,0.80021D+02,0.32557D-02,0.70974D+02,0.96951D-02
0.80194D+02,0.20456D+01,0.80194D+02,0.32557D-02,0.71127D+02,0.96951D-02
0.80367D+02,0.20453D+01,0.80367D+02,0.32557D-02,0.71281D+02,0.96951D-02
0.80540D+02,0.20449D+01,0.80540D+02,0.32557D-02,0.71435D+02,0.96951D-02
0.80714D+02,0.20445D+01,0.80714D+02,0.32557D-02,0.71588D+02,0.96951D-02
0.80887D+02,0.20441D+01,0.80887D+02,0.32557D-02,0.71742D+02,0.96951D-02
0.81060D+02,0.20437D+01,0.81060D+02,0.32557D-02,0.71896D+02,0.96951D-02
0.81233D+02,0.20433D+01,0.81233D+02,0.32557D-02,0.72049D+02,0.96951D-02
0.81406D+02,0.20430D+01,0.81406D+02,0.32557D-02,0.72203D+02,0.96951D-02
0.81580D+02,0.20426D+01,0.81580D+02,0.32557D-02,0.72356D+02,0.96951D-02
0.81753D+02,0.20422D+01,0.81753D+02,0.32557D-02,0.72510D+02,0.96951D-02
0.81926D+02,0.20418D+01,0.81926D+02,0.32557D-02,0.72664D+02,0.96951D-02
0.82099D+02,0.20422D+01,0.82099D+02,0.12487D-02,0.72817D+02,0.95382D-02
0.82272D+02,0.20419D+01,0.82272D+02,0.12487D-02,0.72971D+02,0.95382D-02
0.82446D+02,0.20416D+01,0.82446D+02,0.12487D-02,0.73125D+02,0.95382D-02
0.82619D+02,0.20412D+01,0.82619D+02,0.12487D-02,0.73278D+02,0.95382D-02
0.82792D+02,0.20409D+01,0.82792D+02,0.12487D-02,0.73432D+02,0.95382D-02
0.82965D+02,0.20405D+01,0.82965D+02,0.12487D-02,0.73585D+02,0.95382D-02
0.83138D+02,0.20402D+01,0.83138D+02,0.12487D-02,0.73739D+02,0.95382D-02
0.83312D+02,0.20399D+01,0.83312D+02,0.12487D-02,0.73893D+02,0.95382D-02
0.83485D+02,0.20395D+01,0.83485D+02,0.12487D-02,0.74046D+02,0.95382D-02
0.83658D+02,0.20392D+01,0.83658D+02,0.12487D-02,0.74200D+02,0.95382D-02
0.83831D+02,0.20388D+01,0.83831D+02,0.12487D-02,0.74353D+02,0.95382D-02
0.84004D+02,0.20385D+01,0.84004D+02,0.12487D-02,0.74507D+02,0.95382D-02
0.84178D+02,0.20382D+01,0.84178D+02,0.12487D-02,0.74661D+02,0.95382D-02
0.84351D+02,0.20378D+01,0.84351D+02,0.12487D-02,0.74814D+02,0.95382D-02
0.84524D+02,0.20375D+01,0.84524D+02,0.12487D-02,0.74968D+02,0.95382D-02
0.84697D+02,0.20371D+01,0.84697D+02,0.12487D-02,0.75122D+02,0.95382D-02
0.84870D+02,0.20368D+01,0.84870D+02,0.12487D-02,0.75275D+02,0.95382D-02
0.85044D+02,0.20364D+01,0.85044D+02,0.12487D-02,0.75429D+02,0.95382D-02
0.85217D+02,0.20361D+01,0.85217D+02,0.12487D-02,0.75582D+02,0.95382D-02
0.85390D+02,0.20358D+01,0.85390D+02,0.12487D-02,0.75736D+02,0.95382D-02
0.85563D+02,0.20354D+01,0.85563D+02,0.12487D-02,0.75890D+02,0.95382D-02
0.85737D+02,0.20351D+01,0.85737D+02,0.12487D-02,0.76043D+02,0.95382D-02
0.85910D+02,0.20347D+01,0.85910D+02,0.12487D-02,0.76197D+02,0.95382D-02
0.86083D+02,0.20344D+01,0.86083D+02,0.12487D-02,0.76351D+02,0.95382D-02
0.86256D+02,0.20341D+01,0.86256D+02,0.12487D-02,0.76504D+02,0.95382D-02
0.86429D+02,0.20337D+01,0.86429D+02,0.12487D-02,0.76658D+02,0.95382D-02
0.86603D+02,0.20334D+01,0.86603D+02,0.12487D-02,0.76811D+02,0.95382D-02
0.86776D+02,0.20331D+01,0.86776D+02,0.94708D-02,0.76965D+02,0.95382D-02
0.86949D+02,0.20325D+01,0.86949D+02,0.94708D-02,0.77119D+02,0.95382D-02
0.87122D+02,0.20318D+01,0.87122D+02,0.94708D-02,0.77272D+02,0.95382D-02
0.87295D+02,0.20312D+01,0.87295D+02,0.94708D-02,0.77426D+02,0.95382D-02
0.87469D+02,0.20305D+01,0.87469D+02,0.94708D-02,0.77580D+02,0.95382D-02
0.87642D+02,0.20299D+01,0.87642D+02,0.94708D-02,0.77733D+02,0.95382D-02
0.87815D+02,0.20292D+01,0.87815D+02,0.94708D-02,0.77887D+02,0.95382D-02
0.87988D+02,0.20286D+01,0.87988D+02,0.94708D-02,0.78040D+02,0.95382D-02
0.88161D+02,0.20279D+01,0.88161D+02,0.94708D-02,0.78194D+02,0.95382D-02
0.88335D+02,0.20273D+01,0.88335D+02,0.94708D-02,0.78348D+02,0.95382D-02
0.88508D+02,0.20267D+01,0.88508D+02,0.94708D-02,0.78501D+02,0.95382D-02
0.88681D+02,0.20260D+01,0.88681D+02,0.94708D-02,0.78655D+02,0.95382D-02
0.88854D+02,0.20254D+01,0.88854D+02,0.94708D-02,0.78809D+02,0.95382D-02
0.89027D+02,0.20247D+01,0.89027D+02,0.94708D-02,0.78962D+02,0.95382D-02
0.89201D+02,0.20241D+01,0.89201D+02,0.94708D-02,0.79116D+02,0.95382D-02
0.89374D+02,0.20234D+01,0.89374D+02,0.94708D-02,0.79269D+02,0.95382D-02
0.89547D+02,0.20228D+01,0.89547D+02,0.94708D-02,0.79423D+02,0.95382D-02
0.89720D+02,0.20221D+01,0.89720D+02,0.94708D-02,0.79577D+02,0.95382D-02
0.89893D+02,0.20215D+01,0.89893D+02,0.94708D-02,0.79730D+02,0.95382D-02
0.90067D+02,0.20208D+01,0.90067D+02,0.94708D-02,0.79884D+02,0.95382D-02
0.90240D+02,0.20202D+01,0.90240D+02,0.94708D-02,0.80038D+02,0.95382D-02
0.90413D+02,0.20195D+01,0.90413D+02,0.94708D-02,0.80191D+02,0.95382D-02
0.90586D+02,0.20189D+01,0.90586D+02,0.94708D-02,0.80345D+02,0.95382D-02
0.90759D+02,0.20182D+01,0.90759D+02,0.94708D-02,0.80498D+02,0.95382D-02
0.90933D+02,0.20176D+01,0.90933D+02,0.94708D-02,0.80652D+02,0.95382D-02
0.91106D+02,0.20169D+01,0.91106D+02,0.94708D-02,0.80806D+02,0.95382D-02
0.91279D+02,0.20170D+01,0.91279D+02,0.93225D-02,0.80959D+02,0.93820D-02
0.91452D+02,0.20163D+01,0.91452D+02,0.93225D-02,0.81113D+02,0.93820D-02
0.91625D+02,0.20156D+01,0.91625D+02,0.93225D-02,0.81267D+02,0.93820D-02
0.91799D+02,0.20149D+01,0.91799D+02,0.93225D-02,0.81420D+02,0.93820D-02
0.91972D+02,0.20142D+01,0.91972D+02,0.93225D-02,0.81574D+02,0.93820D-02
0.92145D+02,0.20135D+01,0.92145D+02,0.93225D-02,0.81727D+02,0.93820D-02
0.92318D+02,0.20128D+01,0.92318D+02,0.93225D-02,0.81881D+02,0.93820D-02
0.92492D+02,0.20121D+01,0.92492D+02,0.93225D-02,0.82035D+02,0.93820D-02
0.92665D+02,0.20114D+01,0.92665D+02,0.93225D-02,0.82188D+02,0.93820D-02
0.92838D+02,0.20107D+01,0.92838D+02,0.93225D-02,0.82342D+02,0.93820D-02
0.93011D+02,0.20100D+01,0.93011D+02,0.93225D-02,0.82496D+02,0.93820D-02
0.93184D+02,0.20093D+01,0.93184D+02,0.93225D-02,0.82649D+02,0.93820D-02
0.93358D+02,0.20086D+01,0.93358D+02,0.93225D-02,0.82803D+02,0.93820D-02
0.93531D+02,0.20079D+01,0.93531D+02,0.93225D-02,0.82956D+02,0.93820D-02
0.93704D+02,0.20072D+01,0.93704D+02,0.93225D-02,0.83110D+02,0.93820D-02
0.93877D+02,0.20065D+01,0.93877D+02,0.93225D-02,0.83264D+02,0.93820D-02
0.94050D+02,0.20058D+01,0.94050D+02,0.93225D-02,0.83417D+02,0.93820D-02
0.94224D+02,0.20051D+01,0.94224D+02,0.93225D-02,0.83571D+02,0.93820D-02
0.94397D+02,0.20044D+01,0.94397D+02,0.93225D-02,0.83724D+02,0.93820D-02
0.94570D+02,0.20037D+01,0.94570D+02,0.93225D-02,0.83878D+02,0.93820D-02
0.94743D+02,0.20030D+01,0.94743D+02,0.93225D-02,0.84032D+02,0.93820D-02
0.94916D+02,0.20023D+01,0.94916D+02,0.93225D-02,0.84185D+02,0.93820D-02
0.95090D+02,0.20016D+01,0.95090D+02,0.93225D-02,0.84339D+02,0.93820D-02
0.95263D+02,0.20009D+01,0.95263D+02,0.93225D-02,0.84493D+02,0.93820D-02
0.95436D+02,0.20002D+01,0.95436D+02,0.93225D-02,0.84646D+02,0.93820D-02
0.95609D+02,0.19995D+01,0.95609D+02,0.93225D-02,0.84800D+02,0.93820D-02
0.95782D+02,0.19988D+01,0.95782D+02,0.93225D-02,0.84953D+02,0.93820D-02
0.95956D+02,0.19980D+01,0.95956D+02,0.93225D-02,0.85107D+02,0.93820D-02
0.96129D+02,0.19973D+01,0.96129D+02,0.93225D-02,0.85261D+02,0.93820D-02
0.96302D+02,0.19966D+01,0.96302D+02,0.93225D-02,0.85414D+02,0.93820D-02
0.96475D+02,0.19959D+01,0.96475D+02,0.93225D-02,0.85568D+02,0.93820D-02
0.96648D+02,0.19952D+01,0.96648D+02,0.93225D-02,0.85722D+02,0.93820D-02
0.96822D+02,0.19945D+01,0.96822D+02,0.93225D-02,0.85875D+02,0.93820D-02
0.96995D+02,0.19938D+01,0.96995D+02,0.93225D-02,0.86029D+02,0.93820D-02
0.97168D+02,0.19931D+01,0.97168D+02,0.93225D-02,0.86182D+02,0.93820D-02
0.97341D+02,0.19924D+01,0.97341D+02,0.93225D-02,0.86336D+02,0.93820D-02
0.97514D+02,0.19917D+01,0.97514D+02,0.93225D-02,0.86490D+02,0.93820D-02
0.97688D+02,0.19910D+01,0.97688D+02,0.93225D-02,0.86643D+02,0.93820D-02
0.97861D+02,0.19903D+01,0.97861D+02,0.93225D-02,0.86797D+02,0.93820D-02
0.98034D+02,0.19896D+01,0.98034D+02,0.93225D-02,0.86951D+02,0.93820D-02
0.98207D+02,0.19889D+01,0.98207D+02,0.93225D-02,0.87104D+02,0.93820D-02
0.98380D+02,0.19882D+01,0.98380D+02,0.93225D-02,0.87258D+02,0.93820D-02
0.98554D+02,0.19875D+01,0.98554D+02,0.93225D-02,0.87411D+02,0.93820D-02
0.98727D+02,0.19868D+01,0.98727D+02,0.93225D-02,0.87565D+02,0.93820D-02
0.98900D+02,0.19861D+01,0.98900D+02,0.93225D-02,0.87719D+02,0.93820D-02
0.99073D+02,0.19854D+01,0.99073D+02,0.93225D-02,0.87872D+02,0.93820D-02
0.99247D+02,0.19847D+01,0.99247D+02,0.93225D-02,0.88026D+02,0.93820D-02
0.99420D+02,0.19840D+01,0.99420D+02,0.93225D-02,0.88180D+02,0.93820D-02
0.99593D+02,0.19814D+01,0.99593D+02,0.92563D-02,0.88333D+02,0.93820D-02
0.99766D+02,0.19806D+01,0.99766D+02,0.92563D-02,0.88487D+02,0.93820D-02
0.99939D+02,0.19798D+01,0.99939D+02,0.92563D-02,0.88640D+02,0.93820D-02
0.10011D+03,0.19790D+01,0.10011D+03,0.92563D-02,0.88794D+02,0.93820D-02
0.10029D+03,0.19803D+01,0.10029D+03,0.91256D-02,0.88948D+02,0.92340D-02
0.10046D+03,0.19794D+01,0.10046D+03,0.91256D-02,0.89101D+02,0.92340D-02
0.10063D+03,0.19785D+01,0.10063D+03,0.91256D-02,0.89255D+02,0.92340D-02
0.10081D+03,0.19776D+01,0.10081D+03,0.91256D-02,0.89409D+02,0.92340D-02
0.10098D+03,0.19768D+01,0.10098D+03,0.91256D-02,0.89562D+02,0.92340D-02
0.10115D+03,0.19759D+01,0.10115D+03,0.91256D-02,0.89716D+02,0.92340D-02
0.10132D+03,0.19750D+01,0.10132D+03,0.91256D-02,0.89869D+02,0.92340D-02
0.10150D+03,0.19741D+01,0.10150D+03,0.91256D-02,0.90023D+02,0.92340D-02
0.10167D+03,0.19732D+01,0.10167D+03,0.91256D-02,0.90177D+02,0.92340D-02
0.10184D+03,0.19723D+01,0.10184D+03,0.91256D-02,0.90330D+02,0.92340D-02
0.10202D+03,0.19714D+01,0.10202D+03,0.91256D-02,0.90484D+02,0.92340D-02
0.10219D+03,0.19706D+01,0.10219D+03,0.91256D-02,0.90638D+02,0.92340D-02
0.10236D+03,0.19697D+01,0.10236D+03,0.91256D-02,0.90791D+02,0.92340D-02
0.10254D+03,0.19688D+01,0.10254D+03,0.91256D-02,0.90945D+02,0.92340D-02
0.10271D+03,0.19679D+01,0.10271D+03,0.91256D-02,0.91098D+02,0.92340D-02
0.10288D+03,0.19670D+01,0.10288D+03,0.91256D-02,0.91252D+02,0.92340D-02
0.10306D+03,0.19661D+01,0.10306D+03,0.91256D-02,0.91406D+02,0.92340D-02
0.10323D+03,0.19652D+01,0.10323D+03,0.91256D-02,0.91559D+02,0.92340D-02
0.10340D+03,0.19643D+01,0.10340D+03,0.91256D-02,0.91713D+02,0.92340D-02
0.10358D+03,0.19635D+01,0.10358D+03,0.91256D-02,0.91867D+02,0.92340D-02
0.10375D+03,0.19626D+01,0.10375D+03,0.91256D-02,0.92020D+02,0.92340D-02
0.10392D+03,0.19617D+01,0.10392D+03,0.91256D-02,0.92174D+02,0.92340D-02
0.10410D+03,0.19608D+01,0.10410D+03,0.91256D-02,0.92327D+02,0.92340D-02
0.10427D+03,0.19599D+01,0.10427D+03,0.91256D-02,0.92481D+02,0.92340D-02
0.10444D+03,0.19590D+01,0.10444D+03,0.91256D-02,0.92635D+02,0.92340D-02
0.10462D+03,0.19581D+01,0.10462D+03,0.91256D-02,0.92788D+02,0.92340D-02
0.10479D+03,0.19573D+01,0.10479D+03,0.91256D-02,0.92942D+02,0.92340D-02
0.10496D+03,0.19564D+01,0.10496D+03,0.91256D-02,0.93095D+02,0.92340D-02
0.10514D+03,0.19555D+01,0.10514D+03,0.91256D-02,0.93249D+02,0.92340D-02
0.10531D+03,0.19546D+01,0.10531D+03,0.91256D-02,0.93403D+02,0.92340D-02
0.10548D+03,0.19537D+01,0.10548D+03,0.91256D-02,0.93556D+02,0.92340D-02
0.10566D+03,0.19528D+01,0.10566D+03,0.91256D-02,0.93710D+02,0.92340D-02
0.10583D+03,0.19519D+01,0.10583D+03,0.91256D-02,0.93864D+02,0.92340D-02
0.10600D+03,0.19511D+01,0.10600D+03,0.91256D-02,0.94017D+02,0.92340D-02
0.10617D+03,0.19502D+01,0.10617D+03,0.91256D-02,0.94171D+02,0.92340D-02
0.10635D+03,0.19493D+01,0.10635D+03,0.91256D-02,0.94324D+02,0.92340D-02
0.10652D+03,0.19484D+01,0.10652D+03,0.91256D-02,0.94478D+02,0.92340D-02
0.10669D+03,0.19475D+01,0.10669D+03,0.91256D-02,0.94632D+02,0.92340D-02
0.10687D+03,0.19466D+01,0.10687D+03,0.91256D-02,0.94785D+02,0.92340D-02
0.10704D+03,0.19457D+01,0.10704D+03,0.91256D-02,0.94939D+02,0.92340D-02
0.10721D+03,0.19449D+01,0.10721D+03,0.91256D-02,0.95093D+02,0.92340D-02
0.10739D+03,0.19440D+01,0.10739D+03,0.91256D-02,0.95246D+02,0.92340D-02
0.10756D+03,0.19431D+01,0.10756D+03,0.91256D-02,0.95400D+02,0.92340D-02
0.10773D+03,0.19422D+01,0.10773D+03,0.91256D-02,0.95553D+02,0.92340D-02
0.10791D+03,0.19413D+01,0.10791D+03,0.91256D-02,0.95707D+02,0.92340D-02
0.10808D+03,0.19404D+01,0.10808D+03,0.91256D-02,0.95861D+02,0.92340D-02
0.10825D+03,0.19395D+01,0.10825D+03,0.91256D-02,0.96014D+02,0.92340D-02
0.10843D+03,0.19387D+01,0.10843D+03,0.91256D-02,0.96168D+02,0.92340D-02
0.10860D+03,0.19378D+01,0.10860D+03,0.91256D-02,0.96322D+02,0.92340D-02
0.10877D+03,0.19369D+01,0.10877D+03,0.91256D-02,0.96475D+02,0.92340D-02
0.10895D+03,0.19360D+01,0.10895D+03,0.91256D-02,0.96629D+02,0.92340D-02
0.10912D+03,0.19351D+01,0.10912D+03,0.91256D-02,0.96782D+02,0.92340D-02
0.10929D+03,0.19342D+01,0.10929D+03,0.91256D-02,0.96936D+02,0.92340D-02
0.10947D+03,0.19307D+01,0.10947D+03,0.89985D-02,0.97090D+02,0.90935D-02
0.10964D+03,0.19297D+01,0.10964D+03,0.89985D-02,0.97243D+02,0.90935D-02
0.10981D+03,0.19315D+01,0.10981D+03,0.89502D-02,0.97397D+02,0.90935D-02
0.10999D+03,0.19304D+01,0.10999D+03,0.89502D-02,0.97551D+02,0.90935D-02
0.11016D+03,0.19292D+01,0.11016D+03,0.89502D-02,0.97704D+02,0.90935D-02
0.11033D+03,0.19281D+01,0.11033D+03,0.89502D-02,0.97858D+02,0.90935D-02
0.11050D+03,0.19270D+01,0.11050D+03,0.89502D-02,0.98011D+02,0.90935D-02
0.11068D+03,0.19258D+01,0.11068D+03,0.89502D-02,0.98165D+02,0.90935D-02
0.11085D+03,0.19247D+01,0.11085D+03,0.89502D-02,0.98319D+02,0.90935D-02
0.11102D+03,0.19236D+01,0.11102D+03,0.89502D-02,0.98472D+02,0.90935D-02
0.11120D+03,0.19224D+01,0.11120D+03,0.89502D-02,0.98626D+02,0.90935D-02
0.11137D+03,0.19213D+01,0.11137D+03,0.89502D-02,0.98780D+02,0.90935D-02
0.11154D+03,0.19202D+01,0.11154D+03,0.89502D-02,0.98933D+02,0.90935D-02
0.11172D+03,0.19190D+01,0.11172D+03,0.89502D-02,0.99087D+02,0.90935D-02
0.11189D+03,0.19179D+01,0.11189D+03,0.89502D-02,0.99240D+02,0.90935D-02
0.11206D+03,0.19167D+01,0.11206D+03,0.89502D-02,0.99394D+02,0.90935D-02
0.11224D+03,0.19156D+01,0.11224D+03,0.89502D-02,0.99548D+02,0.90935D-02
0.11241D+03,0.19145D+01,0.11241D+03,0.89502D-02,0.99701D+02,0.90935D-02
0.11258D+03,0.19133D+01,0.11258D+03,0.89502D-02,0.99855D+02,0.90935D-02
0.11276D+03,0.19122D+01,0.11276D+03,0.89502D-02,0.10001D+03,0.90935D-02
0.11293D+03,0.19111D+01,0.11293D+03,0.89502D-02,0.10016D+03,0.90935D-02
0.11310D+03,0.19099D+01,0.11310D+03,0.89502D-02,0.10032D+03,0.90935D-02
0.11328D+03,0.19088D+01,0.11328D+03,0.89502D-02,0.10047D+03,0.90935D-02
0.11345D+03,0.19076D+01,0.11345D+03,0.89502D-02,0.10062D+03,0.90935D-02
0.11362D+03,0.19065D+01,0.11362D+03,0.89502D-02,0.10078D+03,0.90935D-02
0.11380D+03,0.19054D+01,0.11380D+03,0.89502D-02,0.10093D+03,0.90935D-02
0.11397D+03,0.19042D+01,0.11397D+03,0.89502D-02,0.10108D+03,0.90935D-02
0.11414D+03,0.19031D+01,0.11414D+03,0.89502D-02,0.10124D+03,0.90935D-02
0.11432D+03,0.19020D+01,0.11432D+03,0.89502D-02,0.10139D+03,0.90935D-02
0.11449D+03,0.19008D+01,0.11449D+03,0.89502D-02,0.10154D+03,0.90935D-02
0.11466D+03,0.18997D+01,0.11466D+03,0.89502D-02,0.10170D+03,0.90935D-02
0.11483D+03,0.18986D+01,0.11483D+03,0.89502D-02,0.10185D+03,0.90935D-02
0.11501D+03,0.18974D+01,0.11501D+03,0.89502D-02,0.10201D+03,0.90935D-02
0.11518D+03,0.18963D+01,0.11518D+03,0.89502D-02,0.10216D+03,0.90935D-02
0.11535D+03,0.18951D+01,0.11535D+03,0.89502D-02,0.10231D+03,0.90935D-02
0.11553D+03,0.18940D+01,0.11553D+03,0.89502D-02,0.10247D+03,0.90935D-02
0.11570D+03,0.18929D+01,0.11570D+03,0.89502D-02,0.10262D+03,0.90935D-02
0.11587D+03,0.18917D+01,0.11587D+03,0.89502D-02,0.10277D+03,0.90935D-02
0.11605D+03,0.18906D+01,0.11605D+03,0.89502D-02,0.10293D+03,0.90935D-02
0.11622D+03,0.18895D+01,0.11622D+03,0.89502D-02,0.10308D+03,0.90935D-02
0.11639D+03,0.18883D+01,0.11639D+03,0.89502D-02,0.10323D+03,0.90935D-02
0.11657D+03,0.18872D+01,0.11657D+03,0.89502D-02,0.10339D+03,0.90935D-02
0.11674D+03,0.18861D+01,0.11674D+03,0.89502D-02,0.10354D+03,0.90935D-02
0.11691D+03,0.18849D+01,0.11691D+03,0.89502D-02,0.10370D+03,0.90935D-02
0.11709D+03,0.18838D+01,0.11709D+03,0.89502D-02,0.10385D+03,0.90935D-02
0.11726D+03,0.18826D+01,0.11726D+03,0.89502D-02,0.10400D+03,0.90935D-02
0.11743D+03,0.18815D+01,0.11743D+03,0.89502D-02,0.10416D+03,0.90935D-02
0.11761D+03,0.18804D+01,0.11761D+03,0.89502D-02,0.10431D+03,0.90935D-02
0.11778D+03,0.18792D+01,0.11778D+03,0.89502D-02,0.10446D+03,0.90935D-02
0.11795D+03,0.18781D+01,0.11795D+03,0.89502D-02,0.10462D+03,0.90935D-02
0.11813D+03,0.18739D+01,0.11813D+03,0.89027D-02,0.10477D+03,0.90935D-02
0.11830D+03,0.18727D+01,0.11830D+03,0.89027D-02,0.10492D+03,0.90935D-02
0.11847D+03,0.18714D+01,0.11847D+03,0.89027D-02,0.10508D+03,0.90935D-02
0.11865D+03,0.18733D+01,0.11865D+03,0.87866D-02,0.10523D+03,0.89563D-02
0.11882D+03,0.18718D+01,0.11882D+03,0.87866D-02,0.10539D+03,0.89563D-02
0.11899D+03,0.18703D+01,0.11899D+03,0.87866D-02,0.10554D+03,0.89563D-02
0.11917D+03,0.18688D+01,0.11917D+03,0.87866D-02,0.10569D+03,0.89563D-02
0.11934D+03,0.18673D+01,0.11934D+03,0.87866D-02,0.10585D+03,0.89563D-02
0.11951D+03,0.18658D+01,0.11951D+03,0.87866D-02,0.10600D+03,0.89563D-02
0.11968D+03,0.18644D+01,0.11968D+03,0.87866D-02,0.10615D+03,0.89563D-02
0.11986D+03,0.18629D+01,0.11986D+03,0.87866D-02,0.10631D+03,0.89563D-02
0.12003D+03,0.18614D+01,0.12003D+03,0.87866D-02,0.10646D+03,0.89563D-02
0.12020D+03,0.18599D+01,0.12020D+03,0.87866D-02,0.10661D+03,0.89563D-02
0.12038D+03,0.18584D+01,0.12038D+03,0.87866D-02,0.10677D+03,0.89563D-02
0.12055D+03,0.18569D+01,0.12055D+03,0.87866D-02,0.10692D+03,0.89563D-02
0.12072D+03,0.18555D+01,0.12072D+03,0.87866D-02,0.10708D+03,0.89563D-02
0.12090D+03,0.18540D+01,0.12090D+03,0.87866D-02,0.10723D+03,0.89563D-02
0.12107D+03,0.18525D+01,0.12107D+03,0.87866D-02,0.10738D+03,0.89563D-02
0.12124D+03,0.18510D+01,0.12124D+03,0.87866D-02,0.10754D+03,0.89563D-02
0.12142D+03,0.18495D+01,0.12142D+03,0.87866D-02,0.10769D+03,0.89563D-02
0.12159D+03,0.18481D+01,0.12159D+03,0.87866D-02,0.10784D+03,0.89563D-02
0.12176D+03,0.18466D+01,0.12176D+03,0.87866D-02,0.10800D+03,0.89563D-02
0.12194D+03,0.18451D+01,0.12194D+03,0.87866D-02,0.10815D+03,0.89563D-02
0.12211D+03,0.18436D+01,0.12211D+03,0.87866D-02,0.10830D+03,0.89563D-02
0.12228D+03,0.18421D+01,0.12228D+03,0.87866D-02,0.10846D+03,0.89563D-02
0.12246D+03,0.18406D+01,0.12246D+03,0.87866D-02,0.10861D+03,0.89563D-02
0.12263D+03,0.18392D+01,0.12263D+03,0.87866D-02,0.10877D+03,0.89563D-02
0.12280D+03,0.18377D+01,0.12280D+03,0.87866D-02,0.10892D+03,0.89563D-02
0.12298D+03,0.18362D+01,0.12298D+03,0.87866D-02,0.10907D+03,0.89563D-02
0.12315D+03,0.18347D+01,0.12315D+03,0.87866D-02,0.10923D+03,0.89563D-02
0.12332D+03,0.18332D+01,0.12332D+03,0.87866D-02,0.10938D+03,0.89563D-02
0.12350D+03,0.18317D+01,0.12350D+03,0.87866D-02,0.10953D+03,0.89563D-02
0.12367D+03,0.18303D+01,0.12367D+03,0.87866D-02,0.10969D+03,0.89563D-02
0.12384D+03,0.18288D+01,0.12384D+03,0.87866D-02,0.10984D+03,0.89563D-02
0.12401D+03,0.18273D+01,0.12401D+03,0.87866D-02,0.10999D+03,0.89563D-02
0.12419D+03,0.18258D+01,0.12419D+03,0.87866D-02,0.11015D+03,0.89563D-02
0.12436D+03,0.18243D+01,0.12436D+03,0.87866D-02,0.11030D+03,0.89563D-02
0.12453D+03,0.18228D+01,0.12453D+03,0.87866D-02,0.11045D+03,0.89563D-02
0.12471D+03,0.18214D+01,0.12471D+03,0.87866D-02,0.11061D+03,0.89563D-02
0.12488D+03,0.18199D+01,0.12488D+03,0.87866D-02,0.11076D+03,0.89563D-02
0.12505D+03,0.18184D+01,0.12505D+03,0.87866D-02,0.11092D+03,0.89563D-02
0.12523D+03,0.18149D+01,0.12523D+03,0.87454D-02,0.11107D+03,0.89563D-02
0.12540D+03,0.18133D+01,0.12540D+03,0.87454D-02,0.11122D+03,0.89563D-02
0.12557D+03,0.18116D+01,0.12557D+03,0.87454D-02,0.11138D+03,0.89563D-02
0.12575D+03,0.18099D+01,0.12575D+03,0.87454D-02,0.11153D+03,0.89563D-02
0.12592D+03,0.18083D+01,0.12592D+03,0.87454D-02,0.11168D+03,0.89563D-02
0.12609D+03,0.18066D+01,0.12609D+03,0.87454D-02,0.11184D+03,0.89563D-02
0.12627D+03,0.18049D+01,0.12627D+03,0.87454D-02,0.11199D+03,0.89563D-02
0.12644D+03,0.18032D+01,0.12644D+03,0.87454D-02,0.11214D+03,0.89563D-02
0.12661D+03,0.18016D+01,0.12661D+03,0.87454D-02,0.11230D+03,0.89563D-02
0.12679D+03,0.17999D+01,0.12679D+03,0.87454D-02,0.11245D+03,0.89563D-02
0.12696D+03,0.17982D+01,0.12696D+03,0.87454D-02,0.11261D+03,0.89563D-02
0.12713D+03,0.17966D+01,0.12713D+03,0.87454D-02,0.11276D+03,0.89563D-02
0.12731D+03,0.17949D+01,0.12731D+03,0.87454D-02,0.11291D+03,0.89563D-02
0.12748D+03,0.17932D+01,0.12748D+03,0.87454D-02,0.11307D+03,0.89563D-02
0.12765D+03,0.17925D+01,0.12765D+03,0.86246D-02,0.11322D+03,0.88185D-02
0.12783D+03,0.17905D+01,0.12783D+03,0.86246D-02,0.11337D+03,0.88185D-02
0.12800D+03,0.17885D+01,0.12800D+03,0.86246D-02,0.11353D+03,0.88185D-02
0.12817D+03,0.17865D+01,0.12817D+03,0.86246D-02,0.11368D+03,0.88185D-02
0.12834D+03,0.17846D+01,0.12834D+03,0.86246D-02,0.11383D+03,0.88185D-02
0.12852D+03,0.17826D+01,0.12852D+03,0.86246D-02,0.11399D+03,0.88185D-02
0.12869D+03,0.17806D+01,0.12869D+03,0.86246D-02,0.11414D+03,0.88185D-02
0.12886D+03,0.17786D+01,0.12886D+03,0.86246D-02,0.11430D+03,0.88185D-02
0.12904D+03,0.17767D+01,0.12904D+03,0.86246D-02,0.11445D+03,0.88185D-02
0.12921D+03,0.17747D+01,0.12921D+03,0.86246D-02,0.11460D+03,0.88185D-02
0.12938D+03,0.17727D+01,0.12938D+03,0.86246D-02,0.11476D+03,0.88185D-02
0.12956D+03,0.17707D+01,0.12956D+03,0.86246D-02,0.11491D+03,0.88185D-02
0.12973D+03,0.17688D+01,0.12973D+03,0.86246D-02,0.11506D+03,0.88185D-02
0.12990D+03,0.17668D+01,0.12990D+03,0.86246D-02,0.11522D+03,0.88185D-02
0.13008D+03,0.17648D+01,0.13008D+03,0.86246D-02,0.11537D+03,0.88185D-02
0.13025D+03,0.17628D+01,0.13025D+03,0.86246D-02,0.11552D+03,0.88185D-02
0.13042D+03,0.17609D+01,0.13042D+03,0.86246D-02,0.11568D+03,0.88185D-02
0.13060D+03,0.17589D+01,0.13060D+03,0.86246D-02,0.11583D+03,0.88185D-02
0.13077D+03,0.17569D+01,0.13077D+03,0.86246D-02,0.11599D+03,0.88185D-02
0.13094D+03,0.17549D+01,0.13094D+03,0.86246D-02,0.11614D+03,0.88185D-02
0.13112D+03,0.17541D+01,0.13112D+03,0.85883D-02,0.11629D+03,0.88185D-02
0.13129D+03,0.17519D+01,0.13129D+03,0.85883D-02,0.11645D+03,0.88185D-02
0.13146D+03,0.17497D+01,0.13146D+03,0.85883D-02,0.11660D+03,0.88185D-02
0.13164D+03,0.17475D+01,0.13164D+03,0.85883D-02,0.11675D+03,0.88185D-02
0.13181D+03,0.17453D+01,0.13181D+03,0.85883D-02,0.11691D+03,0.88185D-02
0.13198D+03,0.17430D+01,0.13198D+03,0.85883D-02,0.11706D+03,0.88185D-02
0.13216D+03,0.17408D+01,0.13216D+03,0.85883D-02,0.11721D+03,0.88185D-02
0.13233D+03,0.17386D+01,0.13233D+03,0.85883D-02,0.11737D+03,0.88185D-02
0.13250D+03,0.17364D+01,0.13250D+03,0.85883D-02,0.11752D+03,0.88185D-02
0.13268D+03,0.17342D+01,0.13268D+03,0.85883D-02,0.11768D+03,0.88185D-02
0.13285D+03,0.17320D+01,0.13285D+03,0.85883D-02,0.11783D+03,0.88185D-02
0.13302D+03,0.17298D+01,0.13302D+03,0.85883D-02,0.11798D+03,0.88185D-02
0.13319D+03,0.17276D+01,0.13319D+03,0.85883D-02,0.11814D+03,0.88185D-02
0.13337D+03,0.17254D+01,0.13337D+03,0.85883D-02,0.11829D+03,0.88185D-02
0.13354D+03,0.17231D+01,0.13354D+03,0.85883D-02,0.11844D+03,0.88185D-02
0.13371D+03,0.17209D+01,0.13371D+03,0.85883D-02,0.11860D+03,0.88185D-02
0.13389D+03,0.17187D+01,0.13389D+03,0.85883D-02,0.11875D+03,0.88185D-02
0.13406D+03,0.17165D+01,0.13406D+03,0.85883D-02,0.11890D+03,0.88185D-02
0.13423D+03,0.17143D+01,0.13423D+03,0.85883D-02,0.11906D+03,0.88185D-02
0.13441D+03,0.17121D+01,0.13441D+03,0.85883D-02,0.11921D+03,0.88185D-02
0.13458D+03,0.17099D+01,0.13458D+03,0.85883D-02,0.11937D+03,0.88185D-02
0.13475D+03,0.17077D+01,0.13475D+03,0.85883D-02,0.11952D+03,0.88185D-02
0.13493D+03,0.17055D+01,0.13493D+03,0.85883D-02,0.11967D+03,0.88185D-02
0.13510D+03,0.17032D+01,0.13510D+03,0.85883D-02,0.11983D+03,0.88185D-02
0.13527D+03,0.17010D+01,0.13527D+03,0.85883D-02,0.11998D+03,0.88185D-02
0.13545D+03,0.16988D+01,0.13545D+03,0.85883D-02,0.12013D+03,0.88185D-02
0.13562D+03,0.16966D+01,0.13562D+03,0.85883D-02,0.12029D+03,0.88185D-02
0.13579D+03,0.16944D+01,0.13579D+03,0.85883D-02,0.12044D+03,0.88185D-02
0.13597D+03,0.16922D+01,0.13597D+03,0.85883D-02,0.12059D+03,0.88185D-02
0.13614D+03,0.16853D+01,0.13614D+03,0.85545D-02,0.12075D+03,0.88185D-02
0.13631D+03,0.16829D+01,0.13631D+03,0.85545D-02,0.12090D+03,0.88185D-02
0.13649D+03,0.16805D+01,0.13649D+03,0.85545D-02,0.12105D+03,0.88185D-02
0.13666D+03,0.16780D+01,0.13666D+03,0.85545D-02,0.12121D+03,0.88185D-02
0.13683D+03,0.16798D+01,0.13683D+03,0.84386D-02,0.12136D+03,0.86762D-02
0.13701D+03,0.16768D+01,0.13701D+03,0.84386D-02,0.12152D+03,0.86762D-02
0.13718D+03,0.16738D+01,0.13718D+03,0.84386D-02,0.12167D+03,0.86762D-02
0.13735D+03,0.16708D+01,0.13735D+03,0.84386D-02,0.12182D+03,0.86762D-02
0.13752D+03,0.16678D+01,0.13752D+03,0.84386D-02,0.12198D+03,0.86762D-02
0.13770D+03,0.16648D+01,0.13770D+03,0.84386D-02,0.12213D+03,0.86762D-02
0.13787D+03,0.16618D+01,0.13787D+03,0.84386D-02,0.12228D+03,0.86762D-02
0.13804D+03,0.16588D+01,0.13804D+03,0.84386D-02,0.12244D+03,0.86762D-02
0.13822D+03,0.16558D+01,0.13822D+03,0.84386D-02,0.12259D+03,0.86762D-02
0.13839D+03,0.16528D+01,0.13839D+03,0.84386D-02,0.12274D+03,0.86762D-02
0.13856D+03,0.16498D+01,0.13856D+03,0.84386D-02,0.12290D+03,0.86762D-02
0.13874D+03,0.16468D+01,0.13874D+03,0.84386D-02,0.12305D+03,0.86762D-02
0.13891D+03,0.16438D+01,0.13891D+03,0.84386D-02,0.12321D+03,0.86762D-02
0.13908D+03,0.16408D+01,0.13908D+03,0.84386D-02,0.12336D+03,0.86762D-02
0.13926D+03,0.16378D+01,0.13926D+03,0.84386D-02,0.12351D+03,0.86762D-02
0.13943D+03,0.16348D+01,0.13943D+03,0.84386D-02,0.12367D+03,0.86762D-02
0.13960D+03,0.16319D+01,0.13960D+03,0.84386D-02,0.12382D+03,0.86762D-02
0.13978D+03,0.16289D+01,0.13978D+03,0.84386D-02,0.12397D+03,0.86762D-02
0.13995D+03,0.16259D+01,0.13995D+03,0.84386D-02,0.12413D+03,0.86762D-02
0.14012D+03,0.16229D+01,0.14012D+03,0.84386D-02,0.12428D+03,0.86762D-02
0.14030D+03,0.16199D+01,0.14030D+03,0.84386D-02,0.12443D+03,0.86762D-02
0.14047D+03,0.16169D+01,0.14047D+03,0.84386D-02,0.12459D+03,0.86762D-02
0.14064D+03,0.16148D+01,0.14064D+03,0.84175D-02,0.12474D+03,0.86762D-02
0.14082D+03,0.16115D+01,0.14082D+03,0.84175D-02,0.12490D+03,0.86762D-02
0.14099D+03,0.16082D+01,0.14099D+03,0.84175D-02,0.12505D+03,0.86762D-02
0.14116D+03,0.16049D+01,0.14116D+03,0.84175D-02,0.12520D+03,0.86762D-02
0.14134D+03,0.16016D+01,0.14134D+03,0.84175D-02,0.12536D+03,0.86762D-02
0.14151D+03,0.15983D+01,0.14151D+03,0.84175D-02,0.12551D+03,0.86762D-02
0.14168D+03,0.15950D+01,0.14168D+03,0.84175D-02,0.12566D+03,0.86762D-02
0.14185D+03,0.15917D+01,0.14185D+03,0.84175D-02,0.12582D+03,0.86762D-02
0.14203D+03,0.15884D+01,0.14203D+03,0.84175D-02,0.12597D+03,0.86762D-02
0.14220D+03,0.15851D+01,0.14220D+03,0.84175D-02,0.12612D+03,0.86762D-02
0.14237D+03,0.15818D+01,0.14237D+03,0.84175D-02,0.12628D+03,0.86762D-02
0.14255D+03,0.15785D+01,0.14255D+03,0.84175D-02,0.12643D+03,0.86762D-02
0.14272D+03,0.15752D+01,0.14272D+03,0.84175D-02,0.12659D+03,0.86762D-02
0.14289D+03,0.15719D+01,0.14289D+03,0.84175D-02,0.12674D+03,0.86762D-02
0.14307D+03,0.15686D+01,0.14307D+03,0.84175D-02,0.12689D+03,0.86762D-02
0.14324D+03,0.15653D+01,0.14324D+03,0.84175D-02,0.12705D+03,0.86762D-02
0.14341D+03,0.15621D+01,0.14341D+03,0.84175D-02,0.12720D+03,0.86762D-02
0.14359D+03,0.15588D+01,0.14359D+03,0.84175D-02,0.12735D+03,0.86762D-02
0.14376D+03,0.15555D+01,0.14376D+03,0.84175D-02,0.12751D+03,0.86762D-02
0.14393D+03,0.15522D+01,0.14393D+03,0.84175D-02,0.12766D+03,0.86762D-02
0.14411D+03,0.15489D+01,0.14411D+03,0.84175D-02,0.12781D+03,0.86762D-02
0.14428D+03,0.15456D+01,0.14428D+03,0.84175D-02,0.12797D+03,0.86762D-02
0.14445D+03,0.15375D+01,0.14445D+03,0.83995D-02,0.12812D+03,0.86762D-02
0.14463D+03,0.15339D+01,0.14463D+03,0.83995D-02,0.12828D+03,0.86762D-02
0.14480D+03,0.15303D+01,0.14480D+03,0.83995D-02,0.12843D+03,0.86762D-02
0.14497D+03,0.15267D+01,0.14497D+03,0.83995D-02,0.12858D+03,0.86762D-02
0.14515D+03,0.15231D+01,0.14515D+03,0.83995D-02,0.12874D+03,0.86762D-02
0.14532D+03,0.15195D+01,0.14532D+03,0.83995D-02,0.12889D+03,0.86762D-02
0.14549D+03,0.15160D+01,0.14549D+03,0.83995D-02,0.12904D+03,0.86762D-02
0.14567D+03,0.15124D+01,0.14567D+03,0.83995D-02,0.12920D+03,0.86762D-02
0.14584D+03,0.15088D+01,0.14584D+03,0.83995D-02,0.12935D+03,0.86762D-02
0.14601D+03,0.15057D+01,0.14601D+03,0.83178D-02,0.12950D+03,0.85254D-02
0.14619D+03,0.15011D+01,0.14619D+03,0.83178D-02,0.12966D+03,0.85254D-02
0.14636D+03,0.14966D+01,0.14636D+03,0.83178D-02,0.12981D+03,0.85254D-02
0.14653D+03,0.14920D+01,0.14653D+03,0.83178D-02,0.12996D+03,0.85254D-02
0.14670D+03,0.14874D+01,0.14670D+03,0.83178D-02,0.13012D+03,0.85254D-02
0.14688D+03,0.14829D+01,0.14688D+03,0.83178D-02,0.13027D+03,0.85254D-02
0.14705D+03,0.14783D+01,0.14705D+03,0.83178D-02,0.13043D+03,0.85254D-02
0.14722D+03,0.14738D+01,0.14722D+03,0.83178D-02,0.13058D+03,0.85254D-02
0.14740D+03,0.14692D+01,0.14740D+03,0.83178D-02,0.13073D+03,0.85254D-02
0.14757D+03,0.14646D+01,0.14757D+03,0.83178D-02,0.13089D+03,0.85254D-02
0.14774D+03,0.14651D+01,0.14774D+03,0.83119D-02,0.13104D+03,0.85254D-02
0.14792D+03,0.14602D+01,0.14792D+03,0.83119D-02,0.13119D+03,0.85254D-02
0.14809D+03,0.14553D+01,0.14809D+03,0.83119D-02,0.13135D+03,0.85254D-02
0.14826D+03,0.14504D+01,0.14826D+03,0.83119D-02,0.13150D+03,0.85254D-02
0.14844D+03,0.14455D+01,0.14844D+03,0.83119D-02,0.13165D+03,0.85254D-02
0.14861D+03,0.14406D+01,0.14861D+03,0.83119D-02,0.13181D+03,0.85254D-02
0.14878D+03,0.14357D+01,0.14878D+03,0.83119D-02,0.13196D+03,0.85254D-02
0.14896D+03,0.14308D+01,0.14896D+03,0.83119D-02,0.13212D+03,0.85254D-02
0.14913D+03,0.14259D+01,0.14913D+03,0.83119D-02,0.13227D+03,0.85254D-02
0.14930D+03,0.14210D+01,0.14930D+03,0.83119D-02,0.13242D+03,0.85254D-02
0.14948D+03,0.14161D+01,0.14948D+03,0.83119D-02,0.13258D+03,0.85254D-02
0.14965D+03,0.14112D+01,0.14965D+03,0.83119D-02,0.13273D+03,0.85254D-02
0.14982D+03,0.14063D+01,0.14982D+03,0.83119D-02,0.13288D+03,0.85254D-02
0.15000D+03,0.14014D+01,0.15000D+03,0.83119D-02,0.13304D+03,0.85254D-02
0.15017D+03,0.13965D+01,0.15017D+03,0.83119D-02,0.13319D+03,0.85254D-02
0.15034D+03,0.13916D+01,0.15034D+03,0.83119D-02,0.13334D+03,0.85254D-02
0.15052D+03,0.13867D+01,0.15052D+03,0.83119D-02,0.13350D+03,0.85254D-02
0.15069D+03,0.13818D+01,0.15069D+03,0.83119D-02,0.13365D+03,0.85254D-02
0.15086D+03,0.13760D+01,0.15086D+03,0.83067D-02,0.13381D+03,0.85254D-02
0.15103D+03,0.13708D+01,0.15103D+03,0.83067D-02,0.13396D+03,0.85254D-02
0.15121D+03,0.13655D+01,0.15121D+03,0.83067D-02,0.13411D+03,0.85254D-02
0.15138D+03,0.13603D+01,0.15138D+03,0.83067D-02,0.13427D+03,0.85254D-02
0.15155D+03,0.13551D+01,0.15155D+03,0.83067D-02,0.13442D+03,0.85254D-02
0.15173D+03,0.13499D+01,0.15173D+03,0.83067D-02,0.13457D+03,0.85254D-02
0.15190D+03,0.13447D+01,0.15190D+03,0.83067D-02,0.13473D+03,0.85254D-02
0.15207D+03,0.13395D+01,0.15207D+03,0.83067D-02,0.13488D+03,0.85254D-02
0.15225D+03,0.13342D+01,0.15225D+03,0.83067D-02,0.13503D+03,0.85254D-02
0.15242D+03,0.13290D+01,0.15242D+03,0.83067D-02,0.13519D+03,0.85254D-02
0.15259D+03,0.13238D+01,0.15259D+03,0.83067D-02,0.13534D+03,0.85254D-02
0.15277D+03,0.13186D+01,0.15277D+03,0.83067D-02,0.13550D+03,0.85254D-02
0.15294D+03,0.13134D+01,0.15294D+03,0.83067D-02,0.13565D+03,0.85254D-02
0.15311D+03,0.13082D+01,0.15311D+03,0.83067D-02,0.13580D+03,0.85254D-02
0.15329D+03,0.13029D+01,0.15329D+03,0.83067D-02,0.13596D+03,0.85254D-02
0.15346D+03,0.12919D+01,0.15346D+03,0.83019D-02,0.13611D+03,0.85254D-02
0.15363D+03,0.12864D+01,0.15363D+03,0.83019D-02,0.13626D+03,0.85254D-02
0.15381D+03,0.12809D+01,0.15381D+03,0.83019D-02,0.13642D+03,0.85254D-02
0.15398D+03,0.12754D+01,0.15398D+03,0.83019D-02,0.13657D+03,0.85254D-02
0.15415D+03,0.12699D+01,0.15415D+03,0.83019D-02,0.13672D+03,0.85254D-02
0.15433D+03,0.12644D+01,0.15433D+03,0.83019D-02,0.13688D+03,0.85254D-02
0.15450D+03,0.12589D+01,0.15450D+03,0.83019D-02,0.13703D+03,0.85254D-02
0.15467D+03,0.12534D+01,0.15467D+03,0.83019D-02,0.13719D+03,0.85254D-02
0.15485D+03,0.12478D+01,0.15485D+03,0.83019D-02,0.13734D+03,0.85254D-02
0.15502D+03,0.12401D+01,0.15502D+03,0.82650D-02,0.13749D+03,0.83597D-02
0.15519D+03,0.12329D+01,0.15519D+03,0.82650D-02,0.13765D+03,0.83597D-02
0.15536D+03,0.12258D+01,0.15536D+03,0.82650D-02,0.13780D+03,0.83597D-02
0.15554D+03,0.12187D+01,0.15554D+03,0.82650D-02,0.13795D+03,0.83597D-02
0.15571D+03,0.12116D+01,0.15571D+03,0.82650D-02,0.13811D+03,0.83597D-02
0.15588D+03,0.12045D+01,0.15588D+03,0.82650D-02,0.13826D+03,0.83597D-02
0.15606D+03,0.12067D+01,0.15606D+03,0.82338D-02,0.13841D+03,0.83597D-02
0.15623D+03,0.12045D+01,0.15623D+03,0.82338D-02,0.13857D+03,0.83597D-02
0.15640D+03,0.12024D+01,0.15640D+03,0.82338D-02,0.13872D+03,0.83597D-02
0.15658D+03,0.12002D+01,0.15658D+03,0.82338D-02,0.13888D+03,0.83597D-02
0.15675D+03,0.11980D+01,0.15675D+03,0.82338D-02,0.13903D+03,0.83597D-02
0.15692D+03,0.11958D+01,0.15692D+03,0.82338D-02,0.13918D+03,0.83597D-02
0.15710D+03,0.11937D+01,0.15710D+03,0.82338D-02,0.13934D+03,0.83597D-02
0.15727D+03,0.11915D+01,0.15727D+03,0.82338D-02,0.13949D+03,0.83597D-02
0.15744D+03,0.11893D+01,0.15744D+03,0.82338D-02,0.13964D+03,0.83597D-02
0.15762D+03,0.11871D+01,0.15762D+03,0.82338D-02,0.13980D+03,0.83597D-02
0.15779D+03,0.11850D+01,0.15779D+03,0.82338D-02,0.13995D+03,0.83597D-02
0.15796D+03,0.11828D+01,0.15796D+03,0.82338D-02,0.14010D+03,0.83597D-02
0.15814D+03,0.11806D+01,0.15814D+03,0.82338D-02,0.14026D+03,0.83597D-02
0.15831D+03,0.11785D+01,0.15831D+03,0.82338D-02,0.14041D+03,0.83597D-02
0.15848D+03,0.11763D+01,0.15848D+03,0.82338D-02,0.14056D+03,0.83597D-02
0.15866D+03,0.11741D+01,0.15866D+03,0.82338D-02,0.14072D+03,0.83597D-02
0.15883D+03,0.11719D+01,0.15883D+03,0.82338D-02,0.14087D+03,0.83597D-02
0.15900D+03,0.11698D+01,0.15900D+03,0.82338D-02,0.14103D+03,0.83597D-02
0.15918D+03,0.11676D+01,0.15918D+03,0.82338D-02,0.14118D+03,0.83597D-02
0.15935D+03,0.11654D+01,0.15935D+03,0.82338D-02,0.14133D+03,0.83597D-02
0.15952D+03,0.11632D+01,0.15952D+03,0.82338D-02,0.14149D+03,0.83597D-02
0.15970D+03,0.11611D+01,0.15970D+03,0.82338D-02,0.14164D+03,0.83597D-02
0.15987D+03,0.11589D+01,0.15987D+03,0.82338D-02,0.14179D+03,0.83597D-02
0.16004D+03,0.11567D+01,0.16004D+03,0.82338D-02,0.14195D+03,0.83597D-02
0.16021D+03,0.11546D+01,0.16021D+03,0.82338D-02,0.14210D+03,0.83597D-02
0.16039D+03,0.11523D+01,0.16039D+03,0.81549D-02,0.14225D+03,0.83597D-02
0.16056D+03,0.11503D+01,0.16056D+03,0.81549D-02,0.14241D+03,0.83597D-02
0.16073D+03,0.11483D+01,0.16073D+03,0.81549D-02,0.14256D+03,0.83597D-02
0.16091D+03,0.11463D+01,0.16091D+03,0.81549D-02,0.14272D+03,0.83597D-02
0.16108D+03,0.11442D+01,0.16108D+03,0.81549D-02,0.14287D+03,0.83597D-02
0.16125D+03,0.11422D+01,0.16125D+03,0.81549D-02,0.14302D+03,0.83597D-02
0.16143D+03,0.11402D+01,0.16143D+03,0.81549D-02,0.14318D+03,0.83597D-02
0.16160D+03,0.11381D+01,0.16160D+03,0.81549D-02,0.14333D+03,0.83597D-02
0.16177D+03,0.11361D+01,0.16177D+03,0.81549D-02,0.14348D+03,0.83597D-02
0.16195D+03,0.11341D+01,0.16195D+03,0.81549D-02,0.14364D+03,0.83597D-02
0.16212D+03,0.11321D+01,0.16212D+03,0.81549D-02,0.14379D+03,0.83597D-02
0.16229D+03,0.11300D+01,0.16229D+03,0.81549D-02,0.14394D+03,0.83597D-02
0.16247D+03,0.11280D+01,0.16247D+03,0.81549D-02,0.14410D+03,0.83597D-02
0.16264D+03,0.11260D+01,0.16264D+03,0.81549D-02,0.14425D+03,0.83597D-02
0.16281D+03,0.11239D+01,0.16281D+03,0.81549D-02,0.14441D+03,0.83597D-02
0.16299D+03,0.11219D+01,0.16299D+03,0.81549D-02,0.14456D+03,0.83597D-02
0.16316D+03,0.11199D+01,0.16316D+03,0.81549D-02,0.14471D+03,0.83597D-02
0.16333D+03,0.11179D+01,0.16333D+03,0.81549D-02,0.14487D+03,0.83597D-02
0.16351D+03,0.11158D+01,0.16351D+03,0.81549D-02,0.14502D+03,0.83597D-02
0.16368D+03,0.11138D+01,0.16368D+03,0.81549D-02,0.14517D+03,0.83597D-02
0.16385D+03,0.11118D+01,0.16385D+03,0.81549D-02,0.14533D+03,0.83597D-02
0.16403D+03,0.11097D+01,0.16403D+03,0.81549D-02,0.14548D+03,0.83597D-02
0.16420D+03,0.11089D+01,0.16420D+03,0.81595D-02,0.14563D+03,0.81631D-02
0.16437D+03,0.11066D+01,0.16437D+03,0.81595D-02,0.14579D+03,0.81631D-02
0.16454D+03,0.11043D+01,0.16454D+03,0.81595D-02,0.14594D+03,0.81631D-02
0.16472D+03,0.10995D+01,0.16472D+03,0.80376D-02,0.14610D+03,0.81631D-02
0.16489D+03,0.10974D+01,0.16489D+03,0.80376D-02,0.14625D+03,0.81631D-02
0.16506D+03,0.10953D+01,0.16506D+03,0.80376D-02,0.14640D+03,0.81631D-02
0.16524D+03,0.10932D+01,0.16524D+03,0.80376D-02,0.14656D+03,0.81631D-02
0.16541D+03,0.10911D+01,0.16541D+03,0.80376D-02,0.14671D+03,0.81631D-02
0.16558D+03,0.10890D+01,0.16558D+03,0.80376D-02,0.14686D+03,0.81631D-02
0.16576D+03,0.10869D+01,0.16576D+03,0.80376D-02,0.14702D+03,0.81631D-02
0.16593D+03,0.10848D+01,0.16593D+03,0.80376D-02,0.14717D+03,0.81631D-02
0.16610D+03,0.10827D+01,0.16610D+03,0.80376D-02,0.14732D+03,0.81631D-02
0.16628D+03,0.10806D+01,0.16628D+03,0.80376D-02,0.14748D+03,0.81631D-02
0.16645D+03,0.10785D+01,0.16645D+03,0.80376D-02,0.14763D+03,0.81631D-02
0.16662D+03,0.10765D+01,0.16662D+03,0.80376D-02,0.14779D+03,0.81631D-02
0.16680D+03,0.10744D+01,0.16680D+03,0.80376D-02,0.14794D+03,0.81631D-02
0.16697D+03,0.10723D+01,0.16697D+03,0.80376D-02,0.14809D+03,0.81631D-02
0.16714D+03,0.10702D+01,0.16714D+03,0.80376D-02,0.14825D+03,0.81631D-02
0.16732D+03,0.10681D+01,0.16732D+03,0.80376D-02,0.14840D+03,0.81631D-02
0.16749D+03,0.10660D+01,0.16749D+03,0.80376D-02,0.14855D+03,0.81631D-02
0.16766D+03,0.10639D+01,0.16766D+03,0.80376D-02,0.14871D+03,0.81631D-02
0.16784D+03,0.10618D+01,0.16784D+03,0.80376D-02,0.14886D+03,0.81631D-02
0.16801D+03,0.10597D+01,0.16801D+03,0.80376D-02,0.14901D+03,0.81631D-02
0.16818D+03,0.10576D+01,0.16818D+03,0.80376D-02,0.14917D+03,0.81631D-02
0.16836D+03,0.10555D+01,0.16836D+03,0.80376D-02,0.14932D+03,0.81631D-02
0.16853D+03,0.10535D+01,0.16853D+03,0.80376D-02,0.14948D+03,0.81631D-02
0.16870D+03,0.10514D+01,0.16870D+03,0.80376D-02,0.14963D+03,0.81631D-02
0.16887D+03,0.10493D+01,0.16887D+03,0.80376D-02,0.14978D+03,0.81631D-02
0.16905D+03,0.10474D+01,0.16905D+03,0.79237D-02,0.14994D+03,0.81631D-02
0.16922D+03,0.10454D+01,0.16922D+03,0.79237D-02,0.15009D+03,0.81631D-02
0.16939D+03,0.10434D+01,0.16939D+03,0.79237D-02,0.15024D+03,0.81631D-02
0.16957D+03,0.10414D+01,0.16957D+03,0.79237D-02,0.15040D+03,0.81631D-02
0.16974D+03,0.10394D+01,0.16974D+03,0.79237D-02,0.15055D+03,0.81631D-02
0.16991D+03,0.10375D+01,0.16991D+03,0.79237D-02,0.15070D+03,0.81631D-02
0.17009D+03,0.10355D+01,0.17009D+03,0.79237D-02,0.15086D+03,0.81631D-02
0.17026D+03,0.10335D+01,0.17026D+03,0.79237D-02,0.15101D+03,0.81631D-02
0.17043D+03,0.10315D+01,0.17043D+03,0.79237D-02,0.15116D+03,0.81631D-02
0.17061D+03,0.10295D+01,0.17061D+03,0.79237D-02,0.15132D+03,0.81631D-02
0.17078D+03,0.10276D+01,0.17078D+03,0.79237D-02,0.15147D+03,0.81631D-02
0.17095D+03,0.10256D+01,0.17095D+03,0.79237D-02,0.15163D+03,0.81631D-02
0.17113D+03,0.10236D+01,0.17113D+03,0.79237D-02,0.15178D+03,0.81631D-02
0.17130D+03,0.10216D+01,0.17130D+03,0.79237D-02,0.15193D+03,0.81631D-02
0.17147D+03,0.10196D+01,0.17147D+03,0.79237D-02,0.15209D+03,0.81631D-02
0.17165D+03,0.10177D+01,0.17165D+03,0.79237D-02,0.15224D+03,0.81631D-02
0.17182D+03,0.10157D+01,0.17182D+03,0.79237D-02,0.15239D+03,0.81631D-02
0.17199D+03,0.10137D+01,0.17199D+03,0.79237D-02,0.15255D+03,0.81631D-02
0.17217D+03,0.10117D+01,0.17217D+03,0.79237D-02,0.15270D+03,0.81631D-02
0.17234D+03,0.10098D+01,0.17234D+03,0.79237D-02,0.15285D+03,0.81631D-02
0.17251D+03,0.10078D+01,0.17251D+03,0.79237D-02,0.15301D+03,0.81631D-02
0.17269D+03,0.10058D+01,0.17269D+03,0.79237D-02,0.15316D+03,0.81631D-02
0.17286D+03,0.10038D+01,0.17286D+03,0.79237D-02,0.15332D+03,0.81631D-02
0.17303D+03,0.10018D+01,0.17303D+03,0.79237D-02,0.15347D+03,0.81631D-02
0.17321D+03,0.99985D+00,0.17321D+03,0.79237D-02,0.15362D+03,0.81631D-02
