4.330127018922194E-4,2.610945012143197
0.0012990381056766582,2.6094448713228737
0.002165063509461097,2.6079447305025516
0.003031088913245536,2.606444589682228
0.0038971143170299745,2.604944448861905
0.004763139720814413,2.603444308041582
0.005629165124598852,2.601944167221258
0.006495190528383291,2.600444026400936
0.00736121593216773,2.5989438855806126
0.008227241335952169,2.597443744760289
0.009093266739736608,2.595943603939966
0.009959292143521046,2.5944434631196436
0.010825317547305487,2.5929433222993206
0.011691342951089924,2.591443181478997
0.012557368354874364,2.5899430406586745
0.013423393758658801,2.5884428998383515
0.01428941916244324,2.586942759018028
0.015155444566227682,2.5854426181977055
0.016021469970012116,2.583942477377382
0.01688749537379656,2.582442336557059
0.017753520777580998,2.5809421957367356
0.018619546181365434,2.5794420549164134
0.019485571585149873,2.5779419140960895
0.020351596988934312,2.576441773275767
0.021217622392718752,2.574941632455444
0.022083647796503188,2.573441491635121
0.022949673200287627,2.571941350814798
0.023815698604072066,2.570441209994475
0.024681724007856506,2.5689410691741514
0.025547749411640945,2.5674409283538284
0.026413774815425384,2.5659407875335054
0.027279800219209824,2.5644406467131824
0.028145825622994263,2.562940505892859
0.029011851026778702,2.561440365072536
0.029877876430563142,2.559940224252213
0.030743901834347574,2.5584400834318903
0.03160992723813202,2.5569399426115673
0.03247595264191645,2.5554398017912443
0.033341978045700896,2.5539396609709213
0.03420800344948533,2.552439520150598
0.035074028853269774,2.5509393793302744
0.03594005425705421,2.549439238509952
0.03680607966083865,2.5479390976896292
0.03767210506462309,2.5464389568693053
0.038538130468407525,2.5449388160489823
0.03940415587219197,2.5434386752286597
0.040270181275976404,2.5419385344083367
0.041136206679760846,2.5404383935880133
0.04200223208354528,2.5389382527676903
0.042868257487329725,2.5374381119473672
0.04373428289111416,2.535937971127044
0.0446003082948986,2.5344378303067208
0.04546633369868304,2.5329376894863977
0.046332359102467476,2.5314375486660747
0.04719838450625192,2.529937407845752
0.048064409910036354,2.5284372670254287
0.0489304353138208,2.526937126205106
0.04979646071760523,2.5254369853847827
0.050662486121389676,2.5239368445644597
0.051528511525174105,2.522436703744136
0.05239453692895855,2.520936562923813
0.05326056233274298,2.5194364221034906
0.054126587736527426,2.5179362812831676
0.05499261314031187,2.5164361404628446
0.055858638544096305,2.514935999642521
0.05672466394788075,2.5134358588221986
0.057590689351665184,2.511935718001875
0.058456714755449626,2.510435577181552
0.05932274015923406,2.508935436361229
0.060188765563018505,2.507435295540906
0.061054790966802934,2.505935154720583
0.06192081637058737,2.5044350139002596
0.06278684177437181,2.502934873079937
0.06365286717815626,2.5014375791769656
0.06451889258194068,2.4999423301390618
0.06538491798572513,2.4984470811011588
0.06625094338950957,2.4969518320632553
0.06711696879329401,2.4954565830253523
0.06798299419707844,2.493961333987449
0.06884901960086288,2.4924660849495455
0.06971504500464733,2.490970835911642
0.07058107040843177,2.4894755868737395
0.0714470958122162,2.4879803378358365
0.07231312121600064,2.4864850887979326
0.07317914661978508,2.484989839760029
0.07404517202356953,2.483494590722126
0.07491119742735396,2.4819993416842228
0.07577722283113839,2.4805040926463198
0.07664324823492283,2.4790088436084163
0.07750927363870727,2.4775135945705125
0.07837529904249171,2.47601834553261
0.07924132444627616,2.4745230964947065
0.08010734985006059,2.473027847456803
0.08097337525384503,2.4715325984189
0.08183940065762947,2.470066876367055
0.08270542606141391,2.4686050582344983
0.08357145146519834,2.4671432401019406
0.08443747686898279,2.465681421969384
0.08530350227276723,2.4642196038368263
0.08616952767655167,2.4627577857042695
0.0870355530803361,2.4612959675717128
0.08790157848412054,2.4598341494391556
0.08876760388790497,2.4583723313065984
0.08963362929168942,2.456910513174041
0.09049965469547386,2.4554486950414844
0.09136568009925829,2.4539868769089273
0.09223170550304273,2.45252505877637
0.09309773090682717,2.4510632406438133
0.09396375631061162,2.449601422511256
0.09482978171439604,2.4481396043786985
0.09569580711818049,2.4466777862461417
0.09656183252196493,2.445215968113585
0.09742785792574937,2.443754149981028
0.09829388332953382,2.4422923318484706
0.09915990873331824,2.4408305137159134
0.10002593413710269,2.4393686955833567
0.10089195954088713,2.437906877450799
0.10175798494467156,2.436444224893157
0.102624010348456,2.4349774663423642
0.10349003575224043,2.433510707791571
0.10435606115602487,2.4320439492407773
0.10522208655980932,2.430577190689984
0.10608811196359376,2.4291104321391903
0.10695413736737819,2.427643673588397
0.10782016277116263,2.426176915037604
0.10868618817494707,2.42471015648681
0.10955221357873152,2.423243397936017
0.11041823898251595,2.4217766393852234
0.11128426438630039,2.42030988083443
0.11215028979008483,2.4188431222836364
0.11301631519386927,2.4173763637328434
0.1138823405976537,2.4159096051820503
0.11474836600143815,2.4144428466312564
0.11561439140522259,2.412976088080463
0.11648041680900703,2.41150932952967
0.11734644221279147,2.4100425709788764
0.1182124676165759,2.4085764921743267
0.11907849302036035,2.4071305990774667
0.11994451842414479,2.405684705980607
0.12081054382792923,2.404238812883746
0.12167656923171366,2.402792919786886
0.12254259463549808,2.4013470266900256
0.12340862003928252,2.3999011335931653
0.12427464544306696,2.3984552404963053
0.1251406708468514,2.397009347399445
0.12600669625063585,2.395563454302584
0.1268727216544203,2.394117561205724
0.12773874705820473,2.3926716681088642
0.12860477246198915,2.3912201322637556
0.1294707978657736,2.3897640333409007
0.13033682326955803,2.3883079344180453
0.13120284867334248,2.38685183549519
0.13206887407712692,2.3853957365723346
0.13293489948091136,2.3839396376494797
0.1338009248846958,2.3824835387266243
0.13466695028848025,2.381027439803769
0.13553297569226466,2.379571340880914
0.1363990010960491,2.3781152419580582
0.13726502649983355,2.3767039233065494
0.138131051903618,2.375330409281631
0.13899707730740243,2.3739568952567134
0.13986310271118688,2.372583381231795
0.14072912811497132,2.371209867206877
0.14159515351875576,2.369836353181958
0.1424611789225402,2.3684628391570404
0.14332720432632462,2.367089325132122
0.14419322973010906,2.3657158111072043
0.1450592551338935,2.364342297082286
0.14592528053767795,2.3629687830573674
0.1467913059414624,2.3615952690324495
0.14765733134524683,2.360221755007531
0.14852335674903128,2.3588482409826135
0.1493893821528157,2.357474726957695
0.15025540755660013,2.356101212932777
0.15112143296038458,2.3547276989078583
0.151987458364169,2.353354184882941
0.15285348376795344,2.351980670858022
0.15371950917173788,2.3506071568331044
0.15458553457552232,2.349233642808186
0.15545155997930676,2.347860128783268
0.1563175853830912,2.3464866147583496
0.15718361078687565,2.345113100733431
0.1580496361906601,2.343739586708513
0.1589156615944445,2.3423660726835953
0.15978168699822895,2.340992558658677
0.1606477124020134,2.3396190446337584
0.16151373780579784,2.3382455306088406
0.16237976320958228,2.3368720165839223
0.16324578861336672,2.3354985025590045
0.16411181401715116,2.3341249885340862
0.1649778394209356,2.3327514745091675
0.16584386482472005,2.3313779604842497
0.16670989022850446,2.330004446459331
0.1675759156322889,2.328630932434413
0.16844194103607335,2.327257418409495
0.1693079664398578,2.325883904384577
0.17017399184364224,2.3245103903596585
0.17104001724742668,2.3231368763347406
0.17190604265121112,2.3217633623098224
0.17277206805499556,2.3204036335302773
0.17363809345877998,2.3190589082095423
0.17450411886256442,2.317714182888807
0.17537014426634887,2.316369457568072
0.17623616967013328,2.315066010804429
0.17710219507391772,2.3138121993875966
0.17796822047770217,2.3125583879707636
0.1788342458814866,2.311304576553931
0.17970027128527105,2.310050765137098
0.1805662966890555,2.3087969537202655
0.18143232209283994,2.3075431423034325
0.18229834749662435,2.3062893308866
0.1831643729004088,2.3050355194697674
0.18403039830419324,2.3037817080529344
0.18489642370797768,2.3025278966361014
0.18576244911176212,2.301274085219269
0.18662847451554657,2.300020273802436
0.187494499919331,2.2987664623856032
0.18836052532311545,2.29751265096877
0.1892265507268999,2.296258839551938
0.1900925761306843,2.2950050281351055
0.19095860153446875,2.2937445303063746
0.1918246269382532,2.292476276872905
0.19269065234203764,2.2912080234394354
0.19355667774582208,2.2899397700059656
0.19442270314960652,2.2886715165724962
0.19528872855339097,2.287403263139027
0.1961547539571754,2.286135009705557
0.19702077936095982,2.2848667562720872
0.19788680476474427,2.283598502838618
0.1987528301685287,2.2823302494051485
0.19961885557231315,2.2810619959716787
0.2004848809760976,2.279793742538209
0.20135090637988204,2.2785254891047395
0.20221693178366648,2.2772572356712697
0.2030829571874509,2.2759889822378003
0.20394898259123534,2.2747207288043305
0.20481500799501978,2.273452475370861
0.2056810333988042,2.2721842219373913
0.20654705880258864,2.2709159685039215
0.20741308420637308,2.2696477150704517
0.20827910961015753,2.268379461636983
0.20914513501394197,2.2671112082035134
0.2100111604177264,2.265842954770043
0.21087718582151085,2.264574701336574
0.2117432112252953,2.2633320381356885
0.21260923662907974,2.2621195890239045
0.21347526203286415,2.260907139912122
0.2143412874366486,2.2596946908003384
0.21520731284043304,2.2584822416885544
0.21607333824421748,2.2572697925767713
0.21693936364800193,2.2560573434649873
0.21780538905178637,2.2548448943532042
0.2186714144555708,2.2536692266903633
0.21953743985935525,2.2524948349066367
0.22040346526313967,2.25132044312291
0.2212694906669241,2.2501460513391836
0.22213551607070856,2.248971659555457
0.223001541474493,2.247797267771731
0.22386756687827744,2.2466228759880043
0.22473359228206188,2.2454484842042777
0.22559961768584633,2.244274092420551
0.22646564308963077,2.2430997006368245
0.2273316684934152,2.2419253088530975
0.22819769389719963,2.2407509170693714
0.22906371930098407,2.239576525285645
0.2299297447047685,2.238402133501918
0.23079577010855296,2.2372277417181916
0.2316617955123374,2.236053349934465
0.23252782091612184,2.234878958150739
0.23339384631990628,2.2337045663670123
0.23425987172369073,2.2325301745832857
0.23512589712747514,2.231355782799559
0.23599192253125958,2.2301813910158326
0.23685794793504403,2.2290069992321064
0.23772397333882847,2.2278326074483794
0.2385899987426129,2.226658215664653
0.23945602414639736,2.2254838238809262
0.2403220495501818,2.2243094320971997
0.24118807495396624,2.223135040313473
0.24205410035775068,2.221960648529747
0.2429201257615351,2.22078625674602
0.24378615116531951,2.219611864962294
0.24465217656910393,2.2184374731785677
0.24551820197288837,2.2172630813948406
0.24638422737667282,2.2160886896111136
0.24725025278045726,2.2149142978273875
0.2481162781842417,2.2137399060436613
0.24898230358802614,2.2125655142599343
0.2498483289918106,2.211417210933892
0.25071435439559503,2.210353397766896
0.25158037979937947,2.2092895845999005
0.2524464052031639,2.208225771432905
0.25331243060694836,2.207161958265909
0.2541784560107328,2.2060981450989137
0.25504448141451724,2.205034331931918
0.25591050681830163,2.2039705187649226
0.2567765322220861,2.2029067055979272
0.2576425576258705,2.201842892430931
0.25850858302965496,2.2007790792639357
0.2593746084334394,2.19971526609694
0.26024063383722384,2.1986514529299446
0.2611066592410083,2.1975871249195293
0.26197268464479273,2.1965191925999594
0.2628387100485772,2.19545126028039
0.2637047354523616,2.194383327960821
0.26457076085614606,2.193315395641251
0.2654367862599305,2.1922474633216815
0.26630281166371494,2.191179531002112
0.2671688370674994,2.1901115986825426
0.26803486247128383,2.189043666362973
0.2689008878750683,2.187975734043403
0.2697669132788527,2.186907801723834
0.27063293868263716,2.185839869404265
0.27149896408642155,2.1847719370846956
0.272364989490206,2.1837040047651266
0.27323101489399043,2.182636072445557
0.2740970402977749,2.181568140125987
0.2749630657015593,2.1805002078064177
0.27582909110534376,2.1794322754868483
0.2766951165091282,2.178364343167279
0.27756114191291265,2.1772964108477098
0.2784271673166971,2.1762284785281403
0.27929319272048153,2.1753138499352773
0.280159218124266,2.174446752582412
0.2810252435280504,2.1735796552295468
0.28189126893183486,2.172712557876682
0.2827572943356193,2.1718454605238167
0.28362331973940375,2.1709783631709514
0.2844893451431882,2.170111265818086
0.28535537054697263,2.169244168465221
0.286221395950757,2.168377071112356
0.28708742135454146,2.1675099737594903
0.2879534467583259,2.1666428764066255
0.28881947216211035,2.1657757790537597
0.2896854975658948,2.1649086817008945
0.29055152296967923,2.1640415843480296
0.2914175483734637,2.1631744869951643
0.2922835737772481,2.1623006493733308
0.29314959918103256,2.1613800446811067
0.294015624584817,2.1604594399888835
0.29488164998860145,2.1595388352966602
0.2957476753923859,2.1586182306044366
0.29661370079617033,2.1576976259122134
0.2974797261999548,2.1567770212199897
0.29834575160373916,2.1558564165277665
0.2992117770075236,2.154935811835543
0.30007780241130805,2.1540152071433196
0.3009438278150925,2.153094602451096
0.30180985321887693,2.1521739977588727
0.3026758786226613,2.151253393066649
0.30354190402644576,2.150332788374426
0.3044079294302302,2.1494121836822018
0.30527395483401465,2.1484915789899786
0.3061399802377991,2.147570974297755
0.30700600564158353,2.1466503696055317
0.307872031045368,2.1457297649133085
0.3087380564491524,2.144809160221085
0.30960408185293686,2.1438825091122737
0.3104701072567213,2.1429420356352846
0.31133613266050575,2.142001562158296
0.3122021580642902,2.141061088681307
0.31306818346807463,2.140120615204318
0.3139342088718591,2.139180141727329
0.3148002342756435,2.13823966825034
0.31566625967942796,2.137299194773351
0.3165322850832124,2.136358721296362
0.3173983104869968,2.135418247819373
0.31826433589078124,2.134477774342384
0.3191303612945657,2.133537300865395
0.3199963866983501,2.1325968273884057
0.32086241210213456,2.131656353911417
0.321728437505919,2.130715880434428
0.32259446290970345,2.1297754069574393
0.3234604883134879,2.12883493348045
0.32432651371727234,2.127894460003461
0.3251925391210568,2.126953986526472
0.3260585645248412,2.1260708568956033
0.32692458992862566,2.125313071246218
0.3277906153324101,2.124555285596833
0.32865664073619455,2.123797499947448
0.329522666139979,2.123039714298063
0.33038869154376344,2.1222819286486776
0.3312547169475479,2.1215241429992924
0.3321207423513323,2.120766357349907
0.3329867677551167,2.120008571700522
0.33385279315890115,2.119250786051137
0.3347188185626856,2.118493000401752
0.33558484396647004,2.1177352147523667
0.3364508693702545,2.116977429102982
0.3373168947740389,2.1162196434535963
0.33818292017782337,2.1154618578042115
0.3390489455816078,2.1147040721548263
0.33991497098539225,2.113946286505441
0.3407809963891767,2.113188500856056
0.34164702179296114,2.112430715206671
0.3425130471967456,2.111672929557286
0.34337907260053,2.1109151439079
0.34424509800431446,2.1101573582585154
0.3451111234080989,2.10939957260913
0.34597714881188335,2.1086449937916263
0.3468431742156678,2.107906178663774
0.3477091996194522,2.1071673635359214
0.3485752250232366,2.1064285484080685
0.34944125042702107,2.105689733280216
0.3503072758308055,2.1049509181523636
0.35117330123458995,2.1042121030245107
0.35203932663837434,2.103473287896658
0.3529053520421588,2.1027344727688053
0.3537713774459432,2.101995657640953
0.35463740284972767,2.1012568425131004
0.3555034282535121,2.100518027385248
0.35636945365729655,2.099779212257395
0.357235479061081,2.0990403971295426
0.35810150446486544,2.09830158200169
0.3589675298686499,2.0975627668738372
0.3598335552724343,2.096825168748586
0.36069958067621877,2.0960921655507168
0.3615656060800032,2.0953591623528482
0.36243163148378765,2.094626159154979
0.3632976568875721,2.0938931559571095
0.3641636822913565,2.093160152759241
0.3650297076951409,2.0924271495613715
0.36589573309892537,2.0916941463635026
0.3667617585027098,2.090961143165633
0.36762778390649425,2.0902281399677647
0.3684938093102787,2.0894951367698953
0.36935983471406314,2.088762133572027
0.3702258601178476,2.0880291303741574
0.371091885521632,2.087296127176288
0.37195791092541647,2.0865631239784186
0.3728239363292009,2.08583012078055
0.37368996173298535,2.085097117582681
0.3745559871367698,2.0843641143848117
0.37542201254055424,2.0836311111869428
0.3762880379443387,2.08293390771072
0.3771540633481231,2.0823268553622127
0.37802008875190757,2.081719803013706
0.37888611415569196,2.0811127506651985
0.3797521395594764,2.0805056983166916
0.38061816496326084,2.079898645968184
0.3814841903670453,2.079291593619677
0.3823502157708297,2.0786845412711696
0.38321624117461417,2.0780774889226623
0.3840822665783986,2.077470436574155
0.38494829198218306,2.0768633842256476
0.3858143173859675,2.0762563318771403
0.38668034278975194,2.0756492795286334
0.3875463681935364,2.075042227180126
0.3884123935973208,2.0744351748316188
0.38927841900110527,2.0738281224831114
0.3901444444048897,2.0732210701346045
0.39101046980867415,2.072614017786097
0.3918764952124586,2.07200696543759
0.39274252061624304,2.0713999130890826
0.3936085460200275,2.0707928607405752
0.39447457142381187,2.070185808392068
0.3953405968275963,2.0695787560435606
0.39620662223138076,2.0689717036950537
0.3970726476351652,2.0683646513465463
0.39793867303894964,2.067757598998039
0.3988046984427341,2.0671505466495317
0.3996707238465185,2.0665434943010244
0.40053674925030297,2.0659364419525175
0.4014027746540874,2.06532938960401
0.40226880005787186,2.0647223372555024
0.4031348254616563,2.064115284906996
0.40400085086544074,2.0635082325584886
0.4048668762692252,2.0629011802099813
0.4057329016730096,2.0622941278614735
0.406598927076794,2.0616870755129666
0.40746495248057846,2.0610800231644593
0.4083309778843629,2.0604729708159524
0.40919700328814734,2.0598659184674446
0.4100630286919318,2.0592588661189373
0.4109290540957162,2.0586518137704304
0.4117950794995006,2.0580447614219235
0.41266110490328506,2.057437709073416
0.4135271303070695,2.0568306567249084
0.41439315571085394,2.056223604376401
0.4152591811146384,2.055616552027894
0.41612520651842283,2.0550094996793873
0.4169912319222073,2.0544024473308795
0.4178572573259917,2.053795394982372
0.41872328272977616,2.053188342633865
0.4195893081335606,2.052581290285358
0.42045533353734504,2.0519742379368506
0.4213213589411295,2.0513671855883433
0.42218738434491393,2.050760133239836
0.4230534097486984,2.050153080891329
0.4239194351524828,2.0495460285428218
0.42478546055626726,2.0489389761943144
0.42565148596005165,2.048331923845807
0.4265175113638361,2.0477248714973
0.42738353676762053,2.047117819148793
0.428249562171405,2.0465107668002855
0.4291155875751894,2.045903714451778
0.42998161297897386,2.045296662103271
0.4308476383827583,2.0446896097547635
0.43171366378654275,2.0440825574062567
0.4325796891903272,2.0434755050577493
0.4334457145941116,2.0429208628768323
0.434311739997896,2.042418630863506
0.43517776540168046,2.04191639885018
0.4360437908054649,2.0414141668368537
0.43690981620924935,2.0409119348235274
0.4377758416130338,2.0404097028102015
0.43864186701681823,2.0399074707968747
0.4395078924206027,2.039405238783549
0.4403739178243871,2.0389030067702225
0.44123994322817156,2.0384007747568966
0.442105968631956,2.03789854274357
0.4429719940357404,2.037396310730244
0.44383801943952483,2.036894078716918
0.4447040448433093,2.0363918467035913
0.4455700702470937,2.0358896146902645
0.44643609565087816,2.0353873826769386
0.4473021210546626,2.0348851506636128
0.44816814645844705,2.0343829186502864
0.4490341718622315,2.03388068663696
0.44990019726601593,2.0333784546236338
0.4507662226698004,2.0328762226103074
0.4516322480735848,2.032373990596981
0.45249827347736926,2.031871758583655
0.4533642988811537,2.031369526570329
0.45423032428493815,2.030867294557003
0.4550963496887226,2.030365062543676
0.45596237509250703,2.02986283053035
0.4568284004962915,2.0293605985170236
0.45769442590007586,2.0288583665036977
0.4585604513038603,2.0283561344903718
0.45942647670764475,2.027853902477045
0.4602925021114292,2.0273516704637182
0.46115852751521363,2.026849438450393
0.4620245529189981,2.026347206437066
0.4628905783227825,2.02584497442374
0.46375660372656696,2.025342742410414
0.4646226291303514,2.024840510397088
0.46548865453413585,2.024338278383761
0.4663546799379203,2.0238360463704352
0.46722070534170473,2.0233338143571085
0.4680867307454892,2.0228315823437826
0.4689527561492736,2.0223293503304567
0.46981878155305806,2.02182711831713
0.4706848069568425,2.021324886303804
0.47155083236062695,2.0208226542904777
0.47241685776441134,2.020320422277152
0.4732828831681958,2.019818190263825
0.4741489085719802,2.0193159582504987
0.47501493397576466,2.018813726237173
0.4758809593795491,2.018311494223847
0.47674698478333355,2.01780926221052
0.477613010187118,2.0173070301971934
0.47847903559090244,2.016804798183868
0.4793450609946869,2.016302566170541
0.4802110863984713,2.0158003341572153
0.48107711180225576,2.015298102143889
0.4819431372060402,2.0147958701305626
0.48280916260982465,2.0142936381172367
0.4836751880136091,2.01379140610391
0.48454121341739353,2.0132891740905836
0.485407238821178,2.0127869420772577
0.4862732642249624,2.0122847100639314
0.48713928962874686,2.011782478050605
0.48800531503253125,2.011280246037279
0.4888713404363157,2.010803237026857
0.48973736584010014,2.010367363327889
0.4906033912438846,2.009931489628922
0.491469416647669,2.0094956159299553
0.49233544205145346,2.009059742230988
0.4932014674552379,2.008623868532021
0.49406749285902235,2.0081879948330537
0.4949335182628068,2.0077521211340863
0.49579954366659124,2.007316247435119
0.4966655690703757,2.0068803737361525
0.4975315944741601,2.0064429350479154
0.49839761987794456,2.006003247113185
0.499263645281729,2.005563559178454
0.5001296706855134,2.0051238712437236
0.5009956960892978,2.004684183308993
0.5018617214930823,2.0042444953742624
0.5027277468968667,2.0038048074395323
0.5035937723006512,2.0033651195048012
0.5044597977044356,2.0029254315700706
0.50532582310822,2.0024857436353396
0.5061918485120045,2.002046055700609
0.5070578739157889,2.001606367765879
0.5079238993195734,2.001166679831148
0.5087899247233578,2.0007269918964172
0.5096559501271423,2.0002873039616866
0.5105219755309267,1.999847616026956
0.5113880009347112,1.999407928092225
0.5122540263384956,1.9989682401574949
0.51312005174228,1.998528552222764
0.5139860771460645,1.998088864288033
0.5148521025498489,1.9976491763533029
0.5157181279536334,1.9972094884185723
0.5165841533574178,1.9967698004838417
0.5174501787612023,1.9963301125491106
0.5183162041649867,1.9958896580404064
0.5191822295687711,1.9954486507853189
0.5200482549725556,1.9950076435302322
0.52091428037634,1.9945666362751449
0.5217803057801245,1.9941256290200577
0.5226463311839089,1.9936846217649709
0.5235123565876934,1.9932436145098837
0.5243783819914777,1.9928026072547966
0.5252444073952621,1.9923615999997097
0.5261104327990466,1.9919205927446226
0.526976458202831,1.9914795854895355
0.5278424836066155,1.9910385782344486
0.5287085090103999,1.990597570979362
0.5295745344141843,1.9901565637242744
0.5304405598179688,1.9897155564691877
0.5313065852217532,1.9892745492141004
0.5321726106255377,1.9888335419590133
0.5330386360293221,1.9883925347039264
0.5339046614331066,1.9879515274488389
0.534770686836891,1.9875105201937522
0.5356367122406754,1.9870695129386649
0.5365027376444599,1.9866285056835782
0.5373687630482443,1.9861874984284908
0.5382347884520288,1.9857764608741744
0.5391008138558132,1.9853703032311605
0.5399668392595977,1.9849641455881462
0.5408328646633821,1.984557987945132
0.5416988900671664,1.9841518303021175
0.5425649154709509,1.9837456726591036
0.5434309408747353,1.9833395150160893
0.5442969662785198,1.9829333573730752
0.5451629916823042,1.9825271997300613
0.5460290170860886,1.9821210420870468
0.5468950424898731,1.9817148844440324
0.5477610678936575,1.9813087268010183
0.548627093297442,1.9809137306907878
0.5494931187012264,1.98053867266792
0.5503591441050109,1.9801636146450516
0.5512251695087953,1.9797885566221836
0.5520911949125797,1.9794134985993155
0.5529572203163642,1.9790384405764472
0.5538232457201486,1.9786633825535793
0.5546892711239331,1.9782883245307112
0.5555552965277175,1.977913266507843
0.556421321931502,1.9775382084849749
0.5572873473352864,1.9771631504621066
0.5581533727390708,1.9767880924392383
0.5590193981428552,1.9764130344163702
0.5598854235466396,1.9760379763935023
0.5607514489504241,1.9756629183706342
0.5616174743542085,1.975287860347766
0.5624834997579929,1.9749128023248976
0.5633495251617774,1.9745377443020296
0.5642155505655618,1.9741626862791617
0.5650815759693463,1.973787628256294
0.5659476013731307,1.9734125702334258
0.5668136267769152,1.9730375122105572
0.5676796521806996,1.9726624541876894
0.568545677584484,1.972287396164821
0.5694117029882685,1.971912338141953
0.5702777283920529,1.9715372801190851
0.5711437537958374,1.9711622220962164
0.5720097791996218,1.9707871640733488
0.5728758046034063,1.9704121060504804
0.5737418300071907,1.9700370480276124
0.5746078554109751,1.9696619900047445
0.5754738808147596,1.9692869319818764
0.576339906218544,1.9689118739590077
0.5772059316223285,1.9685368159361398
0.5780719570261129,1.9681617579132717
0.5789379824298974,1.967786699890404
0.5798040078336818,1.9674116418675358
0.5806700332374662,1.9670365838446675
0.5815360586412507,1.9666615258217994
0.5824020840450351,1.9662864677989311
0.5832681094488196,1.965911409776063
0.584134134852604,1.9655363517531952
0.5850001602563885,1.965161293730327
0.5858661856601729,1.9647862357074588
0.5867322110639573,1.9644111776845905
0.5875982364677418,1.9640361196617224
0.5884642618715261,1.9636610616388546
0.5893302872753106,1.9632860036159863
0.590196312679095,1.9629109455931182
0.5910623380828794,1.9625358875702499
0.5919283634866639,1.9621608295473822
0.5927943888904483,1.961785771524514
0.5936604142942328,1.9614107135016459
0.5945264396980172,1.961035655478778
0.5953924651018017,1.9606605974559095
0.5962584905055861,1.9602855394330412
0.5971245159093705,1.95991168550882
0.597990541313155,1.9595395501668584
0.5988565667169394,1.9591674148248965
0.5997225921207239,1.9587952794829342
0.6005886175245083,1.9584231441409723
0.6014546429282928,1.9580510087990104
0.6023206683320772,1.9576788734570485
0.6031866937358616,1.9573092548741977
0.6040527191396461,1.9569397886127657
0.6049187445434305,1.9565703223513335
0.605784769947215,1.9562008560899011
0.6066507953509994,1.955842966246123
0.6075168207547839,1.9554925746828022
0.6083828461585683,1.9551421831194826
0.6092488715623527,1.9547917915561615
0.6101148969661372,1.9544413999928416
0.6109809223699216,1.9540910655597485
0.6118469477737061,1.953740752988134
0.6127129731774905,1.9533904404165197
0.613578998581275,1.9530439644954787
0.6144450239850594,1.9526986141853966
0.6153110493888438,1.9523532638753145
0.6161770747926283,1.9520079135652326
0.6170431001964127,1.95166256325515
0.6179091256001971,1.951317212945068
0.6187751510039815,1.9509718626349855
0.619641176407766,1.9506265123249034
0.6205072018115504,1.9502811620148213
0.6213732272153348,1.9499358117047387
0.6222392526191193,1.9495904613946566
0.6231052780229037,1.9492451110845743
0.6239713034266882,1.9488997607744918
0.6248373288304726,1.9485544104644101
0.625703354234257,1.9482090601543276
0.6265693796380415,1.9478637098442455
0.6274354050418259,1.947518359534163
0.6283014304456104,1.9471730092240807
0.6291674558493948,1.9468276589139986
0.6300334812531793,1.946482308603916
0.6308995066569637,1.9461369582938344
0.6317655320607481,1.9457916079837518
0.6326315574645326,1.9454462576736693
0.633497582868317,1.9451009073635874
0.6343636082721015,1.944755557053505
0.6352296336758859,1.9444102067434228
0.6360956590796704,1.9440648564333403
0.6369616844834548,1.9437195061232577
0.6378277098872392,1.943374155813176
0.6386937352910237,1.9430288055030935
0.6395597606948081,1.9426834551930114
0.6404257860985926,1.9423381048829291
0.641291811502377,1.941992754572847
0.6421578369061615,1.941647404262765
0.6430238623099459,1.9413020539526824
0.6438898877137303,1.9409567036425999
0.6447559131175148,1.9406113533325178
0.6456219385212992,1.940266003022436
0.6464879639250837,1.9399206527123534
0.6473539893288681,1.9395753024022713
0.6482200147326524,1.9392299520921887
0.6490860401364369,1.9388846017821066
0.6499520655402213,1.938539251472024
0.6508180909440058,1.938193901161942
0.6516841163477901,1.9378485508518597
0.6525501417515746,1.9375032005417776
0.653416167155359,1.9371578502316955
0.6542821925591434,1.9368124999216125
0.6551482179629279,1.9364671496115309
0.6560142433667123,1.9361217993014488
0.6568802687704968,1.9357764489913662
0.6577462941742812,1.935431098681284
0.6586123195780657,1.9350857483712018
0.6594783449818501,1.9347403980611197
0.6603443703856345,1.9343950477510377
0.661210395789419,1.9340641356328174
0.6620764211932034,1.93373615688971
0.6629424465969879,1.9334081781466026
0.6638084720007723,1.933080199403495
0.6646744974045568,1.9327522206603875
0.6655405228083412,1.93242424191728
0.6664065482121256,1.9320962631741725
0.6672725736159101,1.9317682844310649
0.6681385990196945,1.9314278317016254
0.669004624423479,1.9310865074730263
0.6698706498272634,1.930745183244427
0.6707366752310479,1.9304038590158275
0.6716027006348323,1.930062534787228
0.6724687260386167,1.929721210558629
0.6733347514424012,1.92937988633003
0.6742007768461856,1.9290385621014305
0.6750668022499701,1.928697237872831
0.6759328276537545,1.9283559136442316
0.676798853057539,1.9280145894156322
0.6776648784613234,1.9276732651870332
0.6785309038651078,1.9273319409584337
0.6793969292688923,1.9269906167298343
0.6802629546726767,1.9266492925012353
0.6811289800764612,1.9263079682726363
0.6819950054802455,1.9259666440440364
0.6828610308840299,1.925625319815437
0.6837270562878144,1.9253000777832268
0.6845930816915988,1.9249767334070627
0.6854591070953833,1.924653389030899
0.6863251324991677,1.9243300446547347
0.6871911579029522,1.9240067002785708
0.6880571833067366,1.9236833559024071
0.688923208710521,1.9233600115262428
0.6897892341143055,1.9230366671500791
0.6906552595180899,1.9227133227739155
0.6915212849218744,1.922389978397751
0.6923873103256588,1.9220666340215873
0.6932533357294433,1.9217432896454232
0.6941193611332277,1.9214199452692593
0.6949853865370121,1.9210966008930954
0.6958514119407966,1.9207732565169315
0.696717437344581,1.9204499121407674
0.6975834627483655,1.9201265677646033
0.6984494881521499,1.9198032233884397
0.6993155135559344,1.9194798790122756
0.7001815389597188,1.9191565346361115
0.7010475643635032,1.9188331902599478
0.7019135897672877,1.9185098458837837
0.7027796151710721,1.91818650150762
0.7036456405748566,1.9178631571314557
0.704511665978641,1.917539812755292
0.7053776913824255,1.917216468379128
0.7062437167862099,1.9168931240029639
0.7071097421899943,1.9165697796268002
0.7079757675937788,1.9162464352506359
0.7088417929975632,1.915923090874472
0.7097078184013477,1.915599746498308
0.7105738438051321,1.9152707834281841
0.7114398692089164,1.9149367983576808
0.7123058946127009,1.9146028132871773
0.7131719200164853,1.9142688282166742
0.7140379454202698,1.9139348431461705
0.7149039708240542,1.9136008580756678
0.7157699962278387,1.9132668730051645
0.7166360216316231,1.9129328879346614
0.7175020470354075,1.9125989028641581
0.718368072439192,1.9122649177936546
0.7192340978429764,1.9119309327231513
0.7201001232467609,1.9115969476526478
0.7209661486505453,1.911262962582145
0.7218321740543298,1.9109289775116414
0.7226981994581142,1.910586419080295
0.7235642248618986,1.910243222191781
0.7244302502656831,1.9099000253032672
0.7252962756694675,1.9095568284147533
0.726162301073252,1.9092136315262394
0.7270283264770364,1.908870434637725
0.7278943518808209,1.9085272377492115
0.7287603772846053,1.9081840408606972
0.7296264026883897,1.9078408439721835
0.7304924280921742,1.9074976470836695
0.7313584534959586,1.9071544501951556
0.7322244788997431,1.9068112533066415
0.7330905043035275,1.9064680564181276
0.733956529707312,1.9061248595296136
0.7348225551110964,1.9057816626411
0.7356885805148808,1.90542675015162
0.7365546059186653,1.905068637492185
0.7374206313224497,1.9047105248327498
0.7382866567262342,1.9043532339900018
0.7391526821300186,1.9039998769665853
0.740018707533803,1.9036465199431694
0.7408847329375874,1.9032931629197536
0.7417507583413718,1.9029398058963376
0.7426167837451563,1.902586448872921
0.7434828091489407,1.9022330918495054
0.7443488345527252,1.9018797348260892
0.7452148599565096,1.9015263778026728
0.746080885360294,1.9011730207792568
0.7469469107640785,1.9008196637558405
0.7478129361678629,1.9004663067324246
0.7486789615716474,1.9001129497090083
0.7495449869754318,1.8997602308588415
0.7504110123792163,1.899427669249338
0.7512770377830007,1.8990951076398348
0.7521430631867851,1.8987625460303312
0.7530090885905696,1.8984299844208277
0.753875113994354,1.8980974228113245
0.7547411393981385,1.8977648612018212
0.7556071648019229,1.8974322995923176
0.7564731902057074,1.8970997379828145
0.7573392156094918,1.896767176373311
0.7582052410132761,1.8964346147638076
0.7590712664170606,1.8961021317453746
0.759937291820845,1.8957721983198066
0.7608033172246295,1.8954422648942388
0.7616693426284139,1.8951123314686704
0.7625353680321983,1.8947823980431022
0.7634013934359828,1.8944524646175345
0.7642674188397672,1.8941225311919667
0.7651334442435517,1.893792597766399
0.7659994696473361,1.8934626643408303
0.7668654950511206,1.8931327309152626
0.767731520454905,1.8928027974896944
0.7685975458586894,1.8924728640641264
0.7694635712624739,1.8921429306385587
0.7703295966662583,1.891812997212991
0.7711956220700428,1.8914830637874227
0.7720616474738272,1.8911531303618545
0.7729276728776117,1.8908231969362863
0.7737936982813961,1.8904932635107186
0.7746597236851805,1.8901633300851504
0.7755257490889649,1.8898333966595824
0.7763917744927493,1.8895034632340142
0.7772577998965338,1.8891735298084464
0.7781238253003182,1.8888435963828782
0.7789898507041026,1.88851366295731
0.7798558761078871,1.8881837295317423
0.7807219015116715,1.887853796106174
0.781587926915456,1.8875238626806063
0.7824539523192404,1.8871939292550381
0.7833199777230249,1.8868639958294702
0.7841860031268093,1.886534062403902
0.7850520285305937,1.8862041289783342
0.7859180539343782,1.8858741955527665
0.7867840793381626,1.8855442621271978
0.7876501047419471,1.8852143291879042
0.7885161301457315,1.8848844183144924
0.789382155549516,1.8845545074410797
0.7902481809533004,1.8842245965676667
0.7911142063570848,1.8838946856942542
0.7919802317608693,1.8835647748208417
0.7928462571646537,1.883234863947429
0.7937122825684382,1.8829049530740163
0.7945783079722226,1.8825750422006036
0.7954443333760071,1.8822451313271908
0.7963103587797915,1.8819152204537786
0.797176384183576,1.8815853095803659
0.7980424095873604,1.8812553987069534
0.7989084349911448,1.8809254878335406
0.7997744603949293,1.8805467242246803
0.8006404857987137,1.8801266539116592
0.8015065112024982,1.8797065835986384
0.8023725366062826,1.8792865132856174
0.803238562010067,1.8788664429725963
0.8041045874138515,1.8784463726595755
0.8049706128176358,1.8780263023465547
0.8058366382214203,1.8776062320335336
0.8067026636252047,1.8771861617205126
0.8075686890289892,1.8767660914074917
0.8084347144327736,1.876346021094471
0.809300739836558,1.8759259507814503
0.8101667652403425,1.875505880468429
0.8110327906441269,1.8750858101554084
0.8118988160479114,1.8746657398423876
0.8127648414516958,1.8742456695293666
0.8136308668554803,1.8738255992163457
0.8144968922592647,1.8734055289033247
0.8153629176630491,1.8729854585903039
0.8162289430668336,1.872565388277283
0.817094968470618,1.872145317964262
0.8179609938744025,1.8717252476512412
0.8188270192781869,1.8713051773382205
0.8196930446819714,1.8708851070251997
0.8205590700857558,1.8704650367121787
0.8214250954895402,1.8700449663991574
0.8222911208933247,1.8696248960861364
0.8231571462971091,1.8692048257731155
0.8240231717008936,1.868784755460095
0.824889197104678,1.868364685147074
0.8257552225084624,1.867944614834053
0.8266212479122469,1.8675245445210322
0.8274872733160313,1.8671044742080112
0.8283532987198158,1.8666844038949904
0.8292193241236002,1.8662643335819695
0.8300853495273847,1.865844263268949
0.8309513749311691,1.8654241929559274
0.8318174003349535,1.8650041226429066
0.832683425738738,1.8645840523298858
0.8335494511425224,1.8641639820168652
0.8344154765463068,1.8637439117038443
0.8352815019500912,1.8633238413908233
0.8361475273538757,1.862903771077803
0.8370135527576601,1.8624837007647814
0.8378795781614445,1.8620636304517606
0.838745603565229,1.86164356013874
0.8396116289690134,1.8612234898257187
0.8404776543727979,1.8608034195126977
0.8413436797765823,1.8603833491996769
0.8422097051803668,1.8599632788866562
0.8430757305841512,1.8595432085736354
0.8439417559879356,1.8591231382606144
0.8448077813917201,1.8587030679475935
0.8456738067955045,1.8582829976345725
0.846539832199289,1.8578629273215517
0.8474058576030734,1.8574428570085306
0.8482718830068579,1.8570227866955102
0.8491379084106423,1.8566027163824887
0.8500039338144267,1.856182646069468
0.8508699592182112,1.855762575756447
0.8517359846219956,1.8553425054434265
0.8526020100257801,1.8549224351304052
0.8534680354295645,1.8545023648173846
0.854334060833349,1.8540822945043633
0.8552000862371334,1.8536622241913427
0.8560661116409178,1.853242153878322
0.8569321370447023,1.8528220835653009
0.8577981624484867,1.85240201325228
0.8586641878522712,1.851981942939259
0.8595302132560556,1.8515618726262382
0.86039623865984,1.8511418023132171
0.8612622640636245,1.8507217320001967
0.8621282894674089,1.8503016616871755
0.8629943148711934,1.8498815913741549
0.8638603402749778,1.8494615210611336
0.8647263656787622,1.849041450748113
0.8655923910825466,1.8486213804350917
0.866458416486331,1.8481909296312344
0.8673244418901155,1.84775009833654
0.8681904672938998,1.8473092670418458
0.8690564926976844,1.846868435747151
0.8699225181014687,1.846427604452457
0.8707885435052533,1.8459867731577624
0.8716545689090376,1.845545941863068
0.8725205943128221,1.845105110568374
0.8733866197166065,1.8446642792736798
0.874252645120391,1.844223447978985
0.8751186705241754,1.8437826166842906
0.8759846959279599,1.8433417853895961
0.8768507213317442,1.8429009540949017
0.8777167467355288,1.8424601228002075
0.8785827721393131,1.8420192915055136
0.8794487975430977,1.841578460210819
0.880314822946882,1.8411376289161245
0.8811808483506666,1.8406967976214301
0.8820468737544509,1.8402559663267357
0.8829128991582355,1.839815135032041
0.8837789245620198,1.8393743037373471
0.8846449499658043,1.8389334724426527
0.8855109753695887,1.8384926411479585
0.8863770007733732,1.838051809853264
0.8872430261771576,1.8376109785585697
0.8881090515809421,1.8371701472638753
0.8889750769847264,1.8367293159691807
0.889841102388511,1.8362884846744862
0.8907071277922953,1.8358476533797923
0.8915731531960799,1.8354068220850976
0.8924391785998642,1.8349659907904032
0.8933052040036488,1.8345251594957088
0.8941712294074331,1.8340843282010146
0.8950372548112175,1.8336434969063202
0.895903280215002,1.8332026656116263
0.8967693056187864,1.8327618343169318
0.8976353310225709,1.8323210030222372
0.8985013564263553,1.8318801717275428
0.8993673818301396,1.8314393404328488
0.9002334072339242,1.8309985091381535
0.9010994326377085,1.8305576778434594
0.9019654580414931,1.8301168465487654
0.9028314834452774,1.8297826881316632
0.903697508849062,1.8294698642900802
0.9045635342528463,1.829157040448497
0.9054295596566309,1.8288442166069134
0.9062955850604152,1.82853139276533
0.9071616104641997,1.8282185689237465
0.9080276358679841,1.8279057450821632
0.9088936612717686,1.8275929212405797
0.909759686675553,1.8272800973989967
0.9106257120793375,1.8269672735574132
0.9114917374831218,1.82665444971583
0.9123577628869064,1.826341625874246
0.9132237882906907,1.826028802032663
0.9140898136944753,1.8257159781910794
0.9149558390982596,1.8254031543494962
0.9158218645020442,1.8250903305079127
0.9166878899058285,1.8247775066663292
0.917553915309613,1.824464682824746
0.9184199407133974,1.824151858983163
0.9192859661171819,1.8238390351415794
0.9201519915209663,1.823526211299996
0.9210180169247506,1.8232133874584122
0.9218840423285352,1.8229005636168292
0.9227500677323195,1.8225877397752457
0.923616093136104,1.8222749159336624
0.9244821185398884,1.8219620920920794
0.9253481439436729,1.821649268250496
0.9262141693474573,1.8213364444089122
0.9270801947512418,1.8210236205673287
0.9279462201550261,1.8207107967257452
0.9288122455588106,1.8203979728841622
0.929678270962595,1.820085149042579
0.9305442963663795,1.8197723252009954
0.9314103217701639,1.819459501359412
0.9322763471739484,1.8191466775178287
0.9331423725777327,1.8188338536762452
0.9340083979815172,1.8185210298346621
0.9348744233853016,1.8182082059930784
0.9357404487890861,1.817895382151495
0.9366064741928705,1.8175825583099114
0.937472499596655,1.8172697344683284
0.9383385250004393,1.816956910626745
0.9392045504042239,1.8166440867851616
0.9400705758080082,1.8163312629435782
0.9409366012117928,1.8160184391019947
0.9418026266155771,1.8157056152604114
0.9426686520193617,1.8153927914188284
0.943534677423146,1.8150799675772449
0.9444007028269306,1.8147671437356612
0.9452667282307149,1.8144543198940777
0.9461327536344994,1.8141414960524942
0.9469987790382838,1.8138286722109112
0.9478648044420683,1.8135158483693279
0.9487308298458527,1.8132030245277444
0.9495968552496372,1.812890200686161
0.9504628806534215,1.8125773768445774
0.9513289060572061,1.8122645530029942
0.9521949314609904,1.8119517291614111
0.953060956864775,1.8116389053198276
0.9539269822685593,1.811326081478244
0.9547930076723439,1.8110132576366604
0.9556590330761282,1.8107004337950774
0.9565250584799128,1.8103876099534941
0.9573910838836971,1.8100747861119106
0.9582571092874815,1.8097619622703272
0.959123134691266,1.8094491384287437
0.9599891600950504,1.8091363145871604
0.9608551854988349,1.8088234907455774
0.9617212109026193,1.8085106669039939
0.9625872363064036,1.8081978430624102
0.9634532617101882,1.8078850192208271
0.9643192871139725,1.8075721953792436
0.9651853125177571,1.8072593715376601
0.9660513379215414,1.8069465476960769
0.966917363325326,1.8066337238544934
0.9677833887291103,1.80632090001291
0.9686494141328948,1.8060080761713266
0.9695154395366792,1.8056952523297432
0.9703814649404637,1.8053824284881597
0.9712474903442481,1.8050696046465766
0.9721135157480326,1.804756780804993
0.972979541151817,1.8044439569634099
0.9738455665556015,1.8041311331218264
0.9747115919593858,1.803788409984939
0.9755776173631704,1.8034157875527472
0.9764436427669547,1.8030431651205558
0.9773096681707393,1.8026705426883645
0.9781756935745236,1.802297920256173
0.9790417189783082,1.8019252978239817
0.9799077443820925,1.8015526753917903
0.980773769785877,1.8011800529595985
0.9816397951896614,1.800807430527407
0.9825058205934459,1.8004348080952157
0.9833718459972303,1.80011799281398
0.9842378714010148,1.7998084567263468
0.9851038968047992,1.7994989206387142
0.9859699222085837,1.799189384551081
0.986835947612368,1.798879848463448
0.9877019730161525,1.798570312375815
0.9885679984199369,1.7982607762881822
0.9894340238237214,1.797951240200549
0.9903000492275058,1.7975962153485854
0.9911660746312903,1.797215918960882
0.9920321000350746,1.7968356225731794
0.9928981254388591,1.7964553261854759
0.9937641508426435,1.7960750297977728
0.994630176246428,1.79569473341007
0.9954962016502124,1.7953144370223668
0.9963622270539969,1.7949341406346637
0.9972282524577812,1.7945538442469602
0.9980942778615658,1.794173547859257
0.9989603032653501,1.7937932514715542
0.9998263286691347,1.7934129550838511
1.0006923540729191,1.793032658696148
1.0015583794767036,1.7926523623084445
1.002424404880488,1.7922720659207414
1.0032904302842724,1.7918917695330385
1.004156455688057,1.7915114731453357
1.0050224810918413,1.7911311767576323
1.0058885064956258,1.7907508803699292
1.0067545318994102,1.7903705839822261
1.0076205573031944,1.7899902875945228
1.008486582706979,1.7896099912068197
1.0093526081107633,1.7892296948191166
1.010218633514548,1.788849398431413
1.0110846589183322,1.7884691020437105
1.0119506843221169,1.7880888056560071
1.012816709725901,1.7877085092683043
1.0136827351296858,1.787328212880601
1.01454876053347,1.7869479164928979
1.0154147859372546,1.7865676201051948
1.0162808113410389,1.7861873237174917
1.0171468367448235,1.7858070273297884
1.0180128621486078,1.7854267309420853
1.0188788875523924,1.7850464345543822
1.0197449129561766,1.784666138166679
1.0206109383599613,1.7842858417789758
1.0214769637637455,1.7839055453912729
1.0223429891675302,1.7835252490035696
1.0232090145713144,1.783144952615867
1.024075039975099,1.7827646562281634
1.0249410653788833,1.7823843598404603
1.025807090782668,1.7820040634527572
1.0266731161864522,1.7816237670650543
1.0275391415902368,1.7812434706773512
1.028405166994021,1.7808631742896477
1.0292711923978055,1.7804828779019446
1.03013721780159,1.7801025815142415
1.0310032432053744,1.7797222851265388
1.0318692686091588,1.7793419887388355
1.0327352940129433,1.7789616923511324
1.0336013194167277,1.778581395963429
1.0344673448205122,1.778201099575726
1.0353333702242966,1.777820803188023
1.036199395628081,1.7774405068003198
1.0370654210318655,1.7770602104126163
1.03793144643565,1.7766799140249137
1.0387974718394344,1.7762996176372103
1.0396634972432188,1.7759193212495075
1.0405295226470033,1.7755390248618041
1.0413955480507875,1.7751587284741015
1.0422615734545722,1.774778432086398
1.0431275988583564,1.7743981356986949
1.043993624262141,1.7740178393109918
1.0448596496659253,1.773637542923289
1.04572567506971,1.7732572465355854
1.0465917004734941,1.7728769501478823
1.0474577258772788,1.7724966537601792
1.048323751281063,1.772116357372476
1.0491897766848477,1.7717360609847728
1.050055802088632,1.7713557645970697
1.0509218274924166,1.7709754682093666
1.0517878528962008,1.7705951718216635
1.0526538782999855,1.7702148754339604
1.0535199037037697,1.7698345790462575
1.0543859291075544,1.7694542826585544
1.0552519545113386,1.7690739862708509
1.0561179799151232,1.7686936898831482
1.0569840053189075,1.7683133934954447
1.0578500307226921,1.7679330971077418
1.0587160561264763,1.7675528007200387
1.059582081530261,1.7671725043323356
1.0604481069340452,1.7667922079446325
1.06131413233783,1.766411911556929
1.0621801577416141,1.7660316151692261
1.0630461831453988,1.765651318781523
1.063912208549183,1.76527102239382
1.0647782339529677,1.7648907260061164
1.0656442593567519,1.7645104296184133
1.0665102847605363,1.7641301332307107
1.0673763101643208,1.7637498368430073
1.0682423355681052,1.7633695404553043
1.0691083609718897,1.7629892440676012
1.069974386375674,1.762608947679898
1.0708404117794585,1.7622286512921947
1.071706437183243,1.7618483549044917
1.0725724625870274,1.7614680585167886
1.0734384879908119,1.7610877621290855
1.0743045133945963,1.7607074657413821
1.0751705387983808,1.7603271693536793
1.0760365642021652,1.759946872965976
1.0769025896059496,1.7595665765782729
1.077768615009734,1.7591862801905698
1.0786346404135185,1.7588059838028667
1.079500665817303,1.7584256874151636
1.0803666912210874,1.7580453910274603
1.0812327166248719,1.7576650946397576
1.0820987420286563,1.757284798252054
1.0829647674324407,1.7568578273709536
1.0838307928362252,1.7563841819964556
1.0846968182400096,1.755910536621958
1.085562843643794,1.75543689124746
1.0864288690475785,1.7549632458729625
1.087294894451363,1.754489600498464
1.0881609198551474,1.7540159551239665
1.0890269452589318,1.7535423097494685
1.0898929706627163,1.7530686643749704
1.0907589960665007,1.7525950190004729
1.0916250214702852,1.7521213736259749
1.0924910468740696,1.7516477282514769
1.093357072277854,1.7511740828769788
1.0942230976816385,1.7507004375024813
1.095089123085423,1.7502267921279833
1.0959551484892074,1.7497531467534853
1.0968211738929918,1.7492795013789877
1.0976871992967763,1.7488058560044897
1.0985532247005607,1.7483322106299917
1.0994192501043452,1.7478585652554939
1.1002852755081294,1.747384919880996
1.101151300911914,1.746911274506498
1.1020173263156983,1.7464376291320005
1.102883351719483,1.7459639837575023
1.1037493771232672,1.7454903383830047
1.1046154025270518,1.7450166930085067
1.105481427930836,1.7445430476340087
1.1063474533346207,1.7440694022595107
1.107213478738405,1.7435957568850131
1.1080795041421896,1.7431221115105153
1.1089455295459738,1.742648466136017
1.1098115549497585,1.742174820761519
1.1106775803535427,1.7417011753870215
1.1115436057573274,1.7412275300125235
1.1124096311611116,1.7407538846380255
1.1132756565648962,1.7402802392635275
1.1141416819686805,1.73980659388903
1.1150077073724651,1.739332948514532
1.1158737327762493,1.738859303140034
1.116739758180034,1.7383856577655359
1.1176057835838182,1.7379120123910383
1.118471808987603,1.73743836701654
1.1193378343913871,1.7369647216420423
1.1202038597951718,1.7364910762675445
1.121069885198956,1.7360174308930465
1.1219359106027407,1.735543785518549
1.122801936006525,1.735070140144051
1.1236679614103096,1.7345964947695531
1.1245339868140938,1.734122849395055
1.1254000122178782,1.7336492040205573
1.1262660376216627,1.7331755586460598
1.127132063025447,1.7327019132715618
1.1279980884292315,1.7322282678970637
1.128864113833016,1.7317546225225657
1.1297301392368004,1.7312809771480677
1.1305961646405849,1.7308073317735702
1.1314621900443693,1.7303336863990717
1.1323282154481538,1.7298600410245741
1.1331942408519382,1.7293863956500766
1.1340602662557226,1.7289127502755786
1.134926291659507,1.7284391049010805
1.1357923170632915,1.7279654595265825
1.136658342467076,1.7274918141520845
1.1375243678708602,1.727018168777587
1.1383903932746449,1.726544523403089
1.139256418678429,1.726070878028591
1.1401224440822137,1.7255867619857646
1.140988469485998,1.7250983801151003
1.1418544948897826,1.7246099982444358
1.1427205202935669,1.7241216163737716
1.1435865456973515,1.7236332345031073
1.1444525711011357,1.723144852632443
1.1453185965049204,1.7226564707617786
1.1461846219087046,1.7221680888911144
1.1470506473124893,1.7216797070204501
1.1479166727162735,1.7211913251497861
1.1487826981200582,1.7207029432791217
1.1496487235238424,1.7202145614084572
1.150514748927627,1.719726179537793
1.1513807743314113,1.719237797667129
1.152246799735196,1.7187494157964647
1.1531128251389802,1.7182610339258
1.1539788505427648,1.7177726520551357
1.154844875946549,1.717288310512751
1.1557109013503337,1.7168241706117622
1.156576926754118,1.716360030710774
1.1574429521579026,1.7158958908097852
1.1583089775616868,1.715431750908797
1.1591750029654713,1.7149676110078087
1.1600410283692557,1.7145034711068197
1.1609070537730402,1.7140393312058315
1.1617730791768246,1.7135751913048431
1.162639104580609,1.7131110514038546
1.1635051299843935,1.7126469115028657
1.164371155388178,1.7121827716018776
1.1652371807919624,1.7117186317008892
1.1661032061957468,1.7112544917999006
1.1669692315995313,1.7107903518989118
1.1678352570033157,1.7103262119979237
1.1687012824071001,1.7098620720969353
1.1695673078108846,1.7093979321959467
1.170433333214669,1.7089337922949581
1.1712993586184535,1.7084696523939698
1.172165384022238,1.7080055124929807
1.1730314094260224,1.7075413725919923
1.1738974348298068,1.7070772326910038
1.1747634602335912,1.7066130927900154
1.1756294856373757,1.7061489528890268
1.1764955110411601,1.7056848129880384
1.1773615364449446,1.7052206730870503
1.178227561848729,1.704756533186062
1.1790935872525135,1.7042911305446022
1.179959612656298,1.7038272356542064
1.1808256380600823,1.7034261929113352
1.1816916634638668,1.703025150168464
1.1825576888676512,1.7026241074255932
1.1834237142714357,1.7022230646827219
1.18428973967522,1.7018220219398508
1.1851557650790046,1.7014209791969794
1.186021790482789,1.7010199364541085
1.1868878158865734,1.7006188937112374
1.1877538412903579,1.700217850968366
1.1886198666941423,1.699831064124263
1.1894858920979268,1.6994140270633078
1.1903519175017112,1.6989538416696792
1.1912179429054957,1.6984936562760504
1.19208396830928,1.6980334708824223
1.1929499937130643,1.6975732854887937
1.193816019116849,1.697113100095165
1.1946820445206332,1.6966529147015366
1.1955480699244179,1.696192729307908
1.196414095328202,1.6957325439142796
1.1972801207319868,1.6952723585206508
1.198146146135771,1.6948121731270223
1.1990121715395556,1.6943519877333935
1.1998781969433399,1.6938918023397649
1.2007442223471245,1.6934316169461365
1.2016102477509087,1.692971431552508
1.2024762731546934,1.6925112461588796
1.2033422985584776,1.692051060765251
1.2042083239622623,1.6915908753716218
1.2050743493660465,1.6911306899779937
1.2059403747698312,1.6906705045843649
1.2068064001736154,1.6902103191907365
1.2076724255774,1.689750133797108
1.2085384509811843,1.6892899484034796
1.209404476384969,1.688829763009851
1.2102705017887532,1.6883695776162222
1.2111365271925378,1.6879093922225938
1.212002552596322,1.6874492068289653
1.2128685780001067,1.6869890214353367
1.213734603403891,1.686528836041708
1.2146006288076756,1.6860686506480795
1.2154666542114598,1.6856084652544507
1.2163326796152445,1.6851482798608222
1.2171987050190287,1.6846880944671938
1.2180647304228134,1.6842279090735652
1.2189307558265976,1.6837677236799369
1.219796781230382,1.6833075382863087
1.2206628066341665,1.6828473528926797
1.221528832037951,1.682387167499051
1.2223948574417354,1.6819269821054226
1.2232608828455198,1.6814273108129771
1.2241269082493043,1.6805992123504983
1.2249929336530887,1.6797711138880194
1.2258589590568731,1.678943015425541
1.2267249844606576,1.6782436061257144
1.227591009864442,1.67755421312822
1.2284570352682265,1.6768648201307257
1.229323060672011,1.6761754271332314
1.2301890860757954,1.675486034135737
1.2310551114795798,1.6747966411382427
1.2319211368833642,1.6741072481407484
1.2327871622871487,1.6734178551432544
1.2336531876909331,1.6727284621457597
1.2345192130947176,1.6720390691482654
1.235385238498502,1.6713496761507713
1.2362512639022865,1.6706602831532766
1.237117289306071,1.6699708901557826
1.2379833147098553,1.669281497158288
1.2388493401136398,1.6685921041607938
1.2397153655174242,1.6679027111632996
1.2405813909212087,1.6672133181658053
1.2414474163249931,1.6664120679827874
1.2423134417287776,1.6655997078273768
1.243179467132562,1.6647873476719663
1.2440454925363464,1.663974987516556
1.2449115179401309,1.6631626273611453
1.245777543343915,1.6623502672057353
1.2466435687476998,1.6615379070503242
1.247509594151484,1.6607255468949138
1.2483756195552687,1.6599131867395032
1.2492416449590529,1.6591008265840925
1.2501076703628375,1.6582884664286823
1.2509736957666218,1.6574761062732717
1.2518397211704064,1.656663746117861
1.2527057465741906,1.6558513859624509
1.253571771977975,1.6550390258070402
1.2544377973817595,1.6542266656516298
1.255303822785544,1.6534143054962191
1.2561698481893284,1.6526019453408087
1.2570358735931129,1.651789585185398
1.2579018989968973,1.6509772250299877
1.2587679244006817,1.650164864874577
1.2596339498044662,1.649352504719167
1.2604999752082506,1.6485401445637562
1.261366000612035,1.6477277844083458
1.2622320260158195,1.6469154242529351
1.263098051419604,1.6461030640975247
1.2639640768233884,1.645290703942114
1.2648301022271728,1.6444783437867037
1.2656961276309573,1.6436659836312928
1.2665621530347417,1.6428536234758824
1.2674281784385262,1.642041263320472
1.2682942038423106,1.6412289031650618
1.269160229246095,1.640416543009651
1.2700262546498795,1.6396041828542403
1.270892280053664,1.6387918226988298
1.2717583054574484,1.6379794625434194
1.2726243308612328,1.6371671023880086
1.2734903562650173,1.6363547422325984
1.2743563816688017,1.635542382077188
1.2752224070725862,1.634730021921777
1.2760884324763706,1.6339176617663669
1.276954457880155,1.633105301610956
1.2778204832839395,1.6322929414555456
1.278686508687724,1.6314805813001352
1.2795525340915084,1.6306682211447248
1.2804185594952928,1.6298558609893141
1.2812845848990773,1.6290435008339035
1.2821506103028617,1.6282311406784933
1.2830166357066461,1.6274187805230829
1.2838826611104306,1.626606420367672
1.284748686514215,1.6257940602122616
1.2856147119179995,1.624981700056851
1.286480737321784,1.6241693399014407
1.2873467627255681,1.62335697974603
1.2882127881293528,1.6225446195906195
1.289078813533137,1.621732259435209
1.2899448389369217,1.6209198992797984
1.290810864340706,1.6201075391243882
1.2916768897444906,1.6192951789689776
1.2925429151482748,1.6184828188135671
1.2934089405520595,1.6176704586581563
1.2942749659558437,1.616858098502746
1.2951409913596283,1.6160457383473354
1.2960070167634126,1.6152333781919248
1.2968730421671972,1.6144210180365142
1.2977390675709815,1.6136086578811042
1.2986050929747661,1.612796297725693
1.2994711183785503,1.6118260334661363
1.300337143782335,1.610697865102432
1.3012031691861192,1.6095696967387287
1.3020691945899039,1.6084415283750249
1.302935219993688,1.6073133600113214
1.3038012453974728,1.6061851916476173
1.304667270801257,1.605057023283914
1.3055332962050417,1.6039288549202102
1.3063993216088259,1.6028006865565068
1.3072653470126105,1.601672518192803
1.3081313724163948,1.6005443498290997
1.3089973978201794,1.5994161814653955
1.3098634232239637,1.5982880131016926
1.3107294486277483,1.5971598447379882
1.3115954740315325,1.5960316763742852
1.312461499435317,1.5949035080105813
1.3133275248391014,1.5937753396468777
1.3141935502428859,1.592647171283174
1.3150595756466703,1.5915190029194703
1.3159256010504548,1.5903908345557667
1.3167916264542392,1.5892626661920632
1.3176576518580236,1.5881344978283596
1.318523677261808,1.587006329464656
1.3193897026655925,1.585878161100952
1.320255728069377,1.5847499927372488
1.3211217534731614,1.5836218243735447
1.3219877788769459,1.5824936560098415
1.3228538042807303,1.5813654876461374
1.3237198296845147,1.5802373192824342
1.3245858550882992,1.5791091509187303
1.3254518804920836,1.5779809825550266
1.326317905895868,1.576852814191323
1.3271839312996525,1.5757246458276193
1.328049956703437,1.5745964774639158
1.3289159821072214,1.573468309100212
1.3297820075110058,1.5723401407365083
1.3306480329147903,1.5712119723728046
1.3315140583185747,1.570083804009101
1.3323800837223592,1.568955635645397
1.3332461091261436,1.5678274672816936
1.334112134529928,1.5666992989179902
1.3349781599337125,1.5655711305542865
1.335844185337497,1.5644093006205624
1.3367102107412814,1.5632407383728342
1.3375762361450658,1.562072176125106
1.3384422615488503,1.5609036138773777
1.3393082869526347,1.5597350516296495
1.3401743123564192,1.5585664893819218
1.3410403377602036,1.5573979271341933
1.341906363163988,1.5562293648864653
1.3427723885677725,1.5550608026387371
1.343638413971557,1.5538922403910094
1.3445044393753414,1.5527236781432807
1.3453704647791258,1.5515551158955527
1.34623649018291,1.5503865536478245
1.3471025155866947,1.5492179914000965
1.347968540990479,1.5480494291523688
1.3488345663942636,1.5468808669046406
1.3497005917980478,1.5457123046569121
1.3505666172018325,1.5445437424091835
1.3514326426056167,1.543375180161456
1.3522986680094014,1.5422066179137275
1.3531646934131856,1.5410380556659995
1.35403071881697,1.540027532642912
1.3548967442207545,1.5390170096198246
1.355762769624539,1.5380064865967367
1.3566287950283233,1.5369959635736492
1.3574948204321078,1.5359854405505613
1.3583608458358922,1.5349749175274738
1.3592268712396767,1.5339643945043864
1.3600928966434611,1.532953871481299
1.3609589220472456,1.5319433484582112
1.36182494745103,1.5309328254351238
1.3626909728548144,1.5299223024120359
1.3635569982585989,1.5289117793889486
1.3644230236623833,1.5279012563658607
1.3652890490661678,1.5268907333427735
1.3661550744699522,1.5258802103196856
1.3670210998737367,1.524869687296598
1.367887125277521,1.5238591642735104
1.3687531506813055,1.522848641250423
1.36961917608509,1.5218381182273355
1.3704852014888744,1.5208275952042478
1.3713512268926589,1.5197910444807858
1.3722172522964433,1.5186243552554526
1.3730832777002278,1.5174576660301193
1.3739493031040122,1.5162909768047863
1.3748153285077966,1.5151242875794528
1.375681353911581,1.5139575983541198
1.3765473793153655,1.5127909091287863
1.37741340471915,1.511624219903453
1.3782794301229344,1.5104575306781196
1.3791454555267189,1.5092908414527866
1.380011480930503,1.5081241522274536
1.3808775063342877,1.5069574630021199
1.381743531738072,1.5057907737767868
1.3826095571418566,1.5046240845514531
1.3834755825456408,1.5034573953261205
1.3843416079494255,1.5022907061007866
1.3852076333532097,1.5011240168754536
1.3860736587569944,1.4999573276501201
1.3869396841607786,1.4987906384247873
1.3878057095645633,1.4976239491994539
1.3886717349683475,1.4964572599741206
1.3895377603721322,1.4952905707487871
1.3904037857759164,1.494123881523454
1.391269811179701,1.4929571922981206
1.3921358365834853,1.4917905030727878
1.39300186198727,1.490623813847454
1.3938678873910542,1.489457124622121
1.3947339127948388,1.488254402953383
1.395599938198623,1.4870486884281415
1.3964659636024077,1.4858429739028987
1.397331989006192,1.4846372593776571
1.3981980144099766,1.4834315448524145
1.3990640398137608,1.482225830327173
1.3999300652175455,1.4810201158019305
1.4007960906213297,1.4798144012766885
1.4016621160251144,1.478608686751446
1.4025281414288986,1.4774029722262045
1.4033941668326833,1.4761972577009619
1.4042601922364675,1.4749915431757201
1.4051262176402521,1.4737858286504777
1.4059922430440364,1.472580114125236
1.4068582684478208,1.4713743995999935
1.4077242938516052,1.4701686850747517
1.4085903192553897,1.4689629705495098
1.4094563446591741,1.4677572560242675
1.4103223700629586,1.4665515414990256
1.411188395466743,1.4653458269737833
1.4120544208705275,1.4641334181593506
1.412920446274312,1.4628656168226433
1.4137864716780963,1.4615978154859361
1.4146524970818808,1.4603300141492288
1.4155185224856652,1.459062212812522
1.4163845478894497,1.4577944114758143
1.4172505732932341,1.4565266101391074
1.4181165986970186,1.4552588088024
1.418982624100803,1.4539910074656928
1.4198486495045874,1.4527232061289859
1.4207146749083719,1.4514554047922787
1.4215807003121563,1.4501876034555714
1.4224467257159408,1.4489998838060902
1.4233127511197252,1.4478194132555282
1.4241787765235097,1.4466389427049668
1.425044801927294,1.4454584721544046
1.4259108273310785,1.4442780016038432
1.426776852734863,1.443097531053281
1.4276428781386474,1.4419170605027194
1.4285089035424319,1.4407365899521574
1.4293749289462163,1.4395561194015956
1.4302409543500008,1.4383756488510338
1.4311069797537852,1.437195178300472
1.4319730051575696,1.4360147077499101
1.432839030561354,1.4348342371993486
1.4337050559651385,1.4336537666487865
1.434571081368923,1.4324732960982247
1.4354371067727074,1.4312928255476627
1.4363031321764919,1.4301123549971009
1.4371691575802763,1.428931884446539
1.4380351829840607,1.4277514138959773
1.4389012083878452,1.4265709433454157
1.4397672337916296,1.4253904727948534
1.4406332591954139,1.424094693932534
1.4414992845991985,1.4227744088933265
1.4423653100029827,1.4210455433631564
1.4432313354067674,1.4192570205195292
1.4440973608105516,1.4174684976759029
1.4449633862143363,1.4156799748322757
1.4458294116181205,1.4138914519886496
1.4466954370219052,1.4121029291450227
1.4475614624256894,1.4103144063013964
1.448427487829474,1.4085258834577692
1.4492935132332583,1.4067373606141431
1.450159538637043,1.404948837770516
1.4510255640408272,1.40316031492689
1.4518915894446118,1.4013717920832627
1.452757614848396,1.3995832692396366
1.4536236402521807,1.3977947463960094
1.454489665655965,1.3960062235523836
1.4553556910597496,1.3942177007087562
1.4562217164635338,1.39242917786513
1.4570877418673185,1.3906406550215027
1.4579537672711027,1.3888521321778768
1.4588197926748874,1.3870636093342497
1.4596858180786716,1.3852750864906236
1.4605518434824563,1.3834865636469964
1.4614178688862405,1.3816980408033703
1.462283894290025,1.3799095179597436
1.4631499196938094,1.378120995116117
1.4640159450975938,1.3763324722724903
1.4648819705013782,1.3745439494288636
1.4657479959051627,1.3727554265852369
1.4666140213089471,1.3709669037416103
1.4674800467127316,1.3691783808979836
1.468346072116516,1.3673898580543566
1.4692120975203005,1.3656013352107303
1.470078122924085,1.3638128123671036
1.4709441483278693,1.3620242895234769
1.4718101737316538,1.36023576667985
1.4726761991354382,1.3584472438362236
1.4735422245392227,1.3566587209925969
1.474408249943007,1.354870198148971
1.4752742753467916,1.3530816753053436
1.4761403007505758,1.3512931524617178
1.4770063261543604,1.3495046296180904
1.4778723515581447,1.3477161067744643
1.4787383769619293,1.3459275839308371
1.4796044023657136,1.3441390610872113
1.4804704277694982,1.3423505382435839
1.4813364531732824,1.3405620153999576
1.482202478577067,1.3387734925563304
1.4830685039808513,1.3369849697127043
1.483934529384636,1.3351964468690773
1.4848005547884202,1.3334079240254515
1.4856665801922049,1.331619401181824
1.486532605595989,1.329830878338198
1.4873986309997738,1.3280423554945708
1.488264656403558,1.3262538326509448
1.4891306818073426,1.3244653098073174
1.4899967072111269,1.3226767869636915
1.4908627326149115,1.3208882641200643
1.4917287580186958,1.319099741276438
1.4925947834224804,1.3173112184328108
1.4934608088262646,1.3155226955891848
1.4943268342300493,1.3137341727455576
1.4951928596338335,1.3119456499019317
1.4960588850376182,1.3101571270583043
1.4969249104414024,1.3083686042146785
1.497790935845187,1.306580081371051
1.4986569612489713,1.3047915585274246
1.4995229866527557,1.303003035683798
1.5003890120565402,1.3012145128401713
1.5012550374603246,1.299425989996545
1.502121062864109,1.297637467152918
1.5029870882678935,1.2958489443092915
1.503853113671678,1.294060421465665
1.5047191390754624,1.2922718986220385
1.5055851644792468,1.2904833757784115
1.5064511898830313,1.2886948529347853
1.5073172152868157,1.2869063300911583
1.5081832406906002,1.2851178072475318
1.5090492660943846,1.283329284403905
1.509915291498169,1.2815407615602785
1.5107813169019535,1.2797522387166516
1.511647342305738,1.2779637158730255
1.5125133677095224,1.2761751930293985
1.5133793931133068,1.2743866701857722
1.5142454185170913,1.2725981473421453
1.5151114439208757,1.2708096244985185
1.5159774693246602,1.2690090083694752
1.5168434947284446,1.2671962989550152
1.517709520132229,1.265383589540555
1.5185755455360135,1.2635708801260948
1.519441570939798,1.2617581707116345
1.5203075963435824,1.2599454612971748
1.5211736217473668,1.2581327518827146
1.5220396471511513,1.256320042468254
1.5229056725549357,1.2545073330537941
1.5237716979587201,1.2526946236393337
1.5246377233625046,1.2508819142248737
1.525503748766289,1.2490692048104135
1.5263697741700735,1.2472564953959535
1.527235799573858,1.2454437859814933
1.5281018249776424,1.2436310765670333
1.5289678503814268,1.2418183671525729
1.5298338757852112,1.2400056577381129
1.5306999011889957,1.2381929483236527
1.5315659265927801,1.2363802389091927
1.5324319519965646,1.2345675294947323
1.5332979774003488,1.2327548200802727
1.5341640028041335,1.2309421106658118
1.5350300282079177,1.2291294012513523
1.5358960536117023,1.2273166918368916
1.5367620790154866,1.225503982422432
1.5376281044192712,1.2236912730079712
1.5384941298230554,1.2218785635935119
1.53936015522684,1.2200658541790512
1.5402261806306243,1.218253144764592
1.541092206034409,1.2164404353501308
1.5419582314381932,1.2146277259356715
1.5428242568419779,1.2128150165212106
1.543690282245762,1.211002307106751
1.5445563076495468,1.2091895976922904
1.545422333053331,1.207376888277831
1.5462883584571157,1.20556417886337
1.5471543838608999,1.2037514694489102
1.5480204092646845,1.2019387600344495
1.5488864346684688,1.2001260506199902
1.5497524600722534,1.1983133412055296
1.5506184854760376,1.1965006317910698
1.5514845108798223,1.194687922376609
1.5523505362836065,1.1928752129621496
1.5532165616873912,1.191062503547689
1.5540825870911754,1.1892497941332287
1.55494861249496,1.1874370847187685
1.5558146378987443,1.1856243753043085
1.556680663302529,1.1838116658898483
1.5575466887063132,1.1819989564753883
1.5584127141100976,1.1801862470609283
1.559278739513882,1.178373537646468
1.5601447649176665,1.1765608282320081
1.561010790321451,1.1747481188175477
1.5618768157252354,1.172935409403088
1.5627428411290198,1.1711226999886273
1.5636088665328043,1.1693099905741675
1.5644748919365887,1.1674972811597073
1.5653409173403732,1.165684571745247
1.5662069427441576,1.1638718623307869
1.567072968147942,1.1620591529163269
1.5679389935517265,1.1602464435018667
1.568805018955511,1.1584337340874065
1.5696710443592954,1.1566210246729463
1.5705370697630796,1.1548083152584867
1.5714030951668643,1.152995605844026
1.5722691205706485,1.1511828964295663
1.5731351459744332,1.1493701870151056
1.5740011713782174,1.1475574776006463
1.574867196782002,1.1457447681861852
1.5757332221857863,1.143932058771726
1.576599247589571,1.1421193493572652
1.5774652729933551,1.1403066399428055
1.5783312983971398,1.1384939305283448
1.579197323800924,1.1366812211138853
1.5800633492047087,1.1348685116994246
1.580929374608493,1.133055802284965
1.5817954000122776,1.1312430928705042
1.5826614254160618,1.1294303834560449
1.5835274508198465,1.127617674041584
1.5843934762236307,1.125804964627124
1.5852595016274154,1.1239922552126638
1.5861255270311996,1.1222000766920373
1.5869915524349842,1.1204237683178224
1.5878575778387685,1.1186474599436078
1.5887236032425531,1.116871151569393
1.5895896286463373,1.1146216682321815
1.590455654050122,1.112233500566295
1.5913216794539062,1.1098453329004094
1.5921877048576907,1.1074571652345235
1.5930537302614751,1.1050689975686374
1.5939197556652596,1.1026808299027515
1.594785781069044,1.1002926622368654
1.5956518064728284,1.0979044945709795
1.596517831876613,1.0955163269050932
1.5973838572803973,1.0931281592392077
1.5982498826841818,1.0907399915733211
1.5991159080879662,1.0883518239074355
1.5999819334917507,1.0859636562415496
1.600847958895535,1.0835754885756637
1.6017139842993195,1.0811873209097773
1.602580009703104,1.0787991532438916
1.6034460351068884,1.076410985578005
1.6043120605106729,1.0740228179121194
1.6051780859144573,1.072041000280569
1.6060441113182418,1.070183881976423
1.6069101367220262,1.0689165973875179
1.6077761621258106,1.0678123164387232
1.608642187529595,1.0667080354899288
1.6095082129333795,1.0656037545411339
1.610374238337164,1.0644994735923394
1.6112402637409484,1.0633951926435448
1.6121062891447329,1.0622909116947503
1.6129723145485173,1.0611866307459557
1.6138383399523017,1.0600823497971612
1.6147043653560862,1.0589780688483663
1.6155703907598706,1.057873787899572
1.616436416163655,1.0567695069507772
1.6173024415674395,1.055665226001983
1.618168466971224,1.054560945053188
1.6190344923750084,1.0534566641043936
1.6199005177787928,1.0523523831555988
1.6207665431825773,1.051248102206804
1.6216325685863617,1.0504566550768197
1.6224985939901462,1.049848876688089
1.6233646193939306,1.049241098299358
1.624230644797715,1.0486333199106275
1.6250966702014995,1.0480255415218964
1.6259626956052837,1.0474177631331658
1.6268287210090684,1.046809984744435
1.6276947464128526,1.0462022063557044
1.6285607718166373,1.0455944279669733
1.6294267972204215,1.0449866495782427
1.6302928226242062,1.0443788711895117
1.6311588480279904,1.043771092800781
1.632024873431775,1.0431633144120502
1.6328908988355593,1.0425555360233194
1.633756924239344,1.0419477576345886
1.6346229496431282,1.0413399792458577
1.6354889750469128,1.040732200857127
1.636355000450697,1.0401244224683963
1.6372210258544817,1.0395166440796653
1.638087051258266,1.0389088656909344
1.6389530766620506,1.0383010873022034
1.6398191020658348,1.0374729906613005
1.6406851274696195,1.036470362669613
1.6415511528734037,1.0354677346779257
1.6424171782771884,1.0344651066862385
1.6432832036809726,1.0334624786945508
1.6441492290847572,1.0324598507028635
1.6450152544885415,1.031462896096251
1.6458812798923261,1.030572092259097
1.6467473052961104,1.0296812884219435
1.647613330699895,1.0287904845847895
1.6484793561036792,1.027899680747636
1.649345381507464,1.027008876910482
1.6502114069112481,1.0261180730733286
1.6510774323150328,1.0252272692361746
1.651943457718817,1.0243364653990208
1.6528094831226015,1.0234456615618672
1.653675508526386,1.0225548577247134
1.6545415339301703,1.0216640538875599
1.6554075593339548,1.020773250050406
1.6562735847377392,1.0198824462132525
1.6571396101415237,1.0189916423760987
1.658005635545308,1.018100838538945
1.6588716609490926,1.0172100347017907
1.659737686352877,1.0163192308646372
1.6606037117566614,1.0154284270274834
1.6614697371604459,1.0145376231903298
1.6623357625642303,1.0141462120779752
1.6632017879680148,1.0139704827353917
1.6640678133717992,1.0137947533928082
1.6649338387755837,1.0136190240502245
1.665799864179368,1.013443294707641
1.6666658895831525,1.0132675653650576
1.667531914986937,1.0130918360224739
1.6683979403907214,1.0129161066798902
1.6692639657945059,1.0127403773373067
1.6701299911982903,1.0125646479947232
1.6709960166020748,1.0123889186521398
1.6718620420058592,1.0122131893095563
1.6727280674096436,1.0120374599669726
1.673594092813428,1.011861730624389
1.6744601182172125,1.0116860012818054
1.675326143620997,1.011510271939222
1.6761921690247814,1.0113345425966385
1.6770581944285659,1.011158813254055
1.6779242198323503,1.0109830839114715
1.6787902452361345,1.0108073545688878
1.6796562706399192,1.0106316252263041
1.6805222960437034,1.0104558958837206
1.681388321447488,1.0102801665411372
1.6822543468512723,1.0101044371985537
1.683120372255057,1.00992870785597
1.6839863976588412,1.0097529785133867
1.6848524230626258,1.009577249170803
1.68571844846641,1.0094015198282196
1.6865844738701945,1.0092257904856359
1.687450499273979,1.0090500611430524
1.6883165246777634,1.0088743318004687
1.6891825500815478,1.0086986024578852
1.6900485754853323,1.0085228731153018
1.6909146008891167,1.0083471437727183
1.6917806262929012,1.0081714144301348
1.6926466516966856,1.0079956850875509
1.69351267710047,1.0078199557449676
1.6943787025042545,1.007644226402384
1.695244727908039,1.0074684970598005
1.6961107533118234,1.007292767717217
1.6969767787156078,1.0071170383746335
1.6978428041193923,1.0069413090320498
1.6987088295231767,1.0067655796894661
1.6995748549269611,1.0065898503468829
1.7004408803307456,1.0064141210042994
1.70130690573453,1.0062383916617157
1.7021729311383145,1.006062662319132
1.703038956542099,1.0058869329765485
1.7039049819458834,1.0057112036339653
1.7047710073496678,1.0055354742913816
1.7056370327534522,1.0053597449487979
1.7065030581572367,1.0051840156062144
1.7073690835610211,1.005008286263631
1.7082351089648056,1.0048325569210474
1.70910113436859,1.0046568275784638
1.7099671597723745,1.0044810982358803
1.710833185176159,1.0043053688932966
1.7116992105799433,1.004129639550713
1.7125652359837278,1.0039539102081294
1.7134312613875122,1.003778180865546
1.7142972867912967,1.0036024515229625
1.7151633121950811,1.003426722180379
1.7160293375988656,1.0032509928377953
1.71689536300265,1.0030752634952118
1.7177613884064344,1.0028995341526283
1.7186274138102189,1.0027238048100449
1.7194934392140033,1.0025480754674612
1.7203594646177875,1.0023723461248777
1.7212254900215722,1.002196616782294
1.7220915154253564,1.0020208874397105
1.722957540829141,1.0018451580971268
1.7238235662329253,1.0016694287545436
1.72468959163671,1.00149369941196
1.7255556170404942,1.0013179700693764
1.7264216424442789,1.0011422407267931
1.727287667848063,1.0009665113842094
1.7281536932518478,1.000790782041626
1.729019718655632,1.0006150526990423
1.7298857440594166,1.0004393233564588
1.7307517694632009,1.000263594013875
1.7316177948669855,1.0000878646712916
