0.10000D-02,0.33155D-01
0.20000D-02,0.33153D-01
0.30000D-02,0.33151D-01
0.40000D-02,0.33149D-01
0.50000D-02,0.33147D-01
0.60000D-02,0.33144D-01
0.70000D-02,0.33142D-01
0.80000D-02,0.33140D-01
0.90000D-02,0.33138D-01
0.10000D-01,0.33136D-01
0.11000D-01,0.33134D-01
0.12000D-01,0.33132D-01
0.13000D-01,0.33129D-01
0.14000D-01,0.33127D-01
0.15000D-01,0.33125D-01
0.16000D-01,0.33123D-01
0.17000D-01,0.33121D-01
0.18000D-01,0.33119D-01
0.19000D-01,0.33117D-01
0.20000D-01,0.33114D-01
0.21000D-01,0.33112D-01
0.22000D-01,0.33110D-01
0.23000D-01,0.33108D-01
0.24000D-01,0.33106D-01
0.25000D-01,0.33104D-01
0.26000D-01,0.33102D-01
0.27000D-01,0.33099D-01
0.28000D-01,0.33097D-01
0.29000D-01,0.33095D-01
0.30000D-01,0.33093D-01
0.31000D-01,0.33091D-01
0.32000D-01,0.33089D-01
0.33000D-01,0.33087D-01
0.34000D-01,0.33084D-01
0.35000D-01,0.33082D-01
0.36000D-01,0.33080D-01
0.37000D-01,0.33078D-01
0.38000D-01,0.33076D-01
0.39000D-01,0.33074D-01
0.40000D-01,0.33072D-01
0.41000D-01,0.33069D-01
0.42000D-01,0.33067D-01
0.43000D-01,0.33065D-01
0.44000D-01,0.33063D-01
0.45000D-01,0.33061D-01
0.46000D-01,0.33059D-01
0.47000D-01,0.33057D-01
0.48000D-01,0.33055D-01
0.49000D-01,0.33052D-01
0.50000D-01,0.33050D-01
0.51000D-01,0.33048D-01
0.52000D-01,0.33046D-01
0.53000D-01,0.33044D-01
0.54000D-01,0.33042D-01
0.55000D-01,0.33040D-01
0.56000D-01,0.33037D-01
0.57000D-01,0.33035D-01
0.58000D-01,0.33033D-01
0.59000D-01,0.33031D-01
0.60000D-01,0.33029D-01
0.61000D-01,0.33027D-01
0.62000D-01,0.33025D-01
0.63000D-01,0.33022D-01
0.64000D-01,0.33020D-01
0.65000D-01,0.33018D-01
0.66000D-01,0.33016D-01
0.67000D-01,0.33014D-01
0.68000D-01,0.33012D-01
0.69000D-01,0.33010D-01
0.70000D-01,0.33007D-01
0.71000D-01,0.33005D-01
0.72000D-01,0.33003D-01
0.73000D-01,0.33001D-01
0.74000D-01,0.32999D-01
0.75000D-01,0.32997D-01
0.76000D-01,0.32995D-01
0.77000D-01,0.32992D-01
0.78000D-01,0.32990D-01
0.79000D-01,0.32988D-01
0.80000D-01,0.32986D-01
0.81000D-01,0.32984D-01
0.82000D-01,0.32982D-01
0.83000D-01,0.32980D-01
0.84000D-01,0.32978D-01
0.85000D-01,0.32976D-01
0.86000D-01,0.32974D-01
0.87000D-01,0.32972D-01
0.88000D-01,0.32970D-01
0.89000D-01,0.32968D-01
0.90000D-01,0.32965D-01
0.91000D-01,0.32963D-01
0.92000D-01,0.32961D-01
0.93000D-01,0.32959D-01
0.94000D-01,0.32957D-01
0.95000D-01,0.32955D-01
0.96000D-01,0.32953D-01
0.97000D-01,0.32951D-01
0.98000D-01,0.32949D-01
0.99000D-01,0.32947D-01
0.10000D+00,0.32945D-01
0.10100D+00,0.32943D-01
0.10200D+00,0.32941D-01
0.10300D+00,0.32939D-01
0.10400D+00,0.32937D-01
0.10500D+00,0.32935D-01
0.10600D+00,0.32932D-01
0.10700D+00,0.32930D-01
0.10800D+00,0.32928D-01
0.10900D+00,0.32926D-01
0.11000D+00,0.32924D-01
0.11100D+00,0.32922D-01
0.11200D+00,0.32920D-01
0.11300D+00,0.32917D-01
0.11400D+00,0.32912D-01
0.11500D+00,0.32907D-01
0.11600D+00,0.32902D-01
0.11700D+00,0.32897D-01
0.11800D+00,0.32893D-01
0.11900D+00,0.32888D-01
0.12000D+00,0.32883D-01
0.12100D+00,0.32878D-01
0.12200D+00,0.32873D-01
0.12300D+00,0.32869D-01
0.12400D+00,0.32864D-01
0.12500D+00,0.32859D-01
0.12600D+00,0.32854D-01
0.12700D+00,0.32849D-01
0.12800D+00,0.32844D-01
0.12900D+00,0.32840D-01
0.13000D+00,0.32835D-01
0.13100D+00,0.32830D-01
0.13200D+00,0.32825D-01
0.13300D+00,0.32820D-01
0.13400D+00,0.32816D-01
0.13500D+00,0.32811D-01
0.13600D+00,0.32806D-01
0.13700D+00,0.32801D-01
0.13800D+00,0.32796D-01
0.13900D+00,0.32791D-01
0.14000D+00,0.32787D-01
0.14100D+00,0.32782D-01
0.14200D+00,0.32777D-01
0.14300D+00,0.32772D-01
0.14400D+00,0.32767D-01
0.14500D+00,0.32763D-01
0.14600D+00,0.32758D-01
0.14700D+00,0.32753D-01
0.14800D+00,0.32748D-01
0.14900D+00,0.32743D-01
0.15000D+00,0.32738D-01
0.15100D+00,0.32734D-01
0.15200D+00,0.32729D-01
0.15300D+00,0.32724D-01
0.15400D+00,0.32719D-01
0.15500D+00,0.32714D-01
0.15600D+00,0.32709D-01
0.15700D+00,0.32705D-01
0.15800D+00,0.32700D-01
0.15900D+00,0.32695D-01
0.16000D+00,0.32690D-01
0.16100D+00,0.32685D-01
0.16200D+00,0.32681D-01
0.16300D+00,0.32676D-01
0.16400D+00,0.32671D-01
0.16500D+00,0.32666D-01
0.16600D+00,0.32661D-01
0.16700D+00,0.32656D-01
0.16800D+00,0.32652D-01
0.16900D+00,0.32647D-01
0.17000D+00,0.32642D-01
0.17100D+00,0.32637D-01
0.17200D+00,0.32632D-01
0.17300D+00,0.32628D-01
0.17400D+00,0.32623D-01
0.17500D+00,0.32618D-01
0.17600D+00,0.32613D-01
0.17700D+00,0.32608D-01
0.17800D+00,0.32603D-01
0.17900D+00,0.32599D-01
0.18000D+00,0.32594D-01
0.18100D+00,0.32589D-01
0.18200D+00,0.32584D-01
0.18300D+00,0.32579D-01
0.18400D+00,0.32575D-01
0.18500D+00,0.32570D-01
0.18600D+00,0.32565D-01
0.18700D+00,0.32560D-01
0.18800D+00,0.32555D-01
0.18900D+00,0.32549D-01
0.19000D+00,0.32543D-01
0.19100D+00,0.32538D-01
0.19200D+00,0.32532D-01
0.19300D+00,0.32527D-01
0.19400D+00,0.32521D-01
0.19500D+00,0.32515D-01
0.19600D+00,0.32510D-01
0.19700D+00,0.32504D-01
0.19800D+00,0.32499D-01
0.19900D+00,0.32493D-01
0.20000D+00,0.32487D-01
0.20100D+00,0.32482D-01
0.20200D+00,0.32476D-01
0.20300D+00,0.32470D-01
0.20400D+00,0.32465D-01
0.20500D+00,0.32459D-01
0.20600D+00,0.32454D-01
0.20700D+00,0.32448D-01
0.20800D+00,0.32442D-01
0.20900D+00,0.32435D-01
0.21000D+00,0.32428D-01
0.21100D+00,0.32421D-01
0.21200D+00,0.32414D-01
0.21300D+00,0.32407D-01
0.21400D+00,0.32401D-01
0.21500D+00,0.32394D-01
0.21600D+00,0.32387D-01
0.21700D+00,0.32380D-01
0.21800D+00,0.32373D-01
0.21900D+00,0.32366D-01
0.22000D+00,0.32359D-01
0.22100D+00,0.32352D-01
0.22200D+00,0.32345D-01
0.22300D+00,0.32338D-01
0.22400D+00,0.32331D-01
0.22500D+00,0.32323D-01
0.22600D+00,0.32312D-01
0.22700D+00,0.32301D-01
0.22800D+00,0.32289D-01
0.22900D+00,0.32278D-01
0.23000D+00,0.32267D-01
0.23100D+00,0.32256D-01
0.23200D+00,0.32245D-01
0.23300D+00,0.32233D-01
0.23400D+00,0.32223D-01
0.23500D+00,0.32213D-01
0.23600D+00,0.32203D-01
0.23700D+00,0.32193D-01
0.23800D+00,0.32183D-01
0.23900D+00,0.32173D-01
0.24000D+00,0.32163D-01
0.24100D+00,0.32153D-01
0.24200D+00,0.32143D-01
0.24300D+00,0.32133D-01
0.24400D+00,0.32123D-01
0.24500D+00,0.32113D-01
0.24600D+00,0.32103D-01
0.24700D+00,0.32093D-01
0.24800D+00,0.32083D-01
0.24900D+00,0.32073D-01
0.25000D+00,0.32063D-01
0.25100D+00,0.32053D-01
0.25200D+00,0.32043D-01
0.25300D+00,0.32033D-01
0.25400D+00,0.32023D-01
0.25500D+00,0.32013D-01
0.25600D+00,0.32003D-01
0.25700D+00,0.31993D-01
0.25800D+00,0.31983D-01
0.25900D+00,0.31973D-01
0.26000D+00,0.31963D-01
0.26100D+00,0.31953D-01
0.26200D+00,0.31943D-01
0.26300D+00,0.31933D-01
0.26400D+00,0.31923D-01
0.26500D+00,0.31913D-01
0.26600D+00,0.31903D-01
0.26700D+00,0.31893D-01
0.26800D+00,0.31883D-01
0.26900D+00,0.31873D-01
0.27000D+00,0.31863D-01
0.27100D+00,0.31853D-01
0.27200D+00,0.31843D-01
0.27300D+00,0.31833D-01
0.27400D+00,0.31823D-01
0.27500D+00,0.31813D-01
0.27600D+00,0.31803D-01
0.27700D+00,0.31793D-01
0.27800D+00,0.31783D-01
0.27900D+00,0.31773D-01
0.28000D+00,0.31763D-01
0.28100D+00,0.31753D-01
0.28200D+00,0.31743D-01
0.28300D+00,0.31733D-01
0.28400D+00,0.31723D-01
0.28500D+00,0.31713D-01
0.28600D+00,0.31703D-01
0.28700D+00,0.31693D-01
0.28800D+00,0.31683D-01
0.28900D+00,0.31673D-01
0.29000D+00,0.31663D-01
0.29100D+00,0.31653D-01
0.29200D+00,0.31643D-01
0.29300D+00,0.31633D-01
0.29400D+00,0.31623D-01
0.29500D+00,0.31613D-01
0.29600D+00,0.31603D-01
0.29700D+00,0.31593D-01
0.29800D+00,0.31583D-01
0.29900D+00,0.31573D-01
0.30000D+00,0.31563D-01
0.30100D+00,0.31552D-01
0.30200D+00,0.31543D-01
0.30300D+00,0.31533D-01
0.30400D+00,0.31523D-01
0.30500D+00,0.31514D-01
0.30600D+00,0.31504D-01
0.30700D+00,0.31494D-01
0.30800D+00,0.31485D-01
0.30900D+00,0.31475D-01
0.31000D+00,0.31465D-01
0.31100D+00,0.31456D-01
0.31200D+00,0.31446D-01
0.31300D+00,0.31436D-01
0.31400D+00,0.31427D-01
0.31500D+00,0.31417D-01
0.31600D+00,0.31407D-01
0.31700D+00,0.31398D-01
0.31800D+00,0.31388D-01
0.31900D+00,0.31379D-01
0.32000D+00,0.31369D-01
0.32100D+00,0.31359D-01
0.32200D+00,0.31350D-01
0.32300D+00,0.31340D-01
0.32400D+00,0.31330D-01
0.32500D+00,0.31321D-01
0.32600D+00,0.31305D-01
0.32700D+00,0.31289D-01
0.32800D+00,0.31273D-01
0.32900D+00,0.31257D-01
0.33000D+00,0.31241D-01
0.33100D+00,0.31225D-01
0.33200D+00,0.31209D-01
0.33300D+00,0.31193D-01
0.33400D+00,0.31178D-01
0.33500D+00,0.31162D-01
0.33600D+00,0.31146D-01
0.33700D+00,0.31130D-01
0.33800D+00,0.31114D-01
0.33900D+00,0.31098D-01
0.34000D+00,0.31082D-01
0.34100D+00,0.31066D-01
0.34200D+00,0.31050D-01
0.34300D+00,0.31034D-01
0.34400D+00,0.31018D-01
0.34500D+00,0.31002D-01
0.34600D+00,0.30986D-01
0.34700D+00,0.30970D-01
0.34800D+00,0.30954D-01
0.34900D+00,0.30939D-01
0.35000D+00,0.30923D-01
0.35100D+00,0.30906D-01
0.35200D+00,0.30890D-01
0.35300D+00,0.30873D-01
0.35400D+00,0.30857D-01
0.35500D+00,0.30840D-01
0.35600D+00,0.30824D-01
0.35700D+00,0.30807D-01
0.35800D+00,0.30791D-01
0.35900D+00,0.30774D-01
0.36000D+00,0.30758D-01
0.36100D+00,0.30741D-01
0.36200D+00,0.30725D-01
0.36300D+00,0.30708D-01
0.36400D+00,0.30692D-01
0.36500D+00,0.30675D-01
0.36600D+00,0.30659D-01
0.36700D+00,0.30642D-01
0.36800D+00,0.30626D-01
0.36900D+00,0.30609D-01
0.37000D+00,0.30593D-01
0.37100D+00,0.30576D-01
0.37200D+00,0.30560D-01
0.37300D+00,0.30543D-01
0.37400D+00,0.30527D-01
0.37500D+00,0.30510D-01
0.37600D+00,0.30494D-01
0.37700D+00,0.30478D-01
0.37800D+00,0.30461D-01
0.37900D+00,0.30445D-01
0.38000D+00,0.30427D-01
0.38100D+00,0.30408D-01
0.38200D+00,0.30389D-01
0.38300D+00,0.30371D-01
0.38400D+00,0.30352D-01
0.38500D+00,0.30333D-01
0.38600D+00,0.30314D-01
0.38700D+00,0.30296D-01
0.38800D+00,0.30277D-01
0.38900D+00,0.30258D-01
0.39000D+00,0.30240D-01
0.39100D+00,0.30221D-01
0.39200D+00,0.30202D-01
0.39300D+00,0.30183D-01
0.39400D+00,0.30165D-01
0.39500D+00,0.30146D-01
0.39600D+00,0.30127D-01
0.39700D+00,0.30109D-01
0.39800D+00,0.30090D-01
0.39900D+00,0.30071D-01
0.40000D+00,0.30052D-01
0.40100D+00,0.30032D-01
0.40200D+00,0.30012D-01
0.40300D+00,0.29991D-01
0.40400D+00,0.29971D-01
0.40500D+00,0.29951D-01
0.40600D+00,0.29931D-01
0.40700D+00,0.29910D-01
0.40800D+00,0.29890D-01
0.40900D+00,0.29870D-01
0.41000D+00,0.29849D-01
0.41100D+00,0.29828D-01
0.41200D+00,0.29803D-01
0.41300D+00,0.29777D-01
0.41400D+00,0.29752D-01
0.41500D+00,0.29727D-01
0.41600D+00,0.29701D-01
0.41700D+00,0.29676D-01
0.41800D+00,0.29651D-01
0.41900D+00,0.29625D-01
0.42000D+00,0.29600D-01
0.42100D+00,0.29575D-01
0.42200D+00,0.29549D-01
0.42300D+00,0.29524D-01
0.42400D+00,0.29499D-01
0.42500D+00,0.29473D-01
0.42600D+00,0.29448D-01
0.42700D+00,0.29423D-01
0.42800D+00,0.29397D-01
0.42900D+00,0.29372D-01
0.43000D+00,0.29347D-01
0.43100D+00,0.29321D-01
0.43200D+00,0.29296D-01
0.43300D+00,0.29271D-01
0.43400D+00,0.29245D-01
0.43500D+00,0.29220D-01
0.43600D+00,0.29195D-01
0.43700D+00,0.29169D-01
0.43800D+00,0.29144D-01
0.43900D+00,0.29119D-01
0.44000D+00,0.29093D-01
0.44100D+00,0.29068D-01
0.44200D+00,0.29043D-01
0.44300D+00,0.29017D-01
0.44400D+00,0.28992D-01
0.44500D+00,0.28967D-01
0.44600D+00,0.28941D-01
0.44700D+00,0.28916D-01
0.44800D+00,0.28893D-01
0.44900D+00,0.28872D-01
0.45000D+00,0.28852D-01
0.45100D+00,0.28831D-01
0.45200D+00,0.28860D-01
0.45300D+00,0.28987D-01
0.45400D+00,0.29113D-01
0.45500D+00,0.29240D-01
0.45600D+00,0.29367D-01
0.45700D+00,0.29494D-01
0.45800D+00,0.29626D-01
0.45900D+00,0.29761D-01
0.46000D+00,0.29896D-01
0.46100D+00,0.30031D-01
0.46200D+00,0.30172D-01
0.46300D+00,0.30323D-01
0.46400D+00,0.30475D-01
0.46500D+00,0.30627D-01
0.46600D+00,0.30778D-01
0.46700D+00,0.30930D-01
0.46800D+00,0.31081D-01
0.46900D+00,0.31233D-01
0.47000D+00,0.31384D-01
0.47100D+00,0.31536D-01
0.47200D+00,0.31687D-01
0.47300D+00,0.31839D-01
0.47400D+00,0.31990D-01
0.47500D+00,0.32142D-01
0.47600D+00,0.32294D-01
0.47700D+00,0.32445D-01
0.47800D+00,0.32597D-01
0.47900D+00,0.32748D-01
0.48000D+00,0.32900D-01
0.48100D+00,0.33051D-01
0.48200D+00,0.33203D-01
0.48300D+00,0.33354D-01
0.48400D+00,0.33506D-01
0.48500D+00,0.33657D-01
0.48600D+00,0.33809D-01
0.48700D+00,0.33961D-01
0.48800D+00,0.34112D-01
0.48900D+00,0.34264D-01
0.49000D+00,0.34415D-01
0.49100D+00,0.34567D-01
0.49200D+00,0.34718D-01
0.49300D+00,0.34870D-01
0.49400D+00,0.35021D-01
0.49500D+00,0.35173D-01
0.49600D+00,0.35324D-01
0.49700D+00,0.35476D-01
0.49800D+00,0.35628D-01
0.49900D+00,0.35779D-01
0.50000D+00,0.35931D-01
0.50100D+00,0.35932D-01
0.50200D+00,0.35933D-01
0.50300D+00,0.35934D-01
0.50400D+00,0.35936D-01
0.50500D+00,0.35937D-01
0.50600D+00,0.35938D-01
0.50700D+00,0.35939D-01
0.50800D+00,0.35941D-01
0.50900D+00,0.35942D-01
0.51000D+00,0.35943D-01
0.51100D+00,0.35944D-01
0.51200D+00,0.35946D-01
0.51300D+00,0.35947D-01
0.51400D+00,0.35948D-01
0.51500D+00,0.35949D-01
0.51600D+00,0.35951D-01
0.51700D+00,0.35952D-01
0.51800D+00,0.35953D-01
0.51900D+00,0.35954D-01
0.52000D+00,0.35956D-01
0.52100D+00,0.35957D-01
0.52200D+00,0.35958D-01
0.52300D+00,0.35959D-01
0.52400D+00,0.35960D-01
0.52500D+00,0.35962D-01
0.52600D+00,0.35963D-01
0.52700D+00,0.35964D-01
0.52800D+00,0.35965D-01
0.52900D+00,0.35966D-01
0.53000D+00,0.35972D-01
0.53100D+00,0.35978D-01
0.53200D+00,0.35985D-01
0.53300D+00,0.35992D-01
0.53400D+00,0.35998D-01
0.53500D+00,0.36005D-01
0.53600D+00,0.36012D-01
0.53700D+00,0.36018D-01
0.53800D+00,0.36025D-01
0.53900D+00,0.36032D-01
0.54000D+00,0.36038D-01
0.54100D+00,0.36045D-01
0.54200D+00,0.36052D-01
0.54300D+00,0.36058D-01
0.54400D+00,0.36065D-01
0.54500D+00,0.36072D-01
0.54600D+00,0.36079D-01
0.54700D+00,0.36086D-01
0.54800D+00,0.36093D-01
0.54900D+00,0.36100D-01
0.55000D+00,0.36107D-01
0.55100D+00,0.36114D-01
0.55200D+00,0.36121D-01
0.55300D+00,0.36128D-01
0.55400D+00,0.36135D-01
0.55500D+00,0.36142D-01
0.55600D+00,0.36149D-01
0.55700D+00,0.36156D-01
0.55800D+00,0.36163D-01
0.55900D+00,0.36170D-01
0.56000D+00,0.36177D-01
0.56100D+00,0.36184D-01
0.56200D+00,0.36191D-01
0.56300D+00,0.36198D-01
0.56400D+00,0.36205D-01
0.56500D+00,0.36212D-01
0.56600D+00,0.36219D-01
0.56700D+00,0.36226D-01
0.56800D+00,0.36233D-01
0.56900D+00,0.36240D-01
0.57000D+00,0.36247D-01
0.57100D+00,0.36254D-01
0.57200D+00,0.36262D-01
0.57300D+00,0.36269D-01
0.57400D+00,0.36276D-01
0.57500D+00,0.36283D-01
0.57600D+00,0.36290D-01
0.57700D+00,0.36297D-01
0.57800D+00,0.36304D-01
0.57900D+00,0.36311D-01
0.58000D+00,0.36318D-01
0.58100D+00,0.36325D-01
0.58200D+00,0.36332D-01
0.58300D+00,0.36339D-01
0.58400D+00,0.36346D-01
0.58500D+00,0.36353D-01
0.58600D+00,0.36360D-01
0.58700D+00,0.36367D-01
0.58800D+00,0.36374D-01
0.58900D+00,0.36381D-01
0.59000D+00,0.36388D-01
0.59100D+00,0.36395D-01
0.59200D+00,0.36402D-01
0.59300D+00,0.36409D-01
0.59400D+00,0.36416D-01
0.59500D+00,0.36422D-01
0.59600D+00,0.36428D-01
0.59700D+00,0.36434D-01
0.59800D+00,0.36440D-01
0.59900D+00,0.36446D-01
0.60000D+00,0.36452D-01
0.60100D+00,0.36459D-01
0.60200D+00,0.36465D-01
0.60300D+00,0.36471D-01
0.60400D+00,0.36477D-01
0.60500D+00,0.36483D-01
0.60600D+00,0.36489D-01
0.60700D+00,0.36495D-01
0.60800D+00,0.36501D-01
0.60900D+00,0.36507D-01
0.61000D+00,0.36513D-01
0.61100D+00,0.36519D-01
0.61200D+00,0.36525D-01
0.61300D+00,0.36532D-01
0.61400D+00,0.36539D-01
0.61500D+00,0.36546D-01
0.61600D+00,0.36553D-01
0.61700D+00,0.36560D-01
0.61800D+00,0.36567D-01
0.61900D+00,0.36574D-01
0.62000D+00,0.36581D-01
0.62100D+00,0.36588D-01
0.62200D+00,0.36595D-01
0.62300D+00,0.36602D-01
0.62400D+00,0.36608D-01
0.62500D+00,0.36615D-01
0.62600D+00,0.36622D-01
0.62700D+00,0.36629D-01
0.62800D+00,0.36636D-01
0.62900D+00,0.36643D-01
0.63000D+00,0.36650D-01
0.63100D+00,0.36657D-01
0.63200D+00,0.36664D-01
0.63300D+00,0.36671D-01
0.63400D+00,0.36678D-01
0.63500D+00,0.36685D-01
0.63600D+00,0.36692D-01
0.63700D+00,0.36699D-01
0.63800D+00,0.36706D-01
0.63900D+00,0.36713D-01
0.64000D+00,0.36720D-01
0.64100D+00,0.36727D-01
0.64200D+00,0.36734D-01
0.64300D+00,0.36741D-01
0.64400D+00,0.36748D-01
0.64500D+00,0.36755D-01
0.64600D+00,0.36762D-01
0.64700D+00,0.36769D-01
0.64800D+00,0.36776D-01
0.64900D+00,0.36783D-01
0.65000D+00,0.36789D-01
0.65100D+00,0.36794D-01
0.65200D+00,0.36799D-01
0.65300D+00,0.36804D-01
0.65400D+00,0.36810D-01
0.65500D+00,0.36815D-01
0.65600D+00,0.36820D-01
0.65700D+00,0.36826D-01
0.65800D+00,0.36831D-01
0.65900D+00,0.36836D-01
0.66000D+00,0.36841D-01
0.66100D+00,0.36847D-01
0.66200D+00,0.36852D-01
0.66300D+00,0.36857D-01
0.66400D+00,0.36863D-01
0.66500D+00,0.36868D-01
0.66600D+00,0.36873D-01
0.66700D+00,0.36878D-01
0.66800D+00,0.36884D-01
0.66900D+00,0.36889D-01
0.67000D+00,0.36894D-01
0.67100D+00,0.36900D-01
0.67200D+00,0.36905D-01
0.67300D+00,0.36910D-01
0.67400D+00,0.36915D-01
0.67500D+00,0.36921D-01
0.67600D+00,0.36926D-01
0.67700D+00,0.36931D-01
0.67800D+00,0.36937D-01
0.67900D+00,0.36942D-01
0.68000D+00,0.36947D-01
0.68100D+00,0.36952D-01
0.68200D+00,0.36958D-01
0.68300D+00,0.36963D-01
0.68400D+00,0.36968D-01
0.68500D+00,0.36974D-01
0.68600D+00,0.36979D-01
0.68700D+00,0.36984D-01
0.68800D+00,0.36989D-01
0.68900D+00,0.36995D-01
0.69000D+00,0.37000D-01
0.69100D+00,0.37005D-01
0.69200D+00,0.37010D-01
0.69300D+00,0.37016D-01
0.69400D+00,0.37021D-01
0.69500D+00,0.37026D-01
0.69600D+00,0.37032D-01
0.69700D+00,0.37037D-01
0.69800D+00,0.37044D-01
0.69900D+00,0.37051D-01
0.70000D+00,0.37057D-01
0.70100D+00,0.37062D-01
0.70200D+00,0.37067D-01
0.70300D+00,0.37073D-01
0.70400D+00,0.37078D-01
0.70500D+00,0.37083D-01
0.70600D+00,0.37088D-01
0.70700D+00,0.37093D-01
0.70800D+00,0.37098D-01
0.70900D+00,0.37103D-01
0.71000D+00,0.37108D-01
0.71100D+00,0.37113D-01
0.71200D+00,0.37118D-01
0.71300D+00,0.37123D-01
0.71400D+00,0.37128D-01
0.71500D+00,0.37134D-01
0.71600D+00,0.37139D-01
0.71700D+00,0.37144D-01
0.71800D+00,0.37149D-01
0.71900D+00,0.37154D-01
0.72000D+00,0.37159D-01
0.72100D+00,0.37164D-01
0.72200D+00,0.37169D-01
0.72300D+00,0.37174D-01
0.72400D+00,0.37179D-01
0.72500D+00,0.37184D-01
0.72600D+00,0.37188D-01
0.72700D+00,0.37192D-01
0.72800D+00,0.37196D-01
0.72900D+00,0.37200D-01
0.73000D+00,0.37204D-01
0.73100D+00,0.37208D-01
0.73200D+00,0.37212D-01
0.73300D+00,0.37216D-01
0.73400D+00,0.37220D-01
0.73500D+00,0.37224D-01
0.73600D+00,0.37228D-01
0.73700D+00,0.37231D-01
0.73800D+00,0.37235D-01
0.73900D+00,0.37239D-01
0.74000D+00,0.37243D-01
0.74100D+00,0.37247D-01
0.74200D+00,0.37251D-01
0.74300D+00,0.37255D-01
0.74400D+00,0.37259D-01
0.74500D+00,0.37263D-01
0.74600D+00,0.37267D-01
0.74700D+00,0.37271D-01
0.74800D+00,0.37274D-01
0.74900D+00,0.37278D-01
0.75000D+00,0.37282D-01
0.75100D+00,0.37286D-01
0.75200D+00,0.37290D-01
0.75300D+00,0.37294D-01
0.75400D+00,0.37298D-01
0.75500D+00,0.37302D-01
0.75600D+00,0.37306D-01
0.75700D+00,0.37310D-01
0.75800D+00,0.37314D-01
0.75900D+00,0.37317D-01
0.76000D+00,0.37321D-01
0.76100D+00,0.37325D-01
0.76200D+00,0.37329D-01
0.76300D+00,0.37333D-01
0.76400D+00,0.37337D-01
0.76500D+00,0.37341D-01
0.76600D+00,0.37345D-01
0.76700D+00,0.37349D-01
0.76800D+00,0.37353D-01
0.76900D+00,0.37357D-01
0.77000D+00,0.37361D-01
0.77100D+00,0.37364D-01
0.77200D+00,0.37368D-01
0.77300D+00,0.37372D-01
0.77400D+00,0.37376D-01
0.77500D+00,0.37380D-01
0.77600D+00,0.37384D-01
0.77700D+00,0.37388D-01
0.77800D+00,0.37392D-01
0.77900D+00,0.37396D-01
0.78000D+00,0.37400D-01
0.78100D+00,0.37404D-01
0.78200D+00,0.37407D-01
0.78300D+00,0.37411D-01
0.78400D+00,0.37415D-01
0.78500D+00,0.37419D-01
0.78600D+00,0.37423D-01
0.78700D+00,0.37427D-01
0.78800D+00,0.37431D-01
0.78900D+00,0.37435D-01
0.79000D+00,0.37439D-01
0.79100D+00,0.37443D-01
0.79200D+00,0.37447D-01
0.79300D+00,0.37450D-01
0.79400D+00,0.37454D-01
0.79500D+00,0.37458D-01
0.79600D+00,0.37462D-01
0.79700D+00,0.37466D-01
0.79800D+00,0.37470D-01
0.79900D+00,0.37474D-01
0.80000D+00,0.37478D-01
0.80100D+00,0.37482D-01
0.80200D+00,0.37486D-01
0.80300D+00,0.37490D-01
0.80400D+00,0.37493D-01
0.80500D+00,0.37497D-01
0.80600D+00,0.37501D-01
0.80700D+00,0.37505D-01
0.80800D+00,0.37509D-01
0.80900D+00,0.37513D-01
0.81000D+00,0.37517D-01
0.81100D+00,0.37521D-01
0.81200D+00,0.37525D-01
0.81300D+00,0.37530D-01
0.81400D+00,0.37534D-01
0.81500D+00,0.37538D-01
0.81600D+00,0.37543D-01
0.81700D+00,0.37547D-01
0.81800D+00,0.37551D-01
0.81900D+00,0.37556D-01
0.82000D+00,0.37560D-01
0.82100D+00,0.37565D-01
0.82200D+00,0.37569D-01
0.82300D+00,0.37574D-01
0.82400D+00,0.37578D-01
0.82500D+00,0.37580D-01
0.82600D+00,0.37582D-01
0.82700D+00,0.37585D-01
0.82800D+00,0.37587D-01
0.82900D+00,0.37590D-01
0.83000D+00,0.37592D-01
0.83100D+00,0.37595D-01
0.83200D+00,0.37597D-01
0.83300D+00,0.37600D-01
0.83400D+00,0.37602D-01
0.83500D+00,0.37605D-01
0.83600D+00,0.37608D-01
0.83700D+00,0.37610D-01
0.83800D+00,0.37613D-01
0.83900D+00,0.37615D-01
0.84000D+00,0.37618D-01
0.84100D+00,0.37620D-01
0.84200D+00,0.37623D-01
0.84300D+00,0.37625D-01
0.84400D+00,0.37628D-01
0.84500D+00,0.37630D-01
0.84600D+00,0.37633D-01
0.84700D+00,0.37636D-01
0.84800D+00,0.37638D-01
0.84900D+00,0.37641D-01
0.85000D+00,0.37643D-01
0.85100D+00,0.37646D-01
0.85200D+00,0.37648D-01
0.85300D+00,0.37651D-01
0.85400D+00,0.37653D-01
0.85500D+00,0.37656D-01
0.85600D+00,0.37659D-01
0.85700D+00,0.37661D-01
0.85800D+00,0.37664D-01
0.85900D+00,0.37666D-01
0.86000D+00,0.37669D-01
0.86100D+00,0.37671D-01
0.86200D+00,0.37674D-01
0.86300D+00,0.37676D-01
0.86400D+00,0.37679D-01
0.86500D+00,0.37682D-01
0.86600D+00,0.37684D-01
0.86700D+00,0.37687D-01
0.86800D+00,0.37689D-01
0.86900D+00,0.37692D-01
0.87000D+00,0.37694D-01
0.87100D+00,0.37697D-01
0.87200D+00,0.37699D-01
0.87300D+00,0.37702D-01
0.87400D+00,0.37705D-01
0.87500D+00,0.37707D-01
0.87600D+00,0.37710D-01
0.87700D+00,0.37712D-01
0.87800D+00,0.37715D-01
0.87900D+00,0.37717D-01
0.88000D+00,0.37720D-01
0.88100D+00,0.37722D-01
0.88200D+00,0.37725D-01
0.88300D+00,0.37728D-01
0.88400D+00,0.37730D-01
0.88500D+00,0.37733D-01
0.88600D+00,0.37735D-01
0.88700D+00,0.37738D-01
0.88800D+00,0.37740D-01
0.88900D+00,0.37743D-01
0.89000D+00,0.37746D-01
0.89100D+00,0.37749D-01
0.89200D+00,0.37752D-01
0.89300D+00,0.37755D-01
0.89400D+00,0.37758D-01
0.89500D+00,0.37761D-01
0.89600D+00,0.37764D-01
0.89700D+00,0.37767D-01
0.89800D+00,0.37770D-01
0.89900D+00,0.37773D-01
0.90000D+00,0.37776D-01
0.90100D+00,0.37779D-01
0.90200D+00,0.37782D-01
0.90300D+00,0.37785D-01
0.90400D+00,0.37788D-01
0.90500D+00,0.37791D-01
0.90600D+00,0.37793D-01
0.90700D+00,0.37794D-01
0.90800D+00,0.37795D-01
0.90900D+00,0.37797D-01
0.91000D+00,0.37798D-01
0.91100D+00,0.37799D-01
0.91200D+00,0.37801D-01
0.91300D+00,0.37802D-01
0.91400D+00,0.37803D-01
0.91500D+00,0.37805D-01
0.91600D+00,0.37806D-01
0.91700D+00,0.37807D-01
0.91800D+00,0.37809D-01
0.91900D+00,0.37810D-01
0.92000D+00,0.37811D-01
0.92100D+00,0.37813D-01
0.92200D+00,0.37814D-01
0.92300D+00,0.37815D-01
0.92400D+00,0.37817D-01
0.92500D+00,0.37818D-01
0.92600D+00,0.37819D-01
0.92700D+00,0.37821D-01
0.92800D+00,0.37822D-01
0.92900D+00,0.37823D-01
0.93000D+00,0.37825D-01
0.93100D+00,0.37826D-01
0.93200D+00,0.37827D-01
0.93300D+00,0.37828D-01
0.93400D+00,0.37830D-01
0.93500D+00,0.37831D-01
0.93600D+00,0.37832D-01
0.93700D+00,0.37834D-01
0.93800D+00,0.37835D-01
0.93900D+00,0.37836D-01
0.94000D+00,0.37837D-01
0.94100D+00,0.37839D-01
0.94200D+00,0.37840D-01
0.94300D+00,0.37841D-01
0.94400D+00,0.37842D-01
0.94500D+00,0.37843D-01
0.94600D+00,0.37844D-01
0.94700D+00,0.37845D-01
0.94800D+00,0.37847D-01
0.94900D+00,0.37848D-01
0.95000D+00,0.37849D-01
0.95100D+00,0.37850D-01
0.95200D+00,0.37851D-01
0.95300D+00,0.37852D-01
0.95400D+00,0.37853D-01
0.95500D+00,0.37854D-01
0.95600D+00,0.37855D-01
0.95700D+00,0.37856D-01
0.95800D+00,0.37857D-01
0.95900D+00,0.37858D-01
0.96000D+00,0.37859D-01
0.96100D+00,0.37860D-01
0.96200D+00,0.37861D-01
0.96300D+00,0.37862D-01
0.96400D+00,0.37863D-01
0.96500D+00,0.37864D-01
0.96600D+00,0.37866D-01
0.96700D+00,0.37867D-01
0.96800D+00,0.37868D-01
0.96900D+00,0.37869D-01
0.97000D+00,0.37870D-01
0.97100D+00,0.37871D-01
0.97200D+00,0.37872D-01
0.97300D+00,0.37873D-01
0.97400D+00,0.37874D-01
0.97500D+00,0.37875D-01
0.97600D+00,0.37876D-01
0.97700D+00,0.37877D-01
0.97800D+00,0.37878D-01
0.97900D+00,0.37879D-01
0.98000D+00,0.37880D-01
0.98100D+00,0.37881D-01
0.98200D+00,0.37882D-01
0.98300D+00,0.37883D-01
0.98400D+00,0.37884D-01
0.98500D+00,0.37885D-01
0.98600D+00,0.37886D-01
0.98700D+00,0.37887D-01
0.98800D+00,0.37888D-01
0.98900D+00,0.37889D-01
0.99000D+00,0.37890D-01
0.99100D+00,0.37891D-01
0.99200D+00,0.37892D-01
0.99300D+00,0.37893D-01
0.99400D+00,0.37894D-01
0.99500D+00,0.37896D-01
0.99600D+00,0.37897D-01
0.99700D+00,0.37898D-01
0.99800D+00,0.37899D-01
0.99900D+00,0.37900D-01
0.10000D+01,0.37901D-01
