0.04330127018922194,3.9978564513449353,0,0,0,0
0.1299038105676658,3.9935693540348067,0,0,0,0
0.2165063509461097,3.9892822567246773,0,0,0,0
0.3031088913245536,3.9849951594145483,0,0,0,0
0.38971143170299744,3.9807080621044184,0,0,0,0
0.4763139720814413,3.976420964794289,0,0,0,0
0.5629165124598852,3.9721338674841613,0,0,0,0
0.649519052838329,3.9678467701740323,0,0,0,0
0.736121593216773,3.9635596728639024,0,0,0,0
0.8227241335952168,3.959272575553773,0,0,0,0
0.9093266739736607,3.9549854782436444,0,0,0,0
0.9959292143521046,3.9506983809335154,0,0,0,0
1.0825317547305484,3.946411283623387,0,0,0,0
1.1691342951089922,3.942124186313256,0,0,0,0
1.2557368354874363,3.9378370890031285,0,0,0,0
1.3423393758658801,3.9335499916929995,0,0,0,0
1.428941916244324,3.929262894382871,0,0,0,0
1.515544456622768,3.924975797072741,0,0,0,0
1.6021469970012117,3.920688699762611,0,0,0,0
1.6887495373796555,3.9164016024524835,0,0,0,0
1.7753520777580996,3.912114505142353,0,0,0,0
1.8619546181365432,3.907827407832225,0,0,0,0
1.9485571585149872,3.9035403105220956,0,0,0,0
2.0351596988934313,3.8992532132119666,0,0,0,0
2.121762239271875,3.894966115901837,0,0,0,0
2.2083647796503185,3.8906790185917086,0,0,0,0
2.294967320028763,3.8863919212815796,0,0,0,0
2.3815698604072066,3.8821048239714497,0,0,0,0
2.4681724007856505,3.8778177266613203,0,0,0,0
2.5547749411640943,3.8735306293511926,0,0,0,0
2.641377481542538,3.8692435320410627,0,0,0,0
2.727980021920982,3.864956434730934,0,0,0,0
2.8145825622994263,3.860669337420805,0,0,0,0
2.90118510267787,3.8563822401106753,0,0,0,0
2.987787643056314,3.8520951428005468,0,0,0,0
3.0743901834347573,3.8478080454904178,0,0,0,0
3.160992723813201,3.843520948180289,0,0,0,0
3.2475952641916455,3.83923385087016,0,0,0,0
3.3341978045700893,3.83494675356003,0,0,0,0
3.420800344948533,3.8306596562499022,0,0,0,0
3.507402885326977,3.8263725589397724,0,0,0,0
3.5940054257054213,3.822085461629644,0,0,0,0
3.680607966083865,3.817798364319515,0,0,0,0
3.7672105064623085,3.813511267009384,0,0,0,0
3.8538130468407523,3.8092241696992564,0,0,0,0
3.940415587219196,3.804937072389127,0,0,0,0
4.02701812759764,3.8006499750789984,0,0,0,0
4.113620667976084,3.7963628777688685,0,0,0,0
4.200223208354529,3.7920757804587395,0,0,0,0
4.286825748732972,3.787788683148611,0,0,0,0
4.373428289111416,3.783501585838482,0,0,0,0
4.46003082948986,3.7792144885283534,0,0,0,0
4.546633369868303,3.774927391218224,0,0,0,0
4.633235910246747,3.770640293908094,0,0,0,0
4.719838450625192,3.7663531965979655,0,0,0,0
4.806440991003635,3.7620660992878365,0,0,0,0
4.893043531382079,3.757779001977707,0,0,0,0
4.9796460717605235,3.753491904667579,0,0,0,0
5.066248612138967,3.7492048073574495,0,0,0,0
5.15285115251741,3.744917710047321,0,0,0,0
5.239453692895855,3.740630612737191,0,0,0,0
5.326056233274298,3.736343515427063,0,0,0,0
5.412658773652742,3.7320564181169336,0,0,0,0
5.499261314031187,3.7277693208068037,0,0,0,0
5.58586385440963,3.723482223496676,0,0,0,0
5.672466394788074,3.7191951261865452,0,0,0,0
5.7590689351665185,3.7149080288764176,0,0,0,0
5.845671475544962,3.7106209315662877,0,0,0,0
5.932274015923406,3.706333834256159,0,0,0,0
6.01887655630185,3.7020467369460297,0,0,0,0
6.105479096680293,3.6977596396359007,0,0,0,0
6.192081637058736,3.6934725423257717,0,0,0,0
6.278684177437181,3.6891854450156423,0,0,0,0
6.365286717815625,3.6848983477055124,0,0,0,0
6.451889258194068,3.6806112503953847,0,0,0,0
6.538491798572513,3.6763241530852553,0,0,0,0
6.625094338950956,3.6720370557751263,0,0,0,0
6.7116968793294,3.667749958464997,0,0,0,0
6.798299419707845,3.663462861154868,0,0,0,0
6.884901960086288,3.6591757638447393,0,0,0,0
6.971504500464732,3.6548886665346094,0,0,0,0
7.0581070408431765,3.650601569224481,0,0,0,0
7.14470958122162,3.646314471914352,0,0,0,0
7.231312121600064,3.6420273746042224,0,0,0,0
7.3179146619785085,3.6377402772940943,0,0,0,0
7.404517202356952,3.633453179983965,0,0,0,0
7.491119742735394,3.629166082673835,0,0,0,0
7.577722283113839,3.6248789853637065,0,0,0,0
7.664324823492283,3.620591888053578,0,0,0,0
7.750927363870726,3.616304790743449,0,0,0,0
7.837529904249171,3.6120176934333195,0,0,0,0
7.924132444627615,3.6077305961231905,0,0,0,0
8.010734985006058,3.6034434988130615,0,0,0,0
8.097337525384502,3.599156401502932,0,0,0,0
8.183940065762947,3.5948693041928035,0,0,0,0
8.27054260614139,3.5905822068826745,0,0,0,0
8.357145146519834,3.5862951095725446,0,0,0,0
8.443747686898279,3.582008012262416,0,0,0,0
8.530350227276722,3.5777209149522866,0,0,0,0
8.616952767655166,3.5734338176421576,0,0,0,0
8.70355530803361,3.5691467203320286,0,0,0,0
8.790157848412054,3.5648596230219,0,0,0,0
8.876760388790498,3.5605725257117706,0,0,0,0
8.963362929168941,3.5562854284016416,0,0,0,0
9.049965469547384,3.551998331091512,0,0,0,0
9.13656800992583,3.547711233781384,0,0,0,0
9.223170550304273,3.5434241364712538,0,0,0,0
9.309773090682716,3.539137039161126,0,0,0,0
9.39637563106116,3.534849941850996,0,0,0,0
9.482978171439605,3.5305628445408677,0,0,0,0
9.569580711818048,3.526275747230738,0,0,0,0
9.656183252196492,3.5219886499206092,0,0,0,0
9.742785792574937,3.5177015526104802,0,0,0,0
9.82938833295338,3.5134144553003503,0,0,0,0
9.915990873331824,3.509127357990222,0,0,0,0
10.002593413710269,3.5048402606800932,0,0,0,0
10.089195954088712,3.5005531633699634,0,0,0,0
10.175798494467156,3.4962660660598344,0,0,0,0
10.262401034845599,3.491978968749706,0,0,0,0
10.349003575224042,3.4876918714395773,0,0,0,0
10.435606115602488,3.4834047741294474,0,0,0,0
10.522208655980931,3.479117676819318,0,0,0,0
10.608811196359374,3.474830579509189,0,0,0,0
10.69541373673782,3.4705434821990604,0,0,0,0
10.782016277116263,3.4662563848889314,0,0,0,0
10.868618817494706,3.461969287578802,0,0,0,0
10.95522135787315,3.457682190268673,0,0,0,0
11.041823898251595,3.4533950929585435,0,0,0,0
11.128426438630038,3.4491079956484154,0,0,0,0
11.215028979008482,3.444820898338286,0,0,0,0
11.301631519386927,3.440533801028157,0,0,0,0
11.38823405976537,3.4362467037180275,0,0,0,0
11.474836600143814,3.4319596064078985,0,0,0,0
11.561439140522259,3.4276725090977687,0,0,0,0
11.648041680900702,3.4233854117876406,0,0,0,0
11.734644221279146,3.4190983144775116,0,0,0,0
11.82124676165759,3.4148112171673826,0,0,0,0
11.907849302036034,3.410524119857253,0,0,0,0
11.994451842414477,3.4062370225471246,0,0,0,0
12.081054382792923,3.4019499252369956,0,0,0,0
12.167656923171366,3.397662827926866,0,0,0,0
12.254259463549808,3.3933757306167363,0,0,0,0
12.340862003928251,3.3890886333066086,0,0,0,0
12.427464544306694,3.3848015359964787,0,0,0,0
12.51406708468514,3.380514438686349,0,0,0,0
12.600669625063583,3.376227341376221,0,0,0,0
12.687272165442026,3.3719402440660917,0,0,0,0
12.773874705820472,3.3676531467559627,0,0,0,0
12.860477246198915,3.3633660494458333,0,0,0,0
12.947079786577358,3.3590789521357043,0,0,0,0
13.033682326955804,3.3547918548255757,0,0,0,0
13.120284867334247,3.3505047575154467,0,0,0,0
13.20688740771269,3.3462176602053173,0,0,0,0
13.293489948091135,3.3419305628951883,0,0,0,0
13.380092488469579,3.3376434655850598,0,0,0,0
13.466695028848022,3.33335636827493,0,0,0,0
13.553297569226467,3.3290692709648004,0,0,0,0
13.63990010960491,3.324782173654672,0,0,0,0
13.726502649983354,3.3204950763445433,0,0,0,0
13.8131051903618,3.316207979034414,0,0,0,0
13.899707730740243,3.3119208817242853,0,0,0,0
13.986310271118686,3.307633784414156,0,0,0,0
14.07291281149713,3.303346687104028,0,0,0,0
14.159515351875575,3.2990595897938975,0,0,0,0
14.246117892254018,3.294772492483769,0,0,0,0
14.332720432632462,3.29048539517364,0,0,0,0
14.419322973010907,3.2861982978635105,0,0,0,0
14.50592551338935,3.281911200553381,0,0,0,0
14.592528053767793,3.277624103243252,0,0,0,0
14.679130594146239,3.2733370059331235,0,0,0,0
14.765733134524682,3.269049908622995,0,0,0,0
14.852335674903125,3.2647628113128646,0,0,0,0
14.938938215281567,3.2604757140027365,0,0,0,0
15.025540755660012,3.256188616692607,0,0,0,0
15.112143296038456,3.251901519382478,0,0,0,0
15.198745836416899,3.2476144220723486,0,0,0,0
15.285348376795344,3.24332732476222,0,0,0,0
15.371950917173788,3.2390402274520915,0,0,0,0
15.458553457552231,3.2347531301419616,0,0,0,0
15.545155997930674,3.230466032831832,0,0,0,0
15.63175853830912,3.226178935521703,0,0,0,0
15.718361078687563,3.221891838211575,0,0,0,0
15.804963619066006,3.2176047409014457,0,0,0,0
15.891566159444452,3.213317643591316,0,0,0,0
15.978168699822895,3.2090305462811872,0,0,0,0
16.06477124020134,3.204743448971059,0,0,0,0
16.15137378057978,3.2004563516609292,0,0,0,0
16.237976320958225,3.1961692543508002,0,0,0,0
16.324578861336672,3.191882157040671,0,0,0,0
16.411181401715115,3.1875950597305422,0,0,0,0
16.49778394209356,3.1833079624204133,0,0,0,0
16.584386482472002,3.179020865110284,0,0,0,0
16.670989022850446,3.174733767800155,0,0,0,0
16.75759156322889,3.1704466704900263,0,0,0,0
16.844194103607336,3.1661595731798964,0,0,0,0
16.93079664398578,3.1618724758697674,0,0,0,0
17.017399184364223,3.1575853785596384,0,0,0,0
17.104001724742666,3.1532982812495094,0,0,0,0
17.19060426512111,3.1490111839393804,0,0,0,0
17.277206805499553,3.1447240866292514,0,0,0,0
17.363809345878,3.1413794424546073,0,0,0,0
17.450411886256443,3.1389772514154477,0,0,0,0
17.537014426634887,3.1365750603762885,0,0,0,0
17.623616967013326,3.134172869337129,0,0,0,0
17.710219507391773,3.131770678297969,0,0,0,0
17.796822047770217,3.1293684872588092,0,0,0,0
17.88342458814866,3.1269662962196505,0,0,0,0
17.970027128527104,3.124564105180491,0,0,0,0
18.056629668905547,3.1221619141413317,0,0,0,0
18.14323220928399,3.119759723102172,0,0,0,0
18.229834749662434,3.1173575320630116,0,0,0,0
18.31643729004088,3.1149553410238533,0,0,0,0
18.403039830419324,3.1125531499846937,0,0,0,0
18.489642370797768,3.110150958945534,0,0,0,0
18.57624491117621,3.1077487679063744,0,0,0,0
18.662847451554654,3.1053465768672144,0,0,0,0
18.749449991933098,3.1029443858280548,0,0,0,0
18.836052532311545,3.100542194788896,0,0,0,0
18.922655072689988,3.098140003749736,0,0,0,0
19.00925761306843,3.0957378127105764,0,0,0,0
19.095860153446875,3.093335621671417,0,0,0,0
19.182462693825318,3.0909334306322576,0,0,0,0
19.26906523420376,3.0885312395930984,0,0,0,0
19.355667774582205,3.086129048553939,0,0,0,0
19.442270314960652,3.083726857514779,0,0,0,0
19.528872855339095,3.08132466647562,0,0,0,0
19.61547539571754,3.0789224754364604,0,0,0,0
19.702077936095982,3.076520284397301,0,0,0,0
19.788680476474426,3.074118093358141,0,0,0,0
19.87528301685287,3.071715902318981,0,0,0,0
19.961885557231316,3.0693137112798223,0,0,0,0
20.04848809760976,3.0669115202406636,0,0,0,0
20.135090637988203,3.064509329201503,0,0,0,0
20.221693178366646,3.0621071381623435,0,0,0,0
20.30829571874509,3.059704947123184,0,0,0,0
20.394898259123533,3.0573027560840247,0,0,0,0
20.481500799501976,3.0549005650448655,0,0,0,0
20.56810333988042,3.052498374005706,0,0,0,0
20.654705880258863,3.0500961829665463,0,0,0,0
20.741308420637306,3.0476939919273875,0,0,0,0
20.827910961015753,3.0452918008882275,0,0,0,0
20.914513501394197,3.042889609849068,0,0,0,0
21.00111604177264,3.0404874188099087,0,0,0,0
21.087718582151084,3.038085227770749,0,0,0,0
21.174321122529527,3.035683036731589,0,0,0,0
21.26092366290797,3.03328084569243,0,0,0,0
21.347526203286414,3.0308786546532707,0,0,0,0
21.43412874366486,3.0284764636141106,0,0,0,0
21.520731284043304,3.026074272574951,0,0,0,0
21.607333824421747,3.0236720815357914,0,0,0,0
21.69393636480019,3.021269890496632,0,0,0,0
21.780538905178634,3.018867699457473,0,0,0,0
21.867141445557078,3.0164655084183143,0,0,0,0
21.953743985935525,3.0140633173791533,0,0,0,0
22.040346526313968,3.011661126339994,0,0,0,0
22.12694906669241,3.0092589353008345,0,0,0,0
22.213551607070855,3.0068567442616754,0,0,0,0
22.300154147449298,3.0044545532225158,0,0,0,0
22.38675668782774,3.0020523621833575,0,0,0,0
22.473359228206185,2.999650171144197,0,0,0,0
22.559961768584632,2.9972479801050373,0,0,0,0
22.646564308963075,2.9948457890658777,0,0,0,0
22.73316684934152,2.9924435980267186,0,0,0,0
22.819769389719962,2.9900414069875585,0,0,0,0
22.906371930098405,2.9876392159483993,0,0,0,0
22.99297447047685,2.98523702490924,0,0,0,0
23.079577010855296,2.982834833870081,0,0,0,0
23.16617955123374,2.9804326428309214,0,0,0,0
23.252782091612183,2.9780304517917613,0,0,0,0
23.339384631990626,2.9756282607526012,0,0,0,0
23.42598717236907,2.973226069713442,0,0,0,0
23.512589712747513,2.9708238786742833,0,0,0,0
23.59919225312596,2.968421687635124,0,0,0,0
23.685794793504403,2.966019496595963,0,0,0,0
23.772397333882846,2.9636173055568045,0,0,0,0
23.85899987426129,2.9612151145176453,0,0,0,0
23.945602414639733,2.9588129234784857,0,0,0,0
24.032204955018177,2.956410732439327,0,0,0,0
24.11880749539662,2.9540085414001664,0,0,0,0
24.205410035775067,2.951606350361007,0,0,0,0
24.29201257615351,2.949204159321847,0,0,0,0
24.37861511653195,2.9468019682826885,0,0,0,0
24.465217656910394,2.9443997772435284,0,0,0,0
24.551820197288837,2.9419975862043692,0,0,0,0
24.63842273766728,2.939595395165209,0,0,0,0
24.725025278045724,2.93719320412605,0,0,0,0
24.811627818424167,2.934791013086891,0,0,0,0
24.898230358802614,2.9323888220477317,0,0,0,0
24.984832899181058,2.929986631008571,0,0,0,0
25.0714354395595,2.927584439969412,0,0,0,0
25.158037979937944,2.925182248930253,0,0,0,0
25.244640520316388,2.922780057891093,0,0,0,0
25.33124306069483,2.9203778668519336,0,0,0,0
25.417845601073278,2.9179756758127735,0,0,0,0
25.50444814145172,2.915573484773614,0,0,0,0
25.591050681830165,2.9131712937344547,0,0,0,0
25.67765322220861,2.910769102695296,0,0,0,0
25.76425576258705,2.908366911656136,0,0,0,0
25.850858302965495,2.905964720616977,0,0,0,0
25.93746084334394,2.903562529577817,0,0,0,0
26.024063383722385,2.9011603385386575,0,0,0,0
26.11066592410083,2.8987581474994983,0,0,0,0
26.197268464479272,2.8963559564603387,0,0,0,0
26.283871004857716,2.893953765421179,0,0,0,0
26.37047354523616,2.89155157438202,0,0,0,0
26.457076085614602,2.88914938334286,0,0,0,0
26.54367862599305,2.8867471923037007,0,0,0,0
26.630281166371493,2.884345001264542,0,0,0,0
26.716883706749936,2.8819428102253815,0,0,0,0
26.80348624712838,2.879540619186222,0,0,0,0
26.890088787506823,2.8771384281470627,0,0,0,0
26.976691327885266,2.8747362371079035,0,0,0,0
27.063293868263713,2.8723340460687443,0,0,0,0
27.149896408642157,2.869931855029584,0,0,0,0
27.2364989490206,2.8675296639904246,0,0,0,0
27.323101489399043,2.865127472951265,0,0,0,0
27.409704029777487,2.8627252819121054,0,0,0,0
27.49630657015593,2.8603230908729467,0,0,0,0
27.582909110534374,2.8579208998337866,0,0,0,0
27.66951165091282,2.855518708794627,0,0,0,0
27.756114191291264,2.853116517755468,0,0,0,0
27.842716731669707,2.850714326716308,0,0,0,0
27.92931927204815,2.848312135677149,0,0,0,0
28.015921812426594,2.845909944637989,0,0,0,0
28.102524352805037,2.84350775359883,0,0,0,0
28.189126893183484,2.84110556255967,0,0,0,0
28.275729433561928,2.8387033715205114,0,0,0,0
28.36233197394037,2.8363011804813514,0,0,0,0
28.448934514318815,2.8338989894421918,0,0,0,0
28.535537054697258,2.8314967984030326,0,0,0,0
28.6221395950757,2.8290946073638725,0,0,0,0
28.708742135454145,2.8266924163247134,0,0,0,0
28.79534467583259,2.824290225285554,0,0,0,0
28.881947216211035,2.8218880342463937,0,0,0,0
28.96854975658948,2.819485843207234,0,0,0,0
29.055152296967922,2.8170836521680753,0,0,0,0
29.141754837346365,2.814681461128916,0,0,0,0
29.22835737772481,2.812279270089757,0,0,0,0
29.314959918103256,2.809877079050596,0,0,0,0
29.4015624584817,2.807474888011437,0,0,0,0
29.488164998860142,2.8050726969722772,0,0,0,0
29.574767539238586,2.802670505933119,0,0,0,0
29.66137007961703,2.800268314893959,0,0,0,0
29.747972619995473,2.7978661238547984,0,0,0,0
29.834575160373912,2.79546393281564,0,0,0,0
29.921177700752356,2.7930617417764805,0,0,0,0
30.007780241130803,2.7906595507373204,0,0,0,0
30.094382781509246,2.7882573596981617,0,0,0,0
30.18098532188769,2.7858551686590016,0,0,0,0
30.267587862266133,2.783452977619842,0,0,0,0
30.354190402644576,2.781050786580683,0,0,0,0
30.44079294302302,2.778648595541523,0,0,0,0
30.527395483401463,2.7762464045023636,0,0,0,0
30.61399802377991,2.7738442134632044,0,0,0,0
30.700600564158353,2.7714420224240444,0,0,0,0
30.787203104536797,2.769039831384885,0,0,0,0
30.87380564491524,2.766637640345726,0,0,0,0
30.960408185293684,2.7642354493065664,0,0,0,0
31.047010725672127,2.7618332582674068,0,0,0,0
31.133613266050574,2.759431067228247,0,0,0,0
31.220215806429017,2.757028876189088,0,0,0,0
31.30681834680746,2.754626685149929,0,0,0,0
31.393420887185904,2.7522244941107687,0,0,0,0
31.480023427564348,2.7498223030716096,0,0,0,0
31.56662596794279,2.74742011203245,0,0,0,0
31.653228508321238,2.745017920993291,0,0,0,0
31.73983104869968,2.742615729954131,0,0,0,0
31.826433589078125,2.7402135389149715,0,0,0,0
31.913036129456568,2.737811347875812,0,0,0,0
31.99963866983501,2.7354091568366523,0,0,0,0
32.08624121021346,2.7330069657974936,0,0,0,0
32.1728437505919,2.7306047747583335,0,0,0,0
32.259446290970345,2.7282025837191743,0,0,0,0
32.34604883134879,2.725800392680014,0,0,0,0
32.43265137172723,2.723398201640855,0,0,0,0
32.519253912105675,2.7209960106016955,0,0,0,0
32.60585645248412,2.7185938195625363,0,0,0,0
32.69245899286256,2.7161916285233767,0,0,0,0
32.779061533241006,2.713789437484216,0,0,0,0
32.86566407361945,2.7113872464450575,0,0,0,0
32.95226661399789,2.708985055405898,0,0,0,0
33.03886915437634,2.7065828643667387,0,0,0,0
33.125471694754786,2.7041806733275795,0,0,0,0
33.21207423513323,2.701778482288419,0,0,0,0
33.29867677551167,2.69937629124926,0,0,0,0
33.385279315890116,2.6969741002101,0,0,0,0
33.47188185626856,2.6945719091709406,0,0,0,0
33.558484396647,2.692169718131782,0,0,0,0
33.64508693702545,2.689767527092622,0,0,0,0
33.73168947740389,2.6873653360534626,0,0,0,0
33.81829201778233,2.684963145014303,0,0,0,0
33.90489455816078,2.682560953975144,0,0,0,0
33.99149709853922,2.680158762935984,0,0,0,0
34.078099638917664,2.6777565718968246,0,0,0,0
34.164702179296114,2.675354380857665,0,0,0,0
34.25130471967456,2.6729521898185062,0,0,0,0
34.337907260053,2.670549998779346,0,0,0,0
34.424509800431444,2.6681478077401866,0,0,0,0
34.51111234080989,2.6657456167010265,0,0,0,0
34.59771488118833,2.6633434256618678,0,0,0,0
34.684317421566774,2.660941234622708,0,0,0,0
34.77091996194522,2.6585390435835494,0,0,0,0
34.85752250232366,2.6561368525443894,0,0,0,0
34.944125042702105,2.6537346615052293,0,0,0,0
35.03072758308055,2.6513324704660697,0,0,0,0
35.11733012345899,2.6489302794269105,0,0,0,0
35.203932663837435,2.6465280883877518,0,0,0,0
35.29053520421588,2.6441258973485926,0,0,0,0
35.37713774459432,2.641723706309432,0,0,0,0
35.463740284972765,2.6393215152702734,0,0,0,0
35.55034282535121,2.6369193242311137,0,0,0,0
35.63694536572965,2.6345171331919537,0,0,0,0
35.723547906108095,2.632114942152794,0,0,0,0
35.81015044648654,2.629712751113634,0,0,0,0
35.89675298686498,2.627310560074476,0,0,0,0
35.98335552724343,2.6249083690353157,0,0,0,0
36.069958067621876,2.622506177996156,0,0,0,0
36.15656060800032,2.620103986956997,0,0,0,0
36.24316314837876,2.617701795917837,0,0,0,0
36.329765688757206,2.615299604878678,0,0,0,0
36.41636822913565,2.6128974138395185,0,0,0,0
36.50297076951409,2.6104952228003593,0,0,0,0
36.589573309892536,2.6080930317612,0,0,0,0
36.67617585027098,2.6056908407220396,0,0,0,0
36.76277839064942,2.60328864968288,0,0,0,0
36.849380931027866,2.6008864586437204,0,0,0,0
36.93598347140631,2.5984842676045616,0,0,0,0
37.02258601178475,2.596082076565402,0,0,0,0
37.109188552163204,2.593679885526242,0,0,0,0
37.19579109254165,2.5912776944870823,0,0,0,0
37.28239363292009,2.588875503447923,0,0,0,0
37.368996173298534,2.586473312408764,0,0,0,0
37.45559871367698,2.584071121369605,0,0,0,0
37.54220125405542,2.5816689303304443,0,0,0,0
37.628803794433864,2.5792667392912856,0,0,0,0
37.71540633481231,2.576864548252126,0,0,0,0
37.80200887519075,2.574462357212966,0,0,0,0
37.888611415569194,2.572060166173807,0,0,0,0
37.97521395594764,2.5696579751346467,0,0,0,0
38.06181649632608,2.5672557840954875,0,0,0,0
38.148419036704524,2.5648535930563283,0,0,0,0
38.235021577082975,2.5624514020171683,0,0,0,0
38.32162411746142,2.5600492109780095,0,0,0,0
38.40822665783986,2.55764701993885,0,0,0,0
38.494829198218305,2.5552448288996907,0,0,0,0
38.58143173859675,2.552842637860531,0,0,0,0
38.66803427897519,2.550440446821372,0,0,0,0
38.754636819353635,2.548038255782212,0,0,0,0
38.84123935973208,2.5456360647430523,0,0,0,0
38.92784190011052,2.543233873703893,0,0,0,0
39.014444440488965,2.5408316826647335,0,0,0,0
39.10104698086741,2.5384294916255734,0,0,0,0
39.18764952124585,2.5360273005864147,0,0,0,0
39.2742520616243,2.533625109547255,0,0,0,0
39.360854602002746,2.5312229185080954,0,0,0,0
39.44745714238119,2.5288207274689367,0,0,0,0
39.53405968275963,2.5264185364297767,0,0,0,0
39.620662223138076,2.5240163453906166,0,0,0,0
39.70726476351652,2.5216141543514565,0,0,0,0
39.79386730389496,2.519211963312298,0,0,0,0
39.88046984427341,2.516809772273139,0,0,0,0
39.96707238465185,2.5144075812339794,0,0,0,0
40.05367492503029,2.51200539019482,0,0,0,0
40.14027746540874,2.5096031991556593,0,0,0,0
40.22688000578718,2.507201008116501,0,0,0,0
40.31348254616562,2.5047988170773414,0,0,0,0
40.400085086544074,2.502396626038181,0,0,0,0
40.48668762692252,2.4999944349990213,0,0,0,0
40.57329016730096,2.497592243959862,0,0,0,0
40.6598927076794,2.495190052920703,0,0,0,0
40.74649524805784,2.4927878618815438,0,0,0,0
40.833097788436284,2.4903856708423837,0,0,0,0
40.91970032881473,2.487983479803225,0,0,0,0
41.00630286919317,2.485581288764065,0,0,0,0
41.092905409571614,2.4831790977249057,0,0,0,0
41.179507949950064,2.480776906685746,0,0,0,0
41.26611049032851,2.4783747156465874,0,0,0,0
41.35271303070695,2.475972524607428,0,0,0,0
41.439315571085395,2.4735703335682677,0,0,0,0
41.52591811146384,2.471168142529108,0,0,0,0
41.61252065184228,2.4687659514899485,0,0,0,0
41.699123192220725,2.4663637604507893,0,0,0,0
41.78572573259917,2.4639615694116297,0,0,0,0
41.87232827297761,2.4618469017072115,0,0,0,0
41.958930813356055,2.461224721661838,0,0,0,0
42.0455333537345,2.4606025416164647,0,0,0,0
42.13213589411294,2.4599803615710916,0,0,0,0
42.21873843449139,2.4593581815257175,0,0,0,0
42.305340974869836,2.458736001480344,0,0,0,0
42.39194351524828,2.4581138214349707,0,0,0,0
42.47854605562672,2.4574916413895975,0,0,0,0
42.565148596005166,2.4568694613442243,0,0,0,0
42.65175113638361,2.4562472812988507,0,0,0,0
42.73835367676205,2.4556251012534767,0,0,0,0
42.824956217140496,2.4550029212081035,0,0,0,0
42.91155875751894,2.45438074116273,0,0,0,0
42.99816129789738,2.4537585611173567,0,0,0,0
43.084763838275826,2.453136381071983,0,0,0,0
43.17136637865427,2.45251420102661,0,0,0,0
43.25796891903271,2.4518920209812363,0,0,0,0
43.344571459411156,2.451269840935862,0,0,0,0
43.4311739997896,2.450647660890489,0,0,0,0
43.51777654016804,2.4500254808451154,0,0,0,0
43.60437908054649,2.449403300799742,0,0,0,0
43.69098162092493,2.4487811207543686,0,0,0,0
43.77758416130337,2.4481589407089954,0,0,0,0
43.86418670168182,2.4475367606636222,0,0,0,0
43.95078924206026,2.4469145806182486,0,0,0,0
44.037391782438704,2.4462924005728754,0,0,0,0
44.123994322817154,2.445670220527501,0,0,0,0
44.2105968631956,2.445048040482128,0,0,0,0
44.29719940357404,2.4444258604367546,0,0,0,0
44.383801943952484,2.443803680391381,0,0,0,0
44.47040448433093,2.4431815003460073,0,0,0,0
44.55700702470937,2.4425593203006337,0,0,0,0
44.643609565087814,2.441937140255261,0,0,0,0
44.73021210546626,2.441314960209887,0,0,0,0
44.8168146458447,2.4406927801645133,0,0,0,0
44.903417186223145,2.4400706001191406,0,0,0,0
44.99001972660159,2.439448420073766,0,0,0,0
45.07662226698003,2.4388262400283933,0,0,0,0
45.16322480735848,2.4382040599830197,0,0,0,0
45.249827347736925,2.437581879937646,0,0,0,0
45.33642988811537,2.4369596998922725,0,0,0,0
45.42303242849381,2.4363375198468993,0,0,0,0
45.509634968872255,2.435715339801526,0,0,0,0
45.5962375092507,2.435093159756152,0,0,0,0
45.68284004962914,2.434470979710779,0,0,0,0
45.769442590007586,2.4338487996654052,0,0,0,0
45.85604513038603,2.433226619620032,0,0,0,0
45.94264767076447,2.4326044395746584,0,0,0,0
46.029250211142916,2.431982259529285,0,0,0,0
46.11585275152136,2.4313600794839116,0,0,0,0
46.2024552918998,2.4307378994385376,0,0,0,0
46.28905783227825,2.430115719393165,0,0,0,0
46.3756603726567,2.429493539347791,0,0,0,0
46.46226291303514,2.4288713593024176,0,0,0,0
46.54886545341358,2.4282491792570444,0,0,0,0
46.63546799379203,2.4276269992116704,0,0,0,0
46.72207053417047,2.4270048191662976,0,0,0,0
46.80867307454891,2.426382639120924,0,0,0,0
46.89527561492736,2.42576045907555,0,0,0,0
46.9818781553058,2.4251382790301763,0,0,0,0
47.068480695684244,2.424516098984803,0,0,0,0
47.15508323606269,2.42389391893943,0,0,0,0
47.24168577644113,2.4232717388940563,0,0,0,0
47.328288316819574,2.4226495588486836,0,0,0,0
47.414890857198024,2.4220273788033095,0,0,0,0
47.50149339757647,2.421405198757936,0,0,0,0
47.58809593795491,2.4207830187125623,0,0,0,0
47.674698478333355,2.420160838667189,0,0,0,0
47.7613010187118,2.419538658621816,0,0,0,0
47.84790355909024,2.4189164785764423,0,0,0,0
47.934506099468685,2.4182942985310687,0,0,0,0
48.02110863984713,2.417672118485695,0,0,0,0
48.10771118022557,2.4170499384403215,0,0,0,0
48.194313720604015,2.4164277583949483,0,0,0,0
48.28091626098246,2.415805578349575,0,0,0,0
48.3675188013609,2.4151833983042015,0,0,0,0
48.45412134173935,2.4145612182588274,0,0,0,0
48.540723882117796,2.4139390382134542,0,0,0,0
48.62732642249624,2.4133168581680806,0,0,0,0
48.71392896287468,2.4126946781227074,0,0,0,0
48.800531503253126,2.4120724980773343,0,0,0,0
48.88713404363157,2.41145031803196,0,0,0,0
48.97373658401001,2.4108281379865875,0,0,0,0
49.060339124388456,2.4102059579412134,0,0,0,0
49.1469416647669,2.4095837778958398,0,0,0,0
49.23354420514534,2.4089615978504666,0,0,0,0
49.320146745523786,2.4083394178050934,0,0,0,0
49.40674928590223,2.40771723775972,0,0,0,0
49.49335182628067,2.407095057714346,0,0,0,0
49.57995436665912,2.406472877668972,0,0,0,0
49.66655690703757,2.4058506976235994,0,0,0,0
49.75315944741601,2.4052285175782258,0,0,0,0
49.83976198779445,2.4046063375328526,0,0,0,0
49.9263645281729,2.403984157487479,0,0,0,0
50.01296706855134,2.4033619774421053,0,0,0,0
50.099569608929784,2.4027397973967313,0,0,0,0
50.18617214930823,2.4021176173513585,0,0,0,0
50.27277468968667,2.401495437305985,0,0,0,0
50.359377230065114,2.4008732572606117,0,0,0,0
50.44597977044356,2.400251077215238,0,0,0,0
50.532582310822,2.399628897169865,0,0,0,0
50.619184851200444,2.3990067171244913,0,0,0,0
50.705787391578895,2.3983845370791173,0,0,0,0
50.79238993195734,2.3977623570337445,0,0,0,0
50.87899247233578,2.3971401769883705,0,0,0,0
50.965595012714225,2.396517996942997,0,0,0,0
51.05219755309267,2.3958958168976237,0,0,0,0
51.13880009347111,2.39527363685225,0,0,0,0
51.225402633849555,2.3946514568068773,0,0,0,0
51.312005174228,2.3940292767615032,0,0,0,0
51.39860771460644,2.3934070967161296,0,0,0,0
51.485210254984885,2.3927849166707564,0,0,0,0
51.57181279536333,2.392162736625383,0,0,0,0
51.65841533574177,2.391540556580009,0,0,0,0
51.74501787612022,2.390918376534636,0,0,0,0
51.831620416498666,2.3902961964892624,0,0,0,0
51.91822295687711,2.3896740164438888,0,0,0,0
52.00482549725555,2.389051836398515,0,0,0,0
52.091428037633996,2.388429656353142,0,0,0,0
52.17803057801244,2.3878074763077684,0,0,0,0
52.26463311839088,2.387185296262395,0,0,0,0
52.351235658769326,2.386563116217022,0,0,0,0
52.43783819914777,2.3859409361716484,0,0,0,0
52.52444073952621,2.3853187561262748,0,0,0,0
52.611043279904656,2.3846965760809007,0,0,0,0
52.6976458202831,2.384074396035528,0,0,0,0
52.78424836066154,2.383452215990154,0,0,0,0
52.870850901039994,2.3828300359447807,0,0,0,0
52.95745344141844,2.382207855899407,0,0,0,0
53.04405598179688,2.3815856758540335,0,0,0,0
53.130658522175324,2.3809634958086603,0,0,0,0
53.21726106255377,2.3803413157632867,0,0,0,0
53.30386360293221,2.3797191357179135,0,0,0,0
53.390466143310654,2.37909695567254,0,0,0,0
53.4770686836891,2.3784747756271662,0,0,0,0
53.56367122406754,2.377852595581793,0,0,0,0
53.650273764445984,2.3772304155364195,0,0,0,0
53.73687630482443,2.3766082354910463,0,0,0,0
53.82347884520287,2.3759860554456727,0,0,0,0
53.910081385581314,2.375363875400299,0,0,0,0
53.996683925959765,2.3747416953549254,0,0,0,0
54.08328646633821,2.3741195153095522,0,0,0,0
54.16988900671664,2.3734973352641786,0,0,0,0
54.25649154709508,2.3728751552188054,0,0,0,0
54.34309408747353,2.372252975173432,0,0,0,0
54.429696627851975,2.371630795128058,0,0,0,0
54.51629916823042,2.371008615082685,0,0,0,0
54.60290170860886,2.370386435037311,0,0,0,0
54.689504248987305,2.369764254991938,0,0,0,0
54.77610678936575,2.3691420749465646,0,0,0,0
54.86270932974419,2.3685198949011905,0,0,0,0
54.949311870122635,2.367897714855818,0,0,0,0
55.03591441050108,2.3672755348104437,0,0,0,0
55.12251695087952,2.3666533547650705,0,0,0,0
55.209119491257965,2.366031174719697,0,0,0,0
55.29572203163641,2.3654089946743233,0,0,0,0
55.38232457201485,2.36478681462895,0,0,0,0
55.4689271123933,2.3641646345835765,0,0,0,0
55.555529652771746,2.363542454538203,0,0,0,0
55.64213219315019,2.3629202744928297,0,0,0,0
55.72873473352863,2.362298094447456,0,0,0,0
55.815337273907076,2.361675914402083,0,0,0,0
55.90193981428552,2.3610537343567093,0,0,0,0
55.98854235466396,2.3604315543113357,0,0,0,0
56.075144895042406,2.3598093742659625,0,0,0,0
56.16174743542085,2.359187194220589,0,0,0,0
56.24834997579929,2.3585650141752152,0,0,0,0
56.33495251617774,2.357942834129842,0,0,0,0
56.42155505655618,2.3573206540844684,0,0,0,0
56.50815759693462,2.3566984740390953,0,0,0,0
56.594760137313074,2.3560762939937216,0,0,0,0
56.68136267769152,2.3554541139483476,0,0,0,0
56.76796521806996,2.354831933902975,0,0,0,0
56.854567758448404,2.354209753857601,0,0,0,0
56.94117029882685,2.3535875738122276,0,0,0,0
57.02777283920529,2.3529653937668544,0,0,0,0
57.114375379583734,2.3523432137214804,0,0,0,0
57.20097791996218,2.351721033676107,0,0,0,0
57.28758046034062,2.351098853630733,0,0,0,0
57.374183000719064,2.3504766735853604,0,0,0,0
57.46078554109751,2.3498544935399868,0,0,0,0
57.54738808147595,2.3492323134946136,0,0,0,0
57.6339906218544,2.34861013344924,0,0,0,0
57.720593162232845,2.3479879534038663,0,0,0,0
57.80719570261129,2.347365773358493,0,0,0,0
57.89379824298973,2.3467435933131195,0,0,0,0
57.980400783368175,2.346121413267746,0,0,0,0
58.06700332374662,2.3454992332223723,0,0,0,0
58.15360586412506,2.344877053176999,0,0,0,0
58.240208404503505,2.344254873131626,0,0,0,0
58.32681094488195,2.343632693086252,0,0,0,0
58.41341348526039,2.3430105130408787,0,0,0,0
58.500016025638836,2.342388332995505,0,0,0,0
58.58661856601728,2.341766152950132,0,0,0,0
58.67322110639572,2.3411439729047583,0,0,0,0
58.75982364677417,2.340521792859384,0,0,0,0
58.846426187152616,2.3398996128140115,0,0,0,0
58.93302872753106,2.3392774327686374,0,0,0,0
59.0196312679095,2.338655252723264,0,0,0,0
59.106233808287946,2.3380330726778906,0,0,0,0
59.19283634866639,2.337410892632517,0,0,0,0
59.27943888904483,2.3367887125871443,0,0,0,0
59.36604142942328,2.33616653254177,0,0,0,0
59.45264396980172,2.335544352496397,0,0,0,0
59.53924651018016,2.3349221724510234,0,0,0,0
59.62584905055861,2.3342999924056502,0,0,0,0
59.71245159093705,2.3336778123602766,0,0,0,0
59.79905413131549,2.333055632314903,0,0,0,0
59.885656671693944,2.33243345226953,0,0,0,0
59.97225921207239,2.331811272224156,0,0,0,0
60.05886175245083,2.3311890921787826,0,0,0,0
60.145464292829274,2.3305669121334094,0,0,0,0
60.23206683320772,2.3299447320880358,0,0,0,0
60.31866937358616,2.329322552042662,0,0,0,0
60.405271913964604,2.328700371997289,0,0,0,0
60.49187445434305,2.328078191951916,0,0,0,0
60.57847699472149,2.3274560119065413,0,0,0,0
60.665079535099935,2.3268338318611685,0,0,0,0
60.75168207547838,2.326211651815795,0,0,0,0
60.83828461585682,2.3255894717704217,0,0,0,0
60.92488715623527,2.3249672917250477,0,0,0,0
61.011489696613715,2.3243451116796745,0,0,0,0
61.09809223699216,2.3237229316343013,0,0,0,0
61.1846947773706,2.3231007515889273,0,0,0,0
61.271297317749045,2.322478571543554,0,0,0,0
61.35789985812749,2.3218563914981805,0,0,0,0
61.44450239850593,2.3212342114528073,0,0,0,0
61.531104938884376,2.320612031407434,0,0,0,0
61.61770747926282,2.31998985136206,0,0,0,0
61.70431001964126,2.319367671316687,0,0,0,0
61.790912560019706,2.3187454912713132,0,0,0,0
61.87751510039815,2.3181233112259396,0,0,0,0
61.96411764077659,2.3175011311805664,0,0,0,0
62.05072018115504,2.316878951135193,0,0,0,0
62.13732272153349,2.316256771089819,0,0,0,0
62.22392526191193,2.3156345910444456,0,0,0,0
62.31052780229037,2.3150124109990724,0,0,0,0
62.39713034266882,2.3143902309536992,0,0,0,0
62.48373288304726,2.3137680509083256,0,0,0,0
62.5703354234257,2.313145870862952,0,0,0,0
62.65693796380415,2.3125236908175784,0,0,0,0
62.74354050418259,2.3119015107722056,0,0,0,0
62.830143044561034,2.3112793307268316,0,0,0,0
62.91674558493948,2.3106571506814584,0,0,0,0
63.00334812531792,2.3100349706360848,0,0,0,0
63.089950665696364,2.309412790590711,0,0,0,0
63.176553206074814,2.308790610545338,0,0,0,0
63.26315574645326,2.308168430499964,0,0,0,0
63.3497582868317,2.3075462504545907,0,0,0,0
63.436360827210144,2.306924070409217,0,0,0,0
63.52296336758859,2.306301890363844,0,0,0,0
63.60956590796703,2.3056797103184703,0,0,0,0
63.696168448345475,2.3050575302730967,0,0,0,0
63.78277098872392,2.3044353502277235,0,0,0,0
63.86937352910236,2.30381317018235,0,0,0,0
63.955976069480805,2.3031909901369767,0,0,0,0
64.04257860985925,2.3025688100916026,0,0,0,0
64.1291811502377,2.3019466300462295,0,0,0,0
64.21578369061614,2.3015359451446953,0,0,0,0
64.30238623099459,2.3012998247061,0,0,0,0
64.38898877137302,2.3010637042675053,0,0,0,0
64.47559131175147,2.3008275838289096,0,0,0,0
64.56219385212991,2.3005914633903144,0,0,0,0
64.64879639250836,2.300355342951719,0,0,0,0
64.7353989328868,2.300119222513124,0,0,0,0
64.82200147326525,2.2998831020745283,0,0,0,0
64.9086040136437,2.299646981635933,0,0,0,0
64.99520655402212,2.2994108611973383,0,0,0,0
65.08180909440057,2.2991747407587426,0,0,0,0
65.16841163477902,2.2989386203201474,0,0,0,0
65.25501417515746,2.298702499881552,0,0,0,0
65.3416167155359,2.298466379442957,0,0,0,0
65.42821925591434,2.2982302590043617,0,0,0,0
65.5148217962928,2.2979941385657665,0,0,0,0
65.60142433667123,2.2977580181271713,0,0,0,0
65.68802687704968,2.297521897688576,0,0,0,0
65.77462941742812,2.2972857772499804,0,0,0,0
65.86123195780657,2.2970496568113856,0,0,0,0
65.947834498185,2.2968135363727904,0,0,0,0
66.03443703856345,2.2965774159341947,0,0,0,0
66.12103957894189,2.2963412954955995,0,0,0,0
66.20764211932034,2.2961051750570047,0,0,0,0
66.29424465969879,2.295869054618409,0,0,0,0
66.38084720007723,2.295632934179814,0,0,0,0
66.46744974045568,2.2953968137412186,0,0,0,0
66.55405228083411,2.295160693302623,0,0,0,0
66.64065482121256,2.294924572864028,0,0,0,0
66.727257361591,2.294688452425433,0,0,0,0
66.81385990196945,2.2944523319868377,0,0,0,0
66.90046244234789,2.294216211548242,0,0,0,0
66.98706498272634,2.293980091109647,0,0,0,0
67.07366752310477,2.293743970671051,0,0,0,0
67.16027006348322,2.293507850232457,0,0,0,0
67.24687260386166,2.2932717297938607,0,0,0,0
67.33347514424011,2.293035609355266,0,0,0,0
67.42007768461856,2.2927994889166707,0,0,0,0
67.506680224997,2.2925633684780755,0,0,0,0
67.59328276537545,2.29232724803948,0,0,0,0
67.67988530575388,2.292091127600885,0,0,0,0
67.76648784613234,2.29185500716229,0,0,0,0
67.85309038651077,2.291618886723694,0,0,0,0
67.93969292688922,2.2913827662850994,0,0,0,0
68.02629546726766,2.2911466458465033,0,0,0,0
68.11289800764611,2.2909105254079085,0,0,0,0
68.19950054802455,2.290674404969313,0,0,0,0
68.286103088403,2.290438284530718,0,0,0,0
68.37270562878143,2.2902021640921224,0,0,0,0
68.45930816915988,2.289966043653527,0,0,0,0
68.54591070953833,2.2897299232149315,0,0,0,0
68.63251324991677,2.2894938027763367,0,0,0,0
68.71911579029522,2.2892576823377415,0,0,0,0
68.80571833067366,2.2890215618991463,0,0,0,0
68.8923208710521,2.288785441460551,0,0,0,0
68.97892341143054,2.2885493210219563,0,0,0,0
69.065525951809,2.2883132005833606,0,0,0,0
69.15212849218743,2.288077080144765,0,0,0,0
69.23873103256588,2.28784095970617,0,0,0,0
69.32533357294432,2.2876048392675745,0,0,0,0
69.41193611332277,2.2873687188289793,0,0,0,0
69.4985386537012,2.287132598390384,0,0,0,0
69.58514119407965,2.286896477951789,0,0,0,0
69.6717437344581,2.2866603575131936,0,0,0,0
69.75834627483654,2.286424237074598,0,0,0,0
69.84494881521499,2.286188116636003,0,0,0,0
69.93155135559343,2.285951996197408,0,0,0,0
70.01815389597188,2.2857158757588123,0,0,0,0
70.10475643635031,2.2854797553202175,0,0,0,0
70.19135897672876,2.2852436348816223,0,0,0,0
70.2779615171072,2.2850075144430266,0,0,0,0
70.36456405748565,2.2847713940044314,0,0,0,0
70.45116659786409,2.284535273565836,0,0,0,0
70.53776913824254,2.284299153127241,0,0,0,0
70.62437167862097,2.2840630326886457,0,0,0,0
70.71097421899943,2.2838269122500505,0,0,0,0
70.79757675937788,2.283590791811455,0,0,0,0
70.88417929975631,2.28335467137286,0,0,0,0
70.97078184013476,2.283118550934265,0,0,0,0
71.0573843805132,2.2828824304956696,0,0,0,0
71.14398692089165,2.282646310057074,0,0,0,0
71.23058946127009,2.282410189618479,0,0,0,0
71.31719200164854,2.282174069179884,0,0,0,0
71.40379454202697,2.2819379487412887,0,0,0,0
71.49039708240542,2.2817018283026935,0,0,0,0
71.57699962278386,2.2814657078640974,0,0,0,0
71.66360216316231,2.2812295874255026,0,0,0,0
71.75020470354076,2.2809934669869074,0,0,0,0
71.8368072439192,2.280757346548312,0,0,0,0
71.92340978429765,2.280521226109717,0,0,0,0
72.01001232467608,2.2802851056711213,0,0,0,0
72.09661486505453,2.2800489852325265,0,0,0,0
72.18321740543297,2.279812864793931,0,0,0,0
72.26981994581142,2.279576744355335,0,0,0,0
72.35642248618986,2.279340623916741,0,0,0,0
72.44302502656831,2.279104503478145,0,0,0,0
72.52962756694674,2.27886838303955,0,0,0,0
72.6162301073252,2.2786322626009547,0,0,0,0
72.70283264770363,2.278396142162359,0,0,0,0
72.78943518808208,2.278160021723764,0,0,0,0
72.87603772846053,2.277923901285168,0,0,0,0
72.96264026883897,2.2776877808465734,0,0,0,0
73.04924280921742,2.2774516604079778,0,0,0,0
73.13584534959585,2.2772155399693834,0,0,0,0
73.2224478899743,2.2769794195307878,0,0,0,0
73.30905043035274,2.276743299092193,0,0,0,0
73.39565297073119,2.276507178653597,0,0,0,0
73.48225551110963,2.276271058215002,0,0,0,0
73.56885805148808,2.2760349377764073,0,0,0,0
73.65546059186651,2.2757988173378116,0,0,0,0
73.74206313224497,2.275562696899216,0,0,0,0
73.8286656726234,2.275326576460621,0,0,0,0
73.91526821300185,2.275090456022026,0,0,0,0
74.0018707533803,2.2748543355834303,0,0,0,0
74.08847329375874,2.274618215144835,0,0,0,0
74.17507583413719,2.2743820947062394,0,0,0,0
74.26167837451563,2.2741459742676446,0,0,0,0
74.34828091489408,2.273909853829049,0,0,0,0
74.43488345527251,2.273673733390454,0,0,0,0
74.52148599565096,2.273437612951859,0,0,0,0
74.6080885360294,2.2732014925132638,0,0,0,0
74.69469107640785,2.272965372074668,0,0,0,0
74.78129361678629,2.272729251636073,0,0,0,0
74.86789615716474,2.272493131197478,0,0,0,0
74.95449869754317,2.2722570107588824,0,0,0,0
75.04110123792162,2.2720208903202868,0,0,0,0
75.12770377830007,2.271784769881692,0,0,0,0
75.21430631867851,2.2715486494430968,0,0,0,0
75.30090885905696,2.2713125290045015,0,0,0,0
75.3875113994354,2.2710764085659063,0,0,0,0
75.47411393981385,2.270840288127311,0,0,0,0
75.56071648019228,2.2706041676887154,0,0,0,0
75.64731902057073,2.2703680472501198,0,0,0,0
75.73392156094917,2.270131926811526,0,0,0,0
75.8205241013276,2.2698958063729298,0,0,0,0
75.90712664170606,2.2696596859343345,0,0,0,0
75.9937291820845,2.2694235654957393,0,0,0,0
76.08033172246294,2.2691874450571445,0,0,0,0
76.16693426284138,2.2689513246185484,0,0,0,0
76.25353680321983,2.2687152041799536,0,0,0,0
76.34013934359827,2.268479083741358,0,0,0,0
76.42674188397672,2.268242963302763,0,0,0,0
76.51334442435515,2.268006842864168,0,0,0,0
76.5999469647336,2.2677707224255723,0,0,0,0
76.68654950511205,2.2675346019869775,0,0,0,0
76.77315204549049,2.267298481548382,0,0,0,0
76.85975458586894,2.2670623611097867,0,0,0,0
76.94635712624738,2.266826240671191,0,0,0,0
77.03295966662583,2.2665901202325958,0,0,0,0
77.11956220700426,2.266353999794001,0,0,0,0
77.20616474738272,2.2661178793554053,0,0,0,0
77.29276728776115,2.2658817589168105,0,0,0,0
77.3793698281396,2.265645638478215,0,0,0,0
77.46597236851804,2.2654095180396197,0,0,0,0
77.55257490889649,2.2651733976010244,0,0,0,0
77.63917744927494,2.264937277162429,0,0,0,0
77.72577998965338,2.264701156723834,0,0,0,0
77.81238253003183,2.2644650362852383,0,0,0,0
77.89898507041026,2.264228915846643,0,0,0,0
77.98558761078871,2.263992795408048,0,0,0,0
78.07219015116715,2.2637566749694527,0,0,0,0
78.1587926915456,2.2635205545308574,0,0,0,0
78.24539523192404,2.2632844340922627,0,0,0,0
78.33199777230249,2.2630483136536665,0,0,0,0
78.41860031268092,2.2628121932150713,0,0,0,0
78.50520285305937,2.262576072776476,0,0,0,0
78.59180539343781,2.2623399523378813,0,0,0,0
78.67840793381626,2.2621038318992857,0,0,0,0
78.76501047419471,2.2618677114606904,0,0,0,0
78.85161301457315,2.2616315910220957,0,0,0,0
78.9382155549516,2.2613954705835,0,0,0,0
79.02481809533003,2.2611593501449048,0,0,0,0
79.11142063570848,2.2609232297063095,0,0,0,0
79.19802317608692,2.2606871092677143,0,0,0,0
79.28462571646537,2.2604509888291187,0,0,0,0
79.3712282568438,2.2602148683905234,0,0,0,0
79.45783079722226,2.2599787479519287,0,0,0,0
79.5444333376007,2.2597426275133334,0,0,0,0
79.63103587797914,2.2595065070747378,0,0,0,0
79.71763841835758,2.259270386636143,0,0,0,0
79.80424095873603,2.2590342661975478,0,0,0,0
79.89084349911448,2.258798145758952,0,0,0,0
79.97744603949292,2.258562025320357,0,0,0,0
80.06404857987137,2.2583259048817617,0,0,0,0
80.1506511202498,2.2580897844431664,0,0,0,0
80.23725366062826,2.2578536640045708,0,0,0,0
80.32385620100669,2.2576175435659755,0,0,0,0
80.41045874138514,2.2573814231273808,0,0,0,0
80.49706128176358,2.257145302688785,0,0,0,0
80.58366382214203,2.25690918225019,0,0,0,0
80.67026636252047,2.2566730618115947,0,0,0,0
80.75686890289892,2.2564369413729994,0,0,0,0
80.84347144327735,2.256200820934404,0,0,0,0
80.9300739836558,2.255964700495809,0,0,0,0
81.01667652403425,2.2557285800572138,0,0,0,0
81.10327906441269,2.255492459618618,0,0,0,0
81.18988160479114,2.2552563391800224,0,0,0,0
81.27648414516958,2.255020218741428,0,0,0,0
81.36308668554803,2.2547840983028324,0,0,0,0
81.44968922592646,2.254547977864237,0,0,0,0
81.53629176630491,2.254311857425642,0,0,0,0
81.62289430668335,2.2540757369870468,0,0,0,0
81.7094968470618,2.2538396165484516,0,0,0,0
81.79609938744024,2.253603496109856,0,0,0,0
81.88270192781869,2.253367375671261,0,0,0,0
81.96930446819712,2.253131255232666,0,0,0,0
82.05590700857557,2.25289513479407,0,0,0,0
82.14250954895402,2.2526590143554746,0,0,0,0
82.22911208933246,2.25242289391688,0,0,0,0
82.31571462971091,2.252186773478285,0,0,0,0
82.40231717008935,2.251950653039689,0,0,0,0
82.4889197104678,2.2517145326010946,0,0,0,0
82.57552225084623,2.2514784121624993,0,0,0,0
82.66212479122468,2.251242291723903,0,0,0,0
82.74872733160312,2.2510061712853084,0,0,0,0
82.83532987198157,2.2507700508467128,0,0,0,0
82.92193241236001,2.250533930408118,0,0,0,0
83.00853495273846,2.2502978099695223,0,0,0,0
83.0951374931169,2.2500616895309276,0,0,0,0
83.18174003349534,2.2498255690923323,0,0,0,0
83.2683425738738,2.2495894486537367,0,0,0,0
83.35494511425223,2.2493533282151414,0,0,0,0
83.44154765463068,2.249117207776546,0,0,0,0
83.52815019500912,2.248881087337951,0,0,0,0
83.61475273538757,2.2486449668993553,0,0,0,0
83.701355275766,2.24840884646076,0,0,0,0
83.78795781614446,2.2481727260221653,0,0,0,0
83.87456035652289,2.24793660558357,0,0,0,0
83.96116289690134,2.2477004851449744,0,0,0,0
84.04776543727978,2.2474643647063792,0,0,0,0
84.13436797765823,2.247228244267784,0,0,0,0
84.22097051803668,2.2469921238291883,0,0,0,0
84.30757305841512,2.246756003390593,0,0,0,0
84.39417559879357,2.2465198829519983,0,0,0,0
84.480778139172,2.246283762513403,0,0,0,0
84.56738067955045,2.246047642074808,0,0,0,0
84.65398321992889,2.2458115216362127,0,0,0,0
84.74058576030734,2.2455754011976174,0,0,0,0
84.82718830068578,2.245339280759022,0,0,0,0
84.91379084106423,2.245103160320427,0,0,0,0
85.00039338144266,2.2448670398818313,0,0,0,0
85.08699592182111,2.2446309194432366,0,0,0,0
85.17359846219955,2.244394799004641,0,0,0,0
85.260201002578,2.2441586785660457,0,0,0,0
85.34680354295645,2.2439225581274505,0,0,0,0
85.43340608333489,2.243686437688855,0,0,0,0
85.52000862371334,2.2434503172502596,0,0,0,0
85.60661116409177,2.2432141968116643,0,0,0,0
85.69321370447022,2.2429780763730696,0,0,0,0
85.77981624484866,2.242741955934474,0,0,0,0
85.86641878522711,2.2425058354958787,0,0,0,0
85.95302132560555,2.2422697150572835,0,0,0,0
86.039623865984,2.2420335946186882,0,0,0,0
86.12622640636243,2.2417974741800926,0,0,0,0
86.21282894674088,2.2415613537414973,0,0,0,0
86.29943148711932,2.2413252333029026,0,0,0,0
86.38603402749777,2.241089112864307,0,0,0,0
86.47263656787622,2.2408529924257117,0,0,0,0
86.55923910825466,2.2406168719871165,0,0,0,0
86.6458416486331,2.2402712127469098,0,0,0,0
86.73244418901155,2.2398160147050907,0,0,0,0
86.81904672938998,2.2393608166632712,0,0,0,0
86.90564926976843,2.2389056186214518,0,0,0,0
86.99225181014687,2.2384504205796323,0,0,0,0
87.07885435052532,2.237995222537813,0,0,0,0
87.16545689090376,2.237540024495993,0,0,0,0
87.2520594312822,2.2370848264541734,0,0,0,0
87.33866197166064,2.2366296284123544,0,0,0,0
87.42526451203909,2.236174430370535,0,0,0,0
87.51186705241753,2.235719232328715,0,0,0,0
87.598469592796,2.2352640342868955,0,0,0,0
87.68507213317442,2.2348088362450764,0,0,0,0
87.77167467355288,2.2343536382032565,0,0,0,0
87.8582772139313,2.2338984401614375,0,0,0,0
87.94487975430977,2.2334432421196175,0,0,0,0
88.0314822946882,2.2329880440777985,0,0,0,0
88.11808483506665,2.232532846035979,0,0,0,0
88.20468737544509,2.2320776479941595,0,0,0,0
88.29128991582354,2.23162244995234,0,0,0,0
88.37789245620198,2.23116725191052,0,0,0,0
88.46449499658043,2.2307120538687006,0,0,0,0
88.55109753695886,2.230256855826881,0,0,0,0
88.63770007733731,2.2298016577850617,0,0,0,0
88.72430261771575,2.2293464597432426,0,0,0,0
88.8109051580942,2.2288912617014227,0,0,0,0
88.89750769847264,2.2284360636596032,0,0,0,0
88.98411023885109,2.2279808656177837,0,0,0,0
89.07071277922952,2.2275256675759643,0,0,0,0
89.15731531960797,2.227070469534145,0,0,0,0
89.24391785998641,2.2266152714923253,0,0,0,0
89.33052040036486,2.226160073450506,0,0,0,0
89.4171229407433,2.2257048754086863,0,0,0,0
89.50372548112175,2.2252496773668664,0,0,0,0
89.59032802150018,2.2247944793250474,0,0,0,0
89.67693056187863,2.224339281283228,0,0,0,0
89.76353310225707,2.2238840832414084,0,0,0,0
89.85013564263554,2.223428885199589,0,0,0,0
89.93673818301396,2.222973687157769,0,0,0,0
90.02334072339242,2.2225184891159504,0,0,0,0
90.10994326377086,2.2220632910741305,0,0,0,0
90.19654580414931,2.2216080930323105,0,0,0,0
90.28314834452775,2.221152894990491,0,0,0,0
90.3697508849062,2.220697696948672,0,0,0,0
90.45635342528463,2.2202424989068525,0,0,0,0
90.54295596566308,2.219787300865033,0,0,0,0
90.62955850604152,2.219332102823213,0,0,0,0
90.71616104641997,2.2188769047813937,0,0,0,0
90.8027635867984,2.218421706739575,0,0,0,0
90.88936612717686,2.217966508697755,0,0,0,0
90.97596866755529,2.2175113106559357,0,0,0,0
91.06257120793374,2.2170561126141157,0,0,0,0
91.14917374831218,2.2166009145722962,0,0,0,0
91.23577628869063,2.2161457165304768,0,0,0,0
91.32237882906907,2.2156905184886577,0,0,0,0
91.40898136944752,2.215235320446838,0,0,0,0
91.49558390982595,2.2147801224050188,0,0,0,0
91.5821864502044,2.214324924363199,0,0,0,0
91.66878899058284,2.2138697263213793,0,0,0,0
91.75539153096129,2.2134145282795603,0,0,0,0
91.84199407133973,2.2129593302377404,0,0,0,0
91.92859661171819,2.212504132195921,0,0,0,0
92.01519915209661,2.212048934154101,0,0,0,0
92.10180169247505,2.211593736112282,0,0,0,0
92.1884042328535,2.211138538070463,0,0,0,0
92.27500677323194,2.2106833400286434,0,0,0,0
92.3616093136104,2.2102281419868235,0,0,0,0
92.44821185398882,2.209772943945004,0,0,0,0
92.53481439436729,2.2093177459031845,0,0,0,0
92.62141693474571,2.208862547861365,0,0,0,0
92.70801947512417,2.2084073498195456,0,0,0,0
92.79462201550261,2.207952151777726,0,0,0,0
92.88122455588106,2.2074969537359066,0,0,0,0
92.9678270962595,2.207041755694087,0,0,0,0
93.05442963663795,2.206586557652267,0,0,0,0
93.14103217701638,2.206131359610448,0,0,0,0
93.22763471739484,2.2056761615686287,0,0,0,0
93.31423725777327,2.2052209635268087,0,0,0,0
93.40083979815172,2.2047657654849893,0,0,0,0
93.48744233853016,2.2043105674431698,0,0,0,0
93.57404487890861,2.2038553694013507,0,0,0,0
93.66064741928705,2.2034001713595313,0,0,0,0
93.7472499596655,2.2029449733177113,0,0,0,0
93.83385250004393,2.2024897752758923,0,0,0,0
93.92045504042238,2.202034577234073,0,0,0,0
94.00705758080082,2.2015793791922533,0,0,0,0
94.09366012117927,2.201124181150434,0,0,0,0
94.1802626615577,2.2006689831086144,0,0,0,0
94.26686520193616,2.2002137850667944,0,0,0,0
94.35346774231459,2.199758587024975,0,0,0,0
94.44007028269304,2.199303388983156,0,0,0,0
94.52667282307148,2.1988481909413364,0,0,0,0
94.61327536344994,2.1983929928995165,0,0,0,0
94.69987790382837,2.197937794857697,0,0,0,0
94.78648044420683,2.1974825968158775,0,0,0,0
94.87308298458525,2.197027398774058,0,0,0,0
94.95968552496372,2.1965722007322386,0,0,0,0
95.04628806534215,2.196117002690419,0,0,0,0
95.1328906057206,2.195661804648599,0,0,0,0
95.21949314609904,2.19520660660678,0,0,0,0
95.30609568647749,2.194751408564961,0,0,0,0
95.39269822685593,2.1942962105231416,0,0,0,0
95.47930076723438,2.1938410124813217,0,0,0,0
95.56590330761281,2.193385814439502,0,0,0,0
95.65250584799126,2.1929306163976827,0,0,0,0
95.7391083883697,2.1924754183558632,0,0,0,0
95.82571092874815,2.1920202203140438,0,0,0,0
95.91231346912659,2.1915650222722243,0,0,0,0
95.99891600950504,2.1911098242304052,0,0,0,0
96.08551854988347,2.1906546261885858,0,0,0,0
96.17212109026192,2.190199428146766,0,0,0,0
96.25872363064036,2.189744230104947,0,0,0,0
96.34532617101881,2.189289032063127,0,0,0,0
96.43192871139725,2.1888338340213074,0,0,0,0
96.5185312517757,2.188378635979488,0,0,0,0
96.60513379215413,2.1879234379376684,0,0,0,0
96.6917363325326,2.187468239895849,0,0,0,0
96.77833887291102,2.1870130418540294,0,0,0,0
96.86494141328949,2.18655784381221,0,0,0,0
96.95154395366791,2.1861026457703905,0,0,0,0
97.03814649404637,2.1856474477285714,0,0,0,0
97.12474903442481,2.185192249686752,0,0,0,0
97.21135157480326,2.1847370516449325,0,0,0,0
97.2979541151817,2.1842818536031126,0,0,0,0
97.38455665556015,2.183826655561293,0,0,0,0
97.47115919593858,2.1833714575194736,0,0,0,0
97.55776173631703,2.182916259477654,0,0,0,0
97.64436427669547,2.1824610614358346,0,0,0,0
97.73096681707392,2.182005863394015,0,0,0,0
97.81756935745236,2.181550665352195,0,0,0,0
97.9041718978308,2.1810954673103757,0,0,0,0
97.99077443820924,2.180640269268557,0,0,0,0
98.0773769785877,2.1801850712267368,0,0,0,0
98.16397951896613,2.1797298731849177,0,0,0,0
98.25058205934458,2.1792746751430982,0,0,0,0
98.33718459972302,2.1788194771012783,0,0,0,0
98.42378714010147,2.178364279059459,0,0,0,0
98.5103896804799,2.17790908101764,0,0,0,0
98.59699222085835,2.1774538829758203,0,0,0,0
98.68359476123679,2.176998684934001,0,0,0,0
98.77019730161524,2.1765434868921814,0,0,0,0
98.85679984199368,2.176088288850362,0,0,0,0
98.94340238237214,2.175633090808542,0,0,0,0
99.03000492275056,2.175177892766723,0,0,0,0
99.11660746312903,2.1747226947249034,0,0,0,0
99.20321000350745,2.1742674966830835,0,0,0,0
99.28981254388592,2.1738122986412636,0,0,0,0
99.37641508426435,2.173357100599445,0,0,0,0
99.4630176246428,2.1729019025576255,0,0,0,0
99.54962016502124,2.1724467045158056,0,0,0,0
99.63622270539969,2.171991506473986,0,0,0,0
99.72282524577813,2.1715363084321666,0,0,0,0
99.80942778615658,2.171081110390347,0,0,0,0
99.89603032653501,2.1706259123485276,0,0,0,0
99.98263286691346,2.170170714306708,0,0,0,0
100.0692354072919,2.1697155162648887,0,0,0,0
100.15583794767035,2.1692603182230688,0,0,0,0
100.24244048804879,2.1688051201812497,0,0,0,0
100.32904302842724,2.1683499221394302,0,0,0,0
100.41564556880567,2.1678947240976107,0,0,0,0
100.50224810918412,2.1674395260557913,0,0,0,0
100.58885064956256,2.1669843280139713,0,0,0,0
100.67545318994101,2.1665291299721523,0,0,0,0
100.76205573031945,2.166073931930333,0,0,0,0
100.8486582706979,2.1656187338885133,0,0,0,0
100.93526081107633,2.1651635358466934,0,0,0,0
101.02186335145478,2.164708337804874,0,0,0,0
101.10846589183322,2.164253139763055,0,0,0,0
101.19506843221168,2.163797941721235,0,0,0,0
101.2816709725901,2.163342743679416,0,0,0,0
101.36827351296857,2.1628875456375964,0,0,0,0
101.454876053347,2.162432347595777,0,0,0,0
101.54147859372546,2.1619771495539575,0,0,0,0
101.6280811341039,2.161521951512138,0,0,0,0
101.71468367448234,2.1610667534703185,0,0,0,0
101.80128621486078,2.1606115554284986,0,0,0,0
101.88788875523923,2.160156357386679,0,0,0,0
101.97449129561767,2.15970115934486,0,0,0,0
102.06109383599612,2.15924596130304,0,0,0,0
102.14769637637455,2.158790763261221,0,0,0,0
102.234298916753,2.1583355652194016,0,0,0,0
102.32090145713144,2.1578803671775817,0,0,0,0
102.40750399750989,2.1574251691357627,0,0,0,0
102.49410653788833,2.1569699710939427,0,0,0,0
102.58070907826678,2.1565147730521232,0,0,0,0
102.66731161864521,2.1560595750103038,0,0,0,0
102.75391415902367,2.1556043769684843,0,0,0,0
102.8405166994021,2.1551491789266652,0,0,0,0
102.92711923978054,2.1546939808848458,0,0,0,0
103.01372178015899,2.154238782843026,0,0,0,0
103.10032432053742,2.1537835848012064,0,0,0,0
103.18692686091588,2.153328386759387,0,0,0,0
103.27352940129431,2.1528731887175674,0,0,0,0
103.36013194167276,2.152417990675748,0,0,0,0
103.4467344820512,2.1519627926339284,0,0,0,0
103.53333702242965,2.151507594592109,0,0,0,0
103.61993956280809,2.1510523965502895,0,0,0,0
103.70654210318655,2.15059719850847,0,0,0,0
103.79314464356497,2.1501420004666505,0,0,0,0
103.87974718394344,2.149686802424831,0,0,0,0
103.96634972432186,2.1492316043830115,0,0,0,0
104.05295226470032,2.148776406341192,0,0,0,0
104.13955480507876,2.1483212082993726,0,0,0,0
104.22615734545721,2.1478660102575526,0,0,0,0
104.31275988583565,2.147410812215733,0,0,0,0
104.3993624262141,2.146955614173914,0,0,0,0
104.48596496659253,2.146500416132094,0,0,0,0
104.57256750697098,2.1460452180902747,0,0,0,0
104.65917004734942,2.1455900200484552,0,0,0,0
104.74577258772787,2.1451348220066357,0,0,0,0
104.8323751281063,2.1446796239648167,0,0,0,0
104.91897766848476,2.144224425922997,0,0,0,0
105.0055802088632,2.143769227881177,0,0,0,0
105.09218274924164,2.143314029839358,0,0,0,0
105.17878528962008,2.1428588317975383,0,0,0,0
105.26538782999853,2.142403633755719,0,0,0,0
105.35199037037697,2.1419484357138994,0,0,0,0
105.43859291075542,2.1414932376720803,0,0,0,0
105.52519545113385,2.1410380396302604,0,0,0,0
105.6117979915123,2.140582841588441,0,0,0,0
105.69840053189074,2.1401276435466214,0,0,0,0
105.78500307226919,2.139672445504802,0,0,0,0
105.87160561264763,2.139217247462982,0,0,0,0
105.95820815302609,2.138762049421163,0,0,0,0
106.04481069340451,2.1383068513793435,0,0,0,0
106.13141323378298,2.137851653337524,0,0,0,0
106.2180157741614,2.1373964552957045,0,0,0,0
106.30461831453987,2.136941257253885,0,0,0,0
106.3912208549183,2.136486059212066,0,0,0,0
106.47782339529675,2.1360308611702457,0,0,0,0
106.56442593567519,2.135575663128427,0,0,0,0
106.65102847605364,2.135120465086607,0,0,0,0
106.73763101643208,2.1346652670447877,0,0,0,0
106.82423355681053,2.1342100690029677,0,0,0,0
106.91083609718896,2.1337548709611482,0,0,0,0
106.99743863756741,2.1332996729193296,0,0,0,0
107.08404117794585,2.1328444748775097,0,0,0,0
107.1706437183243,2.13238927683569,0,0,0,0
107.25724625870274,2.1319340787938703,0,0,0,0
107.34384879908119,2.131478880752051,0,0,0,0
107.43045133945962,2.131023682710232,0,0,0,0
107.51705387983807,2.130568484668412,0,0,0,0
107.60365642021651,2.130113286626593,0,0,0,0
107.69025896059496,2.129658088584773,0,0,0,0
107.7768615009734,2.1292028905429534,0,0,0,0
107.86346404135185,2.1287476925011344,0,0,0,0
107.95006658173028,2.1282924944593153,0,0,0,0
108.03666912210873,2.1278372964174954,0,0,0,0
108.12327166248717,2.1273820983756755,0,0,0,0
108.20987420286563,2.126926900333857,0,0,0,0
108.29647674324406,2.1264717022920365,0,0,0,0
108.38307928362252,2.1260165042502175,0,0,0,0
108.46968182400096,2.1255613062083976,0,0,0,0
108.55628436437941,2.125106108166578,0,0,0,0
108.64288690475784,2.124650910124759,0,0,0,0
108.7294894451363,2.1241957120829396,0,0,0,0
108.81609198551473,2.12374051404112,0,0,0,0
108.90269452589318,2.1232853159993006,0,0,0,0
108.98929706627162,2.122830117957481,0,0,0,0
109.07589960665007,2.122189323908087,0,0,0,0
109.1625021470285,2.1213236693478144,0,0,0,0
109.24910468740696,2.1204580147875407,0,0,0,0
109.33570722778539,2.1195923602272675,0,0,0,0
109.42230976816384,2.1187267056669947,0,0,0,0
109.50891230854228,2.1178610511067206,0,0,0,0
109.59551484892073,2.116995396546448,0,0,0,0
109.68211738929917,2.116129741986174,0,0,0,0
109.76871992967762,2.115264087425901,0,0,0,0
109.85532247005605,2.114398432865628,0,0,0,0
109.9419250104345,2.1135327783053546,0,0,0,0
110.02852755081294,2.1126671237450814,0,0,0,0
110.11513009119139,2.1118014691848077,0,0,0,0
110.20173263156983,2.110935814624535,0,0,0,0
110.28833517194829,2.1100701600642617,0,0,0,0
110.37493771232671,2.1092045055039876,0,0,0,0
110.46154025270518,2.108338850943715,0,0,0,0
110.5481427930836,2.1074731963834417,0,0,0,0
110.63474533346206,2.106607541823168,0,0,0,0
110.7213478738405,2.1057418872628952,0,0,0,0
110.80795041421895,2.104876232702622,0,0,0,0
110.89455295459739,2.104010578142348,0,0,0,0
110.98115549497584,2.103144923582075,0,0,0,0
111.06775803535427,2.1022792690218015,0,0,0,0
111.15436057573272,2.101413614461528,0,0,0,0
111.24096311611116,2.100547959901255,0,0,0,0
111.32756565648961,2.0996823053409814,0,0,0,0
111.41416819686805,2.0988166507807087,0,0,0,0
111.5007707372465,2.097950996220435,0,0,0,0
111.58737327762493,2.097085341660162,0,0,0,0
111.67397581800338,2.0962196870998886,0,0,0,0
111.76057835838182,2.095354032539615,0,0,0,0
111.84718089876027,2.0944883779793417,0,0,0,0
111.93378343913871,2.093622723419069,0,0,0,0
112.02038597951716,2.0927570688587958,0,0,0,0
112.1069885198956,2.091891414298522,0,0,0,0
112.19359106027404,2.091025759738249,0,0,0,0
112.28019360065248,2.0901601051779752,0,0,0,0
112.36679614103093,2.089294450617702,0,0,0,0
112.45339868140937,2.088428796057429,0,0,0,0
112.54000122178783,2.0875631414971556,0,0,0,0
112.62660376216625,2.086697486936882,0,0,0,0
112.71320630254472,2.0858318323766087,0,0,0,0
112.79980884292314,2.0849661778163355,0,0,0,0
112.8864113833016,2.0841005232560623,0,0,0,0
112.97301392368004,2.0832348686957887,0,0,0,0
113.0596164640585,2.082369214135516,0,0,0,0
113.14621900443693,2.0815035595752427,0,0,0,0
113.23282154481538,2.0806379050149695,0,0,0,0
113.31942408519382,2.0797722504546963,0,0,0,0
113.40602662557227,2.0789065958944226,0,0,0,0
113.4926291659507,2.07804094133415,0,0,0,0
113.57923170632915,2.077175286773876,0,0,0,0
113.66583424670759,2.076309632213603,0,0,0,0
113.75243678708603,2.0754439776533298,0,0,0,0
113.83903932746448,2.074578323093056,0,0,0,0
113.92564186784291,2.073712668532783,0,0,0,0
114.01224440822136,2.0728470139725097,0,0,0,0
114.0988469485998,2.0719813594122365,0,0,0,0
114.18544948897825,2.0711157048519633,0,0,0,0
114.27205202935669,2.07025005029169,0,0,0,0
114.35865456973514,2.0693843957314164,0,0,0,0
114.44525711011357,2.068518741171143,0,0,0,0
114.53185965049202,2.06765308661087,0,0,0,0
114.61846219087046,2.066787432050597,0,0,0,0
114.70506473124891,2.065921777490323,0,0,0,0
114.79166727162735,2.0650561229300504,0,0,0,0
114.8782698120058,2.0641904683697767,0,0,0,0
114.96487235238423,2.0633248138095035,0,0,0,0
115.0514748927627,2.0624591592492303,0,0,0,0
115.13807743314112,2.061593504688957,0,0,0,0
115.22467997351959,2.0607278501286834,0,0,0,0
115.311282513898,2.0598621955684107,0,0,0,0
115.39788505427647,2.0589965410081366,0,0,0,0
115.48448759465491,2.058130886447864,0,0,0,0
115.57109013503336,2.05726523188759,0,0,0,0
115.6576926754118,2.056399577327317,0,0,0,0
115.74429521579025,2.0555339227670437,0,0,0,0
115.83089775616868,2.0546682682067705,0,0,0,0
115.91750029654713,2.053802613646497,0,0,0,0
116.00410283692557,2.0529369590862236,0,0,0,0
116.09070537730402,2.0520713045259504,0,0,0,0
116.17730791768246,2.0512056499656772,0,0,0,0
116.2639104580609,2.050339995405404,0,0,0,0
116.35051299843934,2.049474340845131,0,0,0,0
116.43711553881779,2.048608686284857,0,0,0,0
116.52371807919623,2.047743031724584,0,0,0,0
116.61032061957468,2.0468773771643107,0,0,0,0
116.69692315995312,2.046011722604038,0,0,0,0
116.78352570033157,2.0451460680437648,0,0,0,0
116.87012824071,2.044280413483491,0,0,0,0
116.95673078108845,2.043414758923218,0,0,0,0
117.04333332146689,2.0425491043629442,0,0,0,0
117.12993586184534,2.041683449802671,0,0,0,0
117.21653840222378,2.040817795242398,0,0,0,0
117.30314094260224,2.0399521406821246,0,0,0,0
117.38974348298066,2.0390864861218514,0,0,0,0
117.47634602335913,2.0382208315615777,0,0,0,0
117.56294856373755,2.0373551770013045,0,0,0,0
117.64955110411601,2.0364895224410313,0,0,0,0
117.73615364449445,2.035623867880758,0,0,0,0
117.8227561848729,2.034758213320485,0,0,0,0
117.90935872525134,2.0338925587602117,0,0,0,0
117.99596126562979,2.033026904199938,0,0,0,0
118.08256380600822,2.032161249639665,0,0,0,0
118.16916634638667,2.0312955950793916,0,0,0,0
118.25576888676511,2.0304299405191184,0,0,0,0
118.34237142714356,2.029564285958845,0,0,0,0
118.428973967522,2.0286986313985715,0,0,0,0
118.51557650790045,2.0278329768382983,0,0,0,0
118.60217904827888,2.026967322278025,0,0,0,0
118.68878158865733,2.026101667717752,0,0,0,0
118.77538412903577,2.0252360131574787,0,0,0,0
118.86198666941422,2.0243703585972055,0,0,0,0
118.94858920979266,2.023504704036932,0,0,0,0
119.03519175017111,2.022639049476658,0,0,0,0
119.12179429054954,2.0217733949163854,0,0,0,0
119.208396830928,2.0209077403561118,0,0,0,0
119.29499937130643,2.020042085795839,0,0,0,0
119.38160191168488,2.019176431235566,0,0,0,0
119.46820445206332,2.0183107766752926,0,0,0,0
119.55480699244178,2.017445122115019,0,0,0,0
119.6414095328202,2.0165794675547453,0,0,0,0
119.72801207319867,2.015713812994472,0,0,0,0
119.81461461357709,2.014848158434199,0,0,0,0
119.90121715395556,2.013982503873925,0,0,0,0
119.987819694334,2.0131168493136524,0,0,0,0
120.07442223471244,2.0122511947533788,0,0,0,0
120.16102477509088,2.011385540193106,0,0,0,0
120.24762731546933,2.0105198856328323,0,0,0,0
120.33422985584777,2.009654231072559,0,0,0,0
120.42083239622622,2.008788576512286,0,0,0,0
120.50743493660465,2.007922921952013,0,0,0,0
120.5940374769831,2.0070572673917386,0,0,0,0
120.68064001736154,2.006191612831466,0,0,0,0
120.76724255773999,2.0053259582711926,0,0,0,0
120.85384509811843,2.0044603037109194,0,0,0,0
120.94044763849688,2.0035946491506462,0,0,0,0
121.02705017887531,2.002728994590373,0,0,0,0
121.11365271925376,2.0018633400300994,0,0,0,0
121.2002552596322,2.0009976854698266,0,0,0,0
121.28685780001065,2.000132030909553,0,0,0,0
121.37346034038909,1.9992663763492797,0,0,0,0
121.46006288076754,1.9984007217890065,0,0,0,0
121.54666542114597,1.9975350672287335,0,0,0,0
121.63326796152444,1.9966694126684597,0,0,0,0
121.71987050190286,1.9958037581081864,0,0,0,0
121.80647304228133,1.9949381035479128,0,0,0,0
121.89307558265975,1.9940724489876396,0,0,0,0
121.97967812303821,1.9932067944273664,0,0,0,0
122.06628066341665,1.9923411398670936,0,0,0,0
122.1528832037951,1.99147548530682,0,0,0,0
122.23948574417354,1.9906098307465467,0,0,0,0
122.32608828455199,1.9897441761862735,0,0,0,0
122.41269082493042,1.9888785216259999,0,0,0,0
122.49929336530887,1.988012867065727,0,0,0,0
122.58589590568731,1.9871472125054535,0,0,0,0
122.67249844606576,1.9862815579451807,0,0,0,0
122.7591009864442,1.985415903384907,0,0,0,0
122.84570352682265,1.9845502488246334,0,0,0,0
122.93230606720108,1.9836845942643602,0,0,0,0
123.01890860757953,1.9828189397040865,0,0,0,0
123.10551114795797,1.9819532851438142,0,0,0,0
123.19211368833642,1.98108763058354,0,0,0,0
123.27871622871486,1.9802219760232675,0,0,0,0
123.3653187690933,1.9793563214629937,0,0,0,0
123.45192130947174,1.97849066690272,0,0,0,0
123.5385238498502,1.9776250123424477,0,0,0,0
123.62512639022863,1.976759357782174,0,0,0,0
123.71172893060708,1.9758937032219004,0,0,0,0
123.79833147098552,1.9750280486616267,0,0,0,0
123.88493401136398,1.9741623941013535,0,0,0,0
123.9715365517424,1.9732967395410808,0,0,0,0
124.05813909212087,1.9724310849808075,0,0,0,0
124.14474163249929,1.9715654304205343,0,0,0,0
124.23134417287775,1.9706997758602607,0,0,0,0
124.31794671325619,1.9698341212999875,0,0,0,0
124.40454925363464,1.9689684667397138,0,0,0,0
124.49115179401308,1.9681028121794406,0,0,0,0
124.5777543343915,1.9672371576191678,0,0,0,0
124.66435687476996,1.9663715030588937,0,0,0,0
124.7509594151484,1.965505848498621,0,0,0,0
124.83756195552685,1.9646401939383478,0,0,0,0
124.92416449590529,1.963774539378075,0,0,0,0
125.01076703628374,1.962908884817801,0,0,0,0
125.09736957666217,1.9620432302575277,0,0,0,0
125.18397211704062,1.961177575697255,0,0,0,0
125.27057465741906,1.9603119211369817,0,0,0,0
125.35717719779751,1.959446266576708,0,0,0,0
125.44377973817595,1.9585806120164353,0,0,0,0
125.5303822785544,1.9577149574561616,0,0,0,0
125.61698481893283,1.956849302895888,0,0,0,0
125.70358735931129,1.9559836483356148,0,0,0,0
125.79018989968972,1.9551179937753416,0,0,0,0
125.87679244006817,1.9542523392150684,0,0,0,0
125.96339498044661,1.9533866846547951,0,0,0,0
126.04999752082506,1.9525210300945215,0,0,0,0
126.1366000612035,1.9516553755342483,0,0,0,0
126.22320260158195,1.9507897209739755,0,0,0,0
126.30980514196038,1.9499240664137023,0,0,0,0
126.39640768233883,1.9490584118534287,0,0,0,0
126.48301022271727,1.9481927572931554,0,0,0,0
126.56961276309573,1.9473271027328818,0,0,0,0
126.65621530347416,1.9464614481726086,0,0,0,0
126.74281784385262,1.9455957936123354,0,0,0,0
126.82942038423106,1.9447301390520622,0,0,0,0
126.9160229246095,1.9438644844917885,0,0,0,0
127.00262546498794,1.9429988299315153,0,0,0,0
127.0892280053664,1.942133175371242,0,0,0,0
127.17583054574483,1.9412675208109689,0,0,0,0
127.26243308612328,1.9404018662506952,0,0,0,0
127.34903562650172,1.9395362116904225,0,0,0,0
127.43563816688017,1.9386705571301492,0,0,0,0
127.5222407072586,1.937804902569876,0,0,0,0
127.60884324763705,1.9369392480096024,0,0,0,0
127.69544578801549,1.9360735934493287,0,0,0,0
127.78204832839394,1.9352079388890555,0,0,0,0
127.86865086877238,1.9343422843287823,0,0,0,0
127.95525340915083,1.9334766297685095,0,0,0,0
128.04185594952926,1.9326109752082359,0,0,0,0
128.12845848990773,1.9317453206479622,0,0,0,0
128.21506103028617,1.930879666087689,0,0,0,0
128.3016635706646,1.9300140115274158,0,0,0,0
128.38826611104304,1.929148356967143,0,0,0,0
128.4748686514215,1.9282827024068692,0,0,0,0
128.56147119179994,1.9274170478465962,0,0,0,0
128.64807373217837,1.9265513932863225,0,0,0,0
128.7346762725568,1.9256857387260498,0,0,0,0
128.82127881293528,1.924820084165776,0,0,0,0
128.9078813533137,1.923954429605503,0,0,0,0
128.99448389369215,1.9230887750452297,0,0,0,0
129.08108643407058,1.9222231204849565,0,0,0,0
129.16768897444905,1.9213574659246828,0,0,0,0
129.2542915148275,1.9204918113644096,0,0,0,0
129.34089405520592,1.9196261568041368,0,0,0,0
129.42749659558436,1.9187605022438632,0,0,0,0
129.51409913596282,1.9178948476835895,0,0,0,0
129.60070167634126,1.9170291931233168,0,0,0,0
129.6873042167197,1.9161635385630436,0,0,0,0
129.77390675709813,1.91529788400277,0,0,0,0
129.8605092974766,1.9144322294424971,0,0,0,0
129.94711183785503,1.913566574882223,0,0,0,0
130.0337143782335,1.9127009203219498,0,0,0,0
130.12031691861193,1.9118352657616764,0,0,0,0
130.20691945899037,1.9109696112014032,0,0,0,0
130.2935219993688,1.91010395664113,0,0,0,0
130.38012453974727,1.9092383020808568,0,0,0,0
130.4667270801257,1.9083726475205833,0,0,0,0
130.55332962050414,1.9075069929603101,0,0,0,0
130.63993216088258,1.9066413384000374,0,0,0,0
130.72653470126104,1.9057756838397637,0,0,0,0
130.81313724163948,1.9049100292794903,0,0,0,0
130.89973978201792,1.9040443747192173,0,0,0,0
130.98634232239635,1.9031787201589436,0,0,0,0
131.07294486277482,1.9023130655986704,0,0,0,0
131.15954740315325,1.9014474110383972,0,0,0,0
131.2461499435317,1.9005817564781238,0,0,0,0
131.33275248391013,1.8997161019178506,0,0,0,0
131.4193550242886,1.8975395407052624,0,0,0,0
131.50595756466703,1.8951104372020051,0,0,0,0
131.59256010504546,1.8926813336987482,0,0,0,0
131.6791626454239,1.890252230195491,0,0,0,0
131.76576518580237,1.8878231266922334,0,0,0,0
131.8523677261808,1.8853940231889768,0,0,0,0
131.93897026655927,1.8829649196857188,0,0,0,0
132.02557280693767,1.8805358161824626,0,0,0,0
132.11217534731614,1.8781067126792046,0,0,0,0
132.19877788769458,1.8756776091759473,0,0,0,0
132.28538042807304,1.8732485056726897,0,0,0,0
132.37198296845148,1.8708194021694324,0,0,0,0
132.4585855088299,1.8683902986661756,0,0,0,0
132.54518804920835,1.8659611951629183,0,0,0,0
132.6317905895868,1.8635320916596605,0,0,0,0
132.71839312996525,1.8611029881564032,0,0,0,0
132.8049956703437,1.8586738846531459,0,0,0,0
132.89159821072212,1.856244781149889,0,0,0,0
132.9782007511006,1.853815677646631,0,0,0,0
133.06480329147902,1.8513865741433737,0,0,0,0
133.15140583185746,1.8489574706401173,0,0,0,0
133.2380083722359,1.84652836713686,0,0,0,0
133.32461091261436,1.8440992636336027,0,0,0,0
133.4112134529928,1.8416701601303453,0,0,0,0
133.49781599337123,1.839241056627088,0,0,0,0
133.58441853374967,1.8368119531238307,0,0,0,0
133.67102107412813,1.8343828496205732,0,0,0,0
133.75762361450657,1.8319537461173159,0,0,0,0
133.844226154885,1.8295246426140586,0,0,0,0
133.93082869526344,1.8270955391108012,0,0,0,0
134.0174312356419,1.824666435607544,0,0,0,0
134.10403377602034,1.8222373321042868,0,0,0,0
134.1906363163988,1.8198082286010286,0,0,0,0
134.27723885677722,1.8173791250977724,0,0,0,0
134.36384139715568,1.814950021594515,0,0,0,0
134.45044393753412,1.8125209180912583,0,0,0,0
134.53704647791258,1.8100918145879996,0,0,0,0
134.62364901829102,1.8076627110847434,0,0,0,0
134.71025155866946,1.805233607581486,0,0,0,0
134.7968540990479,1.8028045040782288,0,0,0,0
134.88345663942636,1.8003754005749713,0,0,0,0
134.9700591798048,1.797946297071714,0,0,0,0
135.05666172018323,1.795517193568457,0,0,0,0
135.14326426056166,1.7930880900651998,0,0,0,0
135.22986680094013,1.790658986561942,0,0,0,0
135.31646934131857,1.7882298830586851,0,0,0,0
135.403071881697,1.7858007795554278,0,0,0,0
135.48967442207544,1.7833716760521705,0,0,0,0
135.57627696245387,1.7809425725489136,0,0,0,0
135.66287950283234,1.7785134690456557,0,0,0,0
135.74948204321078,1.7760843655423995,0,0,0,0
135.8360845835892,1.7736552620391421,0,0,0,0
135.92268712396765,1.7712261585358848,0,0,0,0
136.0092896643461,1.7687970550326269,0,0,0,0
136.09589220472455,1.76636795152937,0,0,0,0
136.18249474510299,1.7639388480261127,0,0,0,0
136.26909728548142,1.7615097445228558,0,0,0,0
136.3556998258599,1.7590806410195978,0,0,0,0
136.44230236623832,1.756651537516341,0,0,0,0
136.52890490661676,1.7542224340130836,0,0,0,0
136.6155074469952,1.7517933305098266,0,0,0,0
136.70210998737366,1.7493642270065686,0,0,0,0
136.7887125277521,1.7469351235033113,0,0,0,0
136.87531506813056,1.7445060200000537,0,0,0,0
136.96191760850897,1.742076916496798,0,0,0,0
137.04852014888743,1.7396478129935398,0,0,0,0
137.13512268926587,1.737218709490283,0,0,0,0
137.22172522964433,1.7347896059870254,0,0,0,0
137.30832777002277,1.7323605024837676,0,0,0,0
137.3949303104012,1.7299313989805107,0,0,0,0
137.48153285077964,1.7275022954772534,0,0,0,0
137.5681353911581,1.725073191973996,0,0,0,0
137.65473793153654,1.7226440884707386,0,0,0,0
137.74134047191498,1.7202149849674817,0,0,0,0
137.82794301229342,1.7177858814642244,0,0,0,0
137.91454555267188,1.7153567779609666,0,0,0,0
138.00114809305032,1.7129276744577093,0,0,0,0
138.08775063342875,1.7104985709544525,0,0,0,0
138.1743531738072,1.7080694674511951,0,0,0,0
138.26095571418566,1.7056403639479376,0,0,0,0
138.3475582545641,1.703211260444681,0,0,0,0
138.43416079494253,1.7007821569414237,0,0,0,0
138.52076333532096,1.6983530534381663,0,0,0,0
138.60736587569943,1.6959239499349092,0,0,0,0
138.69396841607787,1.6934948464316515,0,0,0,0
138.7805709564563,1.6910657429283946,0,0,0,0
138.86717349683474,1.6886366394251373,0,0,0,0
138.9537760372132,1.6862075359218796,0,0,0,0
139.04037857759164,1.6837784324186227,0,0,0,0
139.1269811179701,1.6813493289153647,0,0,0,0
139.2135836583485,1.6789202254121083,0,0,0,0
139.30018619872698,1.6764911219088505,0,0,0,0
139.3867887391054,1.6740620184055932,0,0,0,0
139.47339127948388,1.6716329149023352,0,0,0,0
139.5599938198623,1.6692038113990786,0,0,0,0
139.64659636024075,1.666774707895822,0,0,0,0
139.7331989006192,1.6643456043925646,0,0,0,0
139.81980144099765,1.6619165008893069,0,0,0,0
139.9064039813761,1.65948739738605,0,0,0,0
139.99300652175452,1.6570582938827927,0,0,0,0
140.07960906213296,1.6546291903795356,0,0,0,0
140.16621160251142,1.6522000868762776,0,0,0,0
140.25281414288986,1.6497709833730207,0,0,0,0
140.3394166832683,1.6473418798697632,0,0,0,0
140.42601922364673,1.6449127763665061,0,0,0,0
140.5126217640252,1.6424836728632481,0,0,0,0
140.59922430440363,1.6400545693599913,0,0,0,0
140.68582684478207,1.637625465856734,0,0,0,0
140.7724293851605,1.635196362353477,0,0,0,0
140.85903192553897,1.6327672588502191,0,0,0,0
140.9456344659174,1.6303381553469622,0,0,0,0
141.03223700629584,1.6279090518437056,0,0,0,0
141.11883954667428,1.6254799483404483,0,0,0,0
141.20544208705275,1.6230508448371908,0,0,0,0
141.29204462743118,1.6206217413339334,0,0,0,0
141.37864716780965,1.6181926378306757,0,0,0,0
141.46524970818805,1.6157635343274195,0,0,0,0
141.55185224856652,1.6133344308241615,0,0,0,0
141.63845478894495,1.6109053273209042,0,0,0,0
141.72505732932342,1.6084762238176467,0,0,0,0
141.81165986970186,1.6060471203143891,0,0,0,0
141.8982624100803,1.6036180168111325,0,0,0,0
141.98486495045873,1.601188913307875,0,0,0,0
142.0714674908372,1.5987598098046174,0,0,0,0
142.15807003121563,1.59633070630136,0,0,0,0
142.24467257159407,1.593901602798103,0,0,0,0
142.3312751119725,1.5914724992948464,0,0,0,0
142.41787765235097,1.5890433957915888,0,0,0,0
142.5044801927294,1.586614292288331,0,0,0,0
142.59108273310784,1.5841851887850744,0,0,0,0
142.67768527348628,1.5817560852818173,0,0,0,0
142.76428781386474,1.5793269817785593,0,0,0,0
142.85089035424318,1.576897878275302,0,0,0,0
142.9374928946216,1.5744687747720452,0,0,0,0
143.02409543500005,1.5720396712687879,0,0,0,0
143.1106979753785,1.5696105677655303,0,0,0,0
143.19730051575695,1.567181464262273,0,0,0,0
143.28390305613541,1.5647523607590152,0,0,0,0
143.37050559651382,1.5623232572557588,0,0,0,0
143.4571081368923,1.559894153752501,0,0,0,0
143.54371067727072,1.5574650502492438,0,0,0,0
143.6303132176492,1.555035946745986,0,0,0,0
143.71691575802762,1.5526068432427296,0,0,0,0
143.80351829840606,1.5501777397394725,0,0,0,0
143.8901208387845,1.5477486362362152,0,0,0,0
143.97672337916296,1.5453195327329574,0,0,0,0
144.0633259195414,1.5428904292297003,0,0,0,0
144.14992845991983,1.5404613257264432,0,0,0,0
144.23653100029827,1.538032222223186,0,0,0,0
144.32313354067674,1.5356031187199286,0,0,0,0
144.40973608105517,1.5331740152166713,0,0,0,0
144.4963386214336,1.5307449117134142,0,0,0,0
144.58294116181204,1.5283158082101567,0,0,0,0
144.6695437021905,1.525886704706899,0,0,0,0
144.75614624256895,1.5234576012036418,0,0,0,0
144.84274878294738,1.521028497700385,0,0,0,0
144.92935132332582,1.5185993941971283,0,0,0,0
145.01595386370428,1.5161702906938703,0,0,0,0
145.10255640408272,1.5137411871906132,0,0,0,0
145.18915894446116,1.5113120836873561,0,0,0,0
145.2757614848396,1.508882980184099,0,0,0,0
145.36236402521806,1.506453876680841,0,0,0,0
145.4489665655965,1.5040247731775844,0,0,0,0
145.53556910597496,1.5015956696743264,0,0,0,0
145.62217164635337,1.49916656617107,0,0,0,0
145.70877418673183,1.4967374626678123,0,0,0,0
145.79537672711027,1.494308359164555,0,0,0,0
145.88197926748873,1.4918792556612972,0,0,0,0
145.96858180786717,1.4894501521580399,0,0,0,0
146.0551843482456,1.4870210486547826,0,0,0,0
146.14178688862404,1.4845919451515257,0,0,0,0
146.22838942900248,1.482162841648269,0,0,0,0
146.31499196938094,1.479733738145011,0,0,0,0
146.40159450975938,1.477304634641754,0,0,0,0
146.4881970501378,1.474875531138497,0,0,0,0
146.57479959051625,1.47244642763524,0,0,0,0
146.66140213089471,1.4700173241319825,0,0,0,0
146.74800467127315,1.4675882206287247,0,0,0,0
146.8346072116516,1.4651591171254679,0,0,0,0
146.92120975203002,1.462730013622211,0,0,0,0
147.0078122924085,1.460300910118953,0,0,0,0
147.09441483278692,1.4578718066156957,0,0,0,0
147.18101737316536,1.4554427031124386,0,0,0,0
147.2676199135438,1.4530135996091815,0,0,0,0
147.35422245392226,1.4505844961059233,0,0,0,0
147.4408249943007,1.4481553926026665,0,0,0,0
147.52742753467913,1.44572628909941,0,0,0,0
147.61403007505757,1.4432971855961532,0,0,0,0
147.70063261543604,1.440868082092895,0,0,0,0
147.78723515581447,1.4384389785896379,0,0,0,0
147.8738376961929,1.436009875086381,0,0,0,0
147.96044023657134,1.4335807715831235,0,0,0,0
148.0470427769498,1.4311516680798662,0,0,0,0
148.13364531732825,1.4287225645766088,0,0,0,0
148.2202478577067,1.4262934610733509,0,0,0,0
148.30685039808512,1.4238643575700942,0,0,0,0
148.39345293846358,1.4214352540668367,0,0,0,0
148.48005547884202,1.4190061505635794,0,0,0,0
148.56665801922048,1.4165770470603216,0,0,0,0
148.65326055959892,1.4141479435570643,0,0,0,0
148.73986309997736,1.4117188400538077,0,0,0,0
148.8264656403558,1.409289736550551,0,0,0,0
148.91306818073426,1.4068606330472933,0,0,0,0
148.9996707211127,1.404431529544036,0,0,0,0
149.08627326149113,1.4020024260407788,0,0,0,0
149.17287580186957,1.3995733225375215,0,0,0,0
149.25947834224803,1.397144219034264,0,0,0,0
149.34608088262647,1.3947151155310067,0,0,0,0
149.4326834230049,1.3922860120277498,0,0,0,0
149.51928596338334,1.3898569085244925,0,0,0,0
149.6058885037618,1.3874278050212348,0,0,0,0
149.69249104414024,1.3849987015179774,0,0,0,0
149.77909358451868,1.3825695980147203,0,0,0,0
149.8656961248971,1.3801404945114633,0,0,0,0
149.95229866527558,1.3777113910082053,0,0,0,0
150.038901205654,1.375282287504948,0,0,0,0
150.12550374603245,1.3728531840016918,0,0,0,0
150.2121062864109,1.3704240804984347,0,0,0,0
150.29870882678935,1.3679949769951767,0,0,0,0
150.3853113671678,1.3655658734919196,0,0,0,0
150.47191390754625,1.363136769988662,0,0,0,0
150.55851644792466,1.3607076664854054,0,0,0,0
150.64511898830312,1.3582785629821474,0,0,0,0
150.73172152868156,1.3558494594788906,0,0,0,0
150.81832406906003,1.3534203559756326,0,0,0,0
150.90492660943846,1.3509912524723755,0,0,0,0
150.9915291498169,1.3485621489691182,0,0,0,0
151.07813169019533,1.346133045465861,0,0,0,0
151.1647342305738,1.3437039419626031,0,0,0,0
151.25133677095224,1.3412748384593463,0,0,0,0
151.33793931133067,1.3388457349560892,0,0,0,0
151.4245418517091,1.3364166314528325,0,0,0,0
151.51114439208757,1.333987527949574,0,0,0,0
151.597746932466,1.3315584244463177,0,0,0,0
151.68434947284445,1.3291293209430606,0,0,0,0
151.77095201322288,1.3267002174398035,0,0,0,0
151.85755455360135,1.3242711139365457,0,0,0,0
151.94415709397978,1.3218420104332886,0,0,0,0
152.03075963435822,1.3194129069300315,0,0,0,0
152.11736217473666,1.3169838034267742,0,0,0,0
152.20396471511512,1.3145546999235163,0,0,0,0
152.29056725549356,1.3121255964202592,0,0,0,0
152.377169795872,1.3096964929170019,0,0,0,0
152.46377233625043,1.307267389413745,0,0,0,0
152.5503748766289,1.304838285910487,0,0,0,0
152.63697741700733,1.3024091824072301,0,0,0,0
152.7235799573858,1.2999800789039722,0,0,0,0
152.8101824977642,1.2975509754007166,0,0,0,0
152.89678503814267,1.2951218718974586,0,0,0,0
152.9833875785211,1.2926927683942013,0,0,0,0
153.06999011889957,1.2902636648909438,0,0,0,0
153.156592659278,1.2878345613876865,0,0,0,0
153.24319519965644,1.2854054578844296,0,0,0,0
153.32979774003488,1.2829763543811723,0,0,0,0
153.41640028041334,1.2805472508779143,0,0,0,0
153.50300282079178,1.2781181473746572,0,0,0,0
153.58960536117021,1.2756890438714001,0,0,0,0
153.67620790154865,1.2732599403681428,0,0,0,0
153.76281044192712,1.270830836864885,0,0,0,0
153.84941298230555,1.268401733361628,0,0,0,0
153.936015522684,1.2659726298583711,0,0,0,0
154.02261806306242,1.2635435263551142,0,0,0,0
154.1092206034409,1.261114422851856,0,0,0,0
154.19582314381933,1.2586853193485994,0,0,0,0
154.28242568419776,1.2562562158453425,0,0,0,0
154.3690282245762,1.2538271123420852,0,0,0,0
154.45563076495466,1.2513980088388275,0,0,0,0
154.5422333053331,1.2489689053355704,0,0,0,0
154.62883584571154,1.246539801832313,0,0,0,0
154.71543838608997,1.244110698329056,0,0,0,0
154.80204092646844,1.241681594825798,0,0,0,0
154.88864346684687,1.239252491322541,0,0,0,0
154.97524600722534,1.2368233878192831,0,0,0,0
155.06184854760377,1.234394284316026,0,0,0,0
155.1484510879822,1.231965180812769,0,0,0,0
155.23505362836065,1.2295360773095116,0,0,0,0
155.3216561687391,1.2271069738062539,0,0,0,0
155.40825870911755,1.2246778703029968,0,0,0,0
155.49486124949598,1.2222487667997401,0,0,0,0
155.58146378987442,1.2198196632964833,0,0,0,0
155.66806633025288,1.2173905597932253,0,0,0,0
155.75466887063132,1.2149614562899682,0,0,0,0
155.84127141100976,1.2125323527867111,0,0,0,0
155.9278739513882,1.2107895065324956,0,0,0,0
156.01447649176666,1.2097329175273197,0,0,0,0
156.1010790321451,1.2086763285221442,0,0,0,0
156.18768157252353,1.207619739516969,0,0,0,0
156.27428411290197,1.2065631505117935,0,0,0,0
156.36088665328043,1.2055065615066178,0,0,0,0
156.44748919365887,1.2044499725014426,0,0,0,0
156.5340917340373,1.2033933834962671,0,0,0,0
156.62069427441574,1.2023367944910923,0,0,0,0
156.7072968147942,1.2012802054859164,0,0,0,0
156.79389935517264,1.2002236164807412,0,0,0,0
156.8805018955511,1.1991670274755657,0,0,0,0
156.9671044359295,1.1981104384703907,0,0,0,0
157.05370697630795,1.1970538494652152,0,0,0,0
157.14030951668641,1.1959972604600393,0,0,0,0
157.22691205706485,1.194940671454864,0,0,0,0
157.31351459744332,1.1938840824496886,0,0,0,0
157.40011713782172,1.1928274934445136,0,0,0,0
157.4867196782002,1.1917709044393376,0,0,0,0
157.57332221857862,1.1907143154341624,0,0,0,0
157.6599247589571,1.1896577264289867,0,0,0,0
157.74652729933553,1.1886011374238112,0,0,0,0
157.83312983971396,1.187544548418636,0,0,0,0
157.9197323800924,1.1864879594134607,0,0,0,0
158.00633492047086,1.1854313704082848,0,0,0,0
158.0929374608493,1.18437478140311,0,0,0,0
158.17954000122774,1.1833181923979346,0,0,0,0
158.26614254160617,1.182261603392759,0,0,0,0
158.35274508198464,1.1812050143875836,0,0,0,0
158.43934762236307,1.1801484253824082,0,0,0,0
158.5259501627415,1.1790918363772327,0,0,0,0
158.61255270311995,1.1780352473720574,0,0,0,0
158.6991552434984,1.1769786583668818,0,0,0,0
158.78575778387685,1.1759220693617067,0,0,0,0
158.87236032425528,1.174865480356531,0,0,0,0
158.95896286463372,1.1738088913513558,0,0,0,0
159.04556540501218,1.17275230234618,0,0,0,0
159.13216794539062,1.1716957133410046,0,0,0,0
159.21877048576906,1.1706391243358294,0,0,0,0
159.3053730261475,1.1695825353306541,0,0,0,0
159.39197556652596,1.1685259463254787,0,0,0,0
159.4785781069044,1.1674693573203034,0,0,0,0
159.56518064728286,1.1664127683151275,0,0,0,0
159.65178318766127,1.1653561793099525,0,0,0,0
159.73838572803973,1.1642995903047768,0,0,0,0
159.82498826841817,1.1632430012996016,0,0,0,0
159.91159080879663,1.162186412294426,0,0,0,0
159.99819334917507,1.1611298232892506,0,0,0,0
160.0847958895535,1.1600732342840752,0,0,0,0
160.17139842993194,1.1590166452788997,0,0,0,0
160.2580009703104,1.1579600562737242,0,0,0,0
160.34460351068884,1.156903467268549,0,0,0,0
160.43120605106728,1.1558468782633735,0,0,0,0
160.51780859144571,1.1547902892581978,0,0,0,0
160.60441113182418,1.1537337002530226,0,0,0,0
160.69101367220262,1.1526771112478473,0,0,0,0
160.77761621258105,1.151620522242672,0,0,0,0
160.8642187529595,1.1505639332374966,0,0,0,0
160.95082129333795,1.1495073442323211,0,0,0,0
161.0374238337164,1.1484507552271457,0,0,0,0
161.12402637409483,1.1473941662219704,0,0,0,0
161.21062891447326,1.146337577216795,0,0,0,0
161.29723145485173,1.1452809882116193,0,0,0,0
161.38383399523016,1.144224399206444,0,0,0,0
161.4704365356086,1.1431678102012686,0,0,0,0
161.55703907598703,1.142111221196093,0,0,0,0
161.6436416163655,1.1410546321909176,0,0,0,0
161.73024415674394,1.1399980431857424,0,0,0,0
161.8168466971224,1.1389414541805665,0,0,0,0
161.9034492375008,1.1378848651753917,0,0,0,0
161.99005177787927,1.1368282761702162,0,0,0,0
162.0766543182577,1.135771687165041,0,0,0,0
162.16325685863617,1.134715098159865,0,0,0,0
162.2498593990146,1.1336585091546898,0,0,0,0
162.33646193939305,1.1326019201495146,0,0,0,0
162.42306447977148,1.131545331144339,0,0,0,0
162.50966702014995,1.1304887421391634,0,0,0,0
162.59626956052838,1.1294321531339881,0,0,0,0
162.68287210090682,1.1283755641288127,0,0,0,0
162.76947464128526,1.1273189751236374,0,0,0,0
162.85607718166372,1.1262623861184617,0,0,0,0
162.94267972204216,1.1252057971132863,0,0,0,0
163.0292822624206,1.124149208108111,0,0,0,0
163.11588480279903,1.1230926191029358,0,0,0,0
163.2024873431775,1.12203603009776,0,0,0,0
163.28908988355593,1.1209794410925848,0,0,0,0
163.37569242393437,1.1199228520874096,0,0,0,0
163.4622949643128,1.1188662630822341,0,0,0,0
163.54889750469127,1.1178096740770584,0,0,0,0
163.6355000450697,1.1167530850718832,0,0,0,0
163.72210258544814,1.1156964960667077,0,0,0,0
163.80870512582658,1.1146399070615325,0,0,0,0
163.89530766620504,1.1135833180563568,0,0,0,0
163.98191020658348,1.1125267290511816,0,0,0,0
164.06851274696194,1.1114701400460059,0,0,0,0
164.15511528734035,1.1104135510408306,0,0,0,0
164.24171782771882,1.109356962035655,0,0,0,0
164.32832036809725,1.1083003730304797,0,0,0,0
164.41492290847572,1.107243784025304,0,0,0,0
164.50152544885415,1.1061871950201287,0,0,0,0
164.5881279892326,1.1051306060149535,0,0,0,0
164.67473052961103,1.1040740170097783,0,0,0,0
164.7613330699895,1.1030174280046028,0,0,0,0
164.84793561036793,1.101960838999427,0,0,0,0
164.93453815074636,1.1009042499942518,0,0,0,0
165.0211406911248,1.0998476609890764,0,0,0,0
165.10774323150326,1.0987910719839007,0,0,0,0
165.1943457718817,1.0977344829787254,0,0,0,0
165.28094831226014,1.09667789397355,0,0,0,0
165.36755085263857,1.0956213049683747,0,0,0,0
165.45415339301704,1.094564715963199,0,0,0,0
165.54075593339547,1.0935081269580238,0,0,0,0
165.6273584737739,1.0924515379528483,0,0,0,0
165.71396101415235,1.091394948947673,0,0,0,0
165.8005635545308,1.0903383599424974,0,0,0,0
165.88716609490925,1.0892817709373224,0,0,0,0
165.97376863528768,1.088225181932147,0,0,0,0
166.06037117566612,1.0871685929269717,0,0,0,0
166.14697371604458,1.0861120039217957,0,0,0,0
166.23357625642302,1.0850554149166205,0,0,0,0
166.32017879680149,1.083998825911445,0,0,0,0
166.4067813371799,1.0829422369062698,0,0,0,0
166.49338387755836,1.081885647901094,0,0,0,0
166.5799864179368,1.0808290588959188,0,0,0,0
166.66658895831526,1.0797724698907434,0,0,0,0
166.7531914986937,1.078715880885568,0,0,0,0
166.83979403907213,1.0776592918803924,0,0,0,0
166.92639657945057,1.0766027028752172,0,0,0,0
167.01299911982903,1.0755461138700415,0,0,0,0
167.09960166020747,1.074489524864866,0,0,0,0
167.1862042005859,1.0734329358596908,0,0,0,0
167.27280674096434,1.0723763468545158,0,0,0,0
167.3594092813428,1.07131975784934,0,0,0,0
167.44601182172124,1.0702631688441648,0,0,0,0
167.53261436209968,1.0692065798389894,0,0,0,0
167.61921690247812,1.068149990833814,0,0,0,0
167.70581944285658,1.0670934018286384,0,0,0,0
167.79242198323502,1.066036812823463,0,0,0,0
167.87902452361345,1.0649802238182877,0,0,0,0
167.9656270639919,1.0639236348131123,0,0,0,0
168.05222960437032,1.0628670458079368,0,0,0,0
168.1388321447488,1.061810456802761,0,0,0,0
168.22543468512723,1.060753867797586,0,0,0,0
168.31203722550566,1.0596972787924104,0,0,0,0
168.3986397658841,1.0586406897872354,0,0,0,0
168.48524230626256,1.0575841007820594,0,0,0,0
168.571844846641,1.0565275117768844,0,0,0,0
168.65844738701946,1.0554709227717087,0,0,0,0
168.74504992739787,1.0544143337665337,0,0,0,0
168.83165246777634,1.053357744761358,0,0,0,0
168.91825500815477,1.0523011557561825,0,0,0,0
169.00485754853324,1.0512445667510069,0,0,0,0
169.09146008891167,1.0501879777458318,0,0,0,0
169.1780626292901,1.0491313887406561,0,0,0,0
169.26466516966855,1.048074799735481,0,0,0,0
169.351267710047,1.0470182107303052,0,0,0,0
169.43787025042545,1.0459616217251302,0,0,0,0
169.52447279080388,1.0449050327199545,0,0,0,0
169.61107533118232,1.0438484437147793,0,0,0,0
169.69767787156078,1.0427918547096036,0,0,0,0
169.78428041193922,1.0417352657044283,0,0,0,0
169.87088295231766,1.0406786766992533,0,0,0,0
169.9574854926961,1.0396220876940778,0,0,0,0
170.04408803307456,1.038565498688902,0,0,0,0
170.130690573453,1.0375089096837269,0,0,0,0
170.21729311383143,1.0364523206785516,0,0,0,0
170.30389565420987,1.035395731673376,0,0,0,0
170.39049819458833,1.0343391426682003,0,0,0,0
170.47710073496677,1.0332825536630252,0,0,0,0
170.5637032753452,1.0322259646578495,0,0,0,0
170.65030581572364,1.0311693756526745,0,0,0,0
170.7369083561021,1.0301127866474986,0,0,0,0
170.82351089648054,1.0290561976423236,0,0,0,0
170.910113436859,1.0279996086371477,0,0,0,0
170.99671597723741,1.0269430196319729,0,0,0,0
171.08331851761588,1.025886430626797,0,0,0,0
171.16992105799432,1.024829841621622,0,0,0,0
171.25652359837278,1.0237732526164462,0,0,0,0
171.34312613875122,1.0227166636112708,0,0,0,0
171.42972867912965,1.0216600746060953,0,0,0,0
171.5163312195081,1.02060348560092,0,0,0,0
171.60293375988655,1.0195468965957444,0,0,0,0
171.689536300265,1.0184903075905691,0,0,0,0
171.77613884064343,1.0174337185853937,0,0,0,0
171.86274138102186,1.0163771295802186,0,0,0,0
171.94934392140033,1.0153205405750427,0,0,0,0
172.03594646177876,1.0142639515698675,0,0,0,0
172.1225490021572,1.013207362564692,0,0,0,0
172.20915154253564,1.012150773559517,0,0,0,0
172.2957540829141,1.0110941845543409,0,0,0,0
172.38235662329254,1.0100375955491656,0,0,0,0
172.46895916367097,1.0089810065439906,0,0,0,0
172.5555617040494,1.0079244175388153,0,0,0,0
172.64216424442787,1.0068678285336397,0,0,0,0
172.7287667848063,1.0058112395284642,0,0,0,0
172.81536932518475,1.0047546505232887,0,0,0,0
172.90197186556318,1.0036980615181137,0,0,0,0
172.98857440594165,1.0026414725129378,0,0,0,0
173.07517694632008,1.0015848835077623,0,0,0,0
173.16177948669855,1.000528294502587,0,0,0,0
