0.25000D-02,0.37496D-01,0.79914D-07,0.62388D-06,0.15939D-06,0.61157D-06,0.17682D-07,0.12094D-06,0.35388D-05,0.30779D-07,0.14736D-06,0.25157D-06,0.18855D-06,0.42068D-07,0.22595D-06,0.70747D-06,0.62732D-07,0.47062D-06,0.42479D-06,0.50135D-06,0.49128D-07,0.37822D-06,0.55966D-06
0.50000D-02,0.74973D-01,0.58436D-06,0.45622D-05,0.12510D-05,0.44729D-05,0.13932D-06,0.95619D-06,0.28909D-04,0.25922D-06,0.12289D-05,0.20731D-05,0.15710D-05,0.34704D-06,0.18626D-05,0.55930D-05,0.49952D-06,0.37590D-05,0.34168D-05,0.40019D-05,0.39562D-06,0.30490D-05,0.45401D-05
0.75000D-02,0.11239D+00,0.23418D-05,0.18290D-04,0.53378D-05,0.17935D-04,0.59640D-06,0.41077D-05,0.12696D-03,0.11768D-05,0.55253D-05,0.92231D-05,0.70567D-05,0.15454D-05,0.82904D-05,0.24038D-04,0.21598D-05,0.16298D-04,0.14901D-04,0.17338D-04,0.17274D-05,0.13325D-04,0.19942D-04
0.10000D-01,0.14968D+00,0.68154D-05,0.53260D-04,0.16430D-04,0.52233D-04,0.18410D-05,0.12725D-04,0.39835D-03,0.38271D-05,0.17799D-04,0.29432D-04,0.22709D-04,0.49357D-05,0.26470D-04,0.74540D-04,0.67312D-05,0.50919D-04,0.46782D-04,0.54129D-04,0.54303D-05,0.41918D-04,0.62990D-04
0.12500D-01,0.18675D+00,0.16118D-04,0.12606D-03,0.40869D-04,0.12364D-03,0.45910D-05,0.31844D-04,0.10018D-02,0.99986D-05,0.46068D-04,0.75540D-04,0.58717D-04,0.12678D-04,0.67979D-04,0.18682D-03,0.16944D-04,0.12845D-03,0.11850D-03,0.13644D-03,0.13774D-04,0.10638D-03,0.16038D-03
0.15000D-01,0.22345D+00,0.32884D-04,0.25744D-03,0.87299D-04,0.25253D-03,0.98286D-05,0.68411D-04,0.21480D-02,0.22320D-04,0.10190D-03,0.16583D-03,0.12974D-03,0.27851D-04,0.14934D-03,0.40216D-03,0.36610D-04,0.27807D-03,0.25744D-03,0.29513D-03,0.29965D-04,0.23153D-03,0.34991D-03
0.17500D-01,0.25965D+00,0.60045D-04,0.47058D-03,0.16623D-03,0.46165D-03,0.18752D-04,0.13098D-03,0.40803D-02,0.44224D-04,0.20010D-03,0.32345D-03,0.25449D-03,0.54358D-04,0.29149D-03,0.77179D-03,0.70491D-04,0.53631D-03,0.49800D-03,0.56875D-03,0.58054D-04,0.44865D-03,0.67935D-03
0.20000D-01,0.29517D+00,0.10056D-03,0.78900D-03,0.28933D-03,0.77410D-03,0.32697D-04,0.22917D-03,0.70463D-02,0.79796D-04,0.35790D-03,0.57502D-03,0.45467D-03,0.96694D-04,0.51861D-03,0.13540D-02,0.12403D-03,0.94499D-03,0.87974D-03,0.10013D-02,0.10272D-03,0.79389D-03,0.12038D-02
0.22500D-01,0.32988D+00,0.15715D-03,0.12346D-02,0.46857D-03,0.12114D-02,0.53036D-04,0.37298D-03,0.11269D-01,0.13353D-03,0.59382D-03,0.94884D-03,0.75349D-03,0.15965D-03,0.85645D-03,0.22100D-02,0.20301D-03,0.15486D-02,0.14448D-02,0.16395D-02,0.16898D-03,0.13059D-02,0.19821D-02
0.25000D-01,0.36361D+00,0.23214D-03,0.18261D-02,0.71540D-03,0.17918D-02,0.81093D-04,0.57220D-03,0.16920D-01,0.21007D-03,0.92639D-03,0.14730D-02,0.11741D-02,0.24798D-03,0.13307D-02,0.34008D-02,0.31320D-03,0.23913D-02,0.22355D-02,0.25296D-02,0.26190D-03,0.20236D-02,0.30731D-02
0.27500D-01,0.39626D+00,0.32729D-03,0.25780D-02,0.10401D-02,0.25297D-02,0.11806D-03,0.83573D-03,0.24106D-01,0.31391D-03,0.13730D-02,0.21735D-02,0.17381D-02,0.36612D-03,0.19652D-02,0.49827D-02,0.46002D-03,0.35150D-02,0.32913D-02,0.37150D-02,0.38632D-03,0.29838D-02,0.45323D-02
0.30000D-01,0.42771D+00,0.44376D-03,0.35002D-02,0.14514D-02,0.34347D-02,0.16494D-03,0.11713D-02,0.32859D-01,0.44919D-03,0.19491D-02,0.30732D-02,0.24643D-02,0.51798D-03,0.27811D-02,0.70055D-02,0.64832D-03,0.49564D-02,0.46479D-02,0.52341D-02,0.54661D-03,0.42196D-02,0.64091D-02
0.32500D-01,0.45791D+00,0.58213D-03,0.45979D-02,0.19558D-02,0.45120D-02,0.22253D-03,0.15851D-02,0.43141D-01,0.61952D-03,0.26672D-02,0.41907D-02,0.33681D-02,0.70675D-03,0.37957D-02,0.95103D-02,0.88223D-03,0.67468D-02,0.63350D-02,0.71189D-02,0.74653D-03,0.57591D-02,0.87447D-02
0.35000D-01,0.48679D+00,0.74246D-03,0.58722D-02,0.25582D-02,0.57625D-02,0.29140D-03,0.20818D-02,0.54852D-01,0.82785D-03,0.35370D-02,0.55399D-02,0.44609D-02,0.93489D-03,0.50223D-02,0.12529D-01,0.11650D-02,0.89104D-02,0.83761D-02,0.93941D-02,0.98915D-03,0.76248D-02,0.11571D-01
0.37500D-01,0.51434D+00,0.92432D-03,0.73204D-02,0.32614D-02,0.71836D-02,0.37189D-03,0.26643D-02,0.67844D-01,0.10765D-02,0.45650D-02,0.71302D-02,0.57502D-02,0.12041D-02,0.64697D-02,0.16082D-01,0.14991D-02,0.11465D-01,0.10788D-01,0.12077D-01,0.12768D-02,0.98330D-02,0.14911D-01
0.40000D-01,0.54055D+00,0.11270D-02,0.89370D-02,0.40663D-02,0.87700D-02,0.46415D-03,0.33343D-02,0.81936D-01,0.13670D-02,0.57545D-02,0.89666D-02,0.72397D-02,0.15153D-02,0.81431D-02,0.20183D-01,0.18861D-02,0.14420D-01,0.13582D-01,0.15179D-01,0.16112D-02,0.12395D-01,0.18778D-01
0.42500D-01,0.56544D+00,0.13494D-02,0.10714D-01,0.49726D-02,0.10514D-01,0.56815D-03,0.40921D-02,0.96928D-01,0.17003D-02,0.71065D-02,0.11050D-01,0.89295D-02,0.18688D-02,0.10044D-01,0.24836D-01,0.23268D-02,0.17782D-01,0.16762D-01,0.18703D-01,0.19932D-02,0.15315D-01,0.23177D-01
0.45000D-01,0.58903D+00,0.15903D-02,0.12643D-01,0.59785D-02,0.12407D-01,0.68375D-03,0.49368D-02,0.11262D+00,0.20767D-02,0.86193D-02,0.13378D-01,0.10817D-01,0.22643D-02,0.12170D-01,0.30036D-01,0.28216D-02,0.21550D-01,0.20329D-01,0.22648D-01,0.24233D-02,0.18596D-01,0.28105D-01
0.47500D-01,0.61137D+00,0.18485D-02,0.14713D-01,0.70813D-02,0.14438D-01,0.81065D-03,0.58669D-02,0.12880D+00,0.24963D-02,0.10289D-01,0.15946D-01,0.12897D-01,0.27013D-02,0.14519D-01,0.35775D-01,0.33700D-02,0.25718D-01,0.24277D-01,0.27008D-01,0.29014D-02,0.22232D-01,0.33554D-01
0.50000D-01,0.63250D+00,0.21226D-02,0.16914D-01,0.82777D-02,0.16597D-01,0.94851D-03,0.68798D-02,0.14530D+00,0.29583D-02,0.12111D-01,0.18745D-01,0.15162D-01,0.31786D-02,0.17082D-01,0.42037D-01,0.39712D-02,0.30278D-01,0.28599D-01,0.31773D-01,0.34269D-02,0.26218D-01,0.39510D-01
0.52500D-01,0.65247D+00,0.24112D-02,0.19235D-01,0.95638D-02,0.18873D-01,0.10969D-02,0.79727D-02,0.16194D+00,0.34619D-02,0.14079D-01,0.21769D-01,0.17603D-01,0.36949D-02,0.19853D-01,0.48803D-01,0.46243D-02,0.35217D-01,0.33284D-01,0.36930D-01,0.39991D-02,0.30545D-01,0.45954D-01
0.55000D-01,0.67133D+00,0.27131D-02,0.21666D-01,0.10935D-01,0.21257D-01,0.12554D-02,0.91424D-02,0.17859D+00,0.40061D-02,0.16185D-01,0.25005D-01,0.20212D-01,0.42488D-02,0.22824D-01,0.56051D-01,0.53276D-02,0.40522D-01,0.38318D-01,0.42462D-01,0.46169D-02,0.35201D-01,0.52866D-01
0.57500D-01,0.68915D+00,0.30271D-02,0.24196D-01,0.12388D-01,0.23739D-01,0.14234D-02,0.10385D-01,0.19510D+00,0.45893D-02,0.18422D-01,0.28444D-01,0.22978D-01,0.48386D-02,0.25983D-01,0.63756D-01,0.60797D-02,0.46177D-01,0.43687D-01,0.48354D-01,0.52790D-02,0.40172D-01,0.60221D-01
0.60000D-01,0.70597D+00,0.33519D-02,0.26816D-01,0.13916D-01,0.26308D-01,0.16006D-02,0.11698D-01,0.21140D+00,0.52103D-02,0.20781D-01,0.32075D-01,0.25890D-01,0.54626D-02,0.29322D-01,0.71893D-01,0.68787D-02,0.52165D-01,0.49375D-01,0.54587D-01,0.59840D-02,0.45446D-01,0.67995D-01
0.62500D-01,0.72185D+00,0.36865D-02,0.29517D-01,0.15517D-01,0.28957D-01,0.17863D-02,0.13077D-01,0.22738D+00,0.58674D-02,0.23254D-01,0.35886D-01,0.28937D-01,0.61193D-02,0.32831D-01,0.80436D-01,0.77230D-02,0.58468D-01,0.55365D-01,0.61142D-01,0.67303D-02,0.51008D-01,0.76161D-01
0.65000D-01,0.73685D+00,0.40299D-02,0.32292D-01,0.17185D-01,0.31678D-01,0.19803D-02,0.14518D-01,0.24299D+00,0.65590D-02,0.25834D-01,0.39865D-01,0.32109D-01,0.68068D-02,0.36499D-01,0.89356D-01,0.86106D-02,0.65068D-01,0.61642D-01,0.68000D-01,0.75166D-02,0.56841D-01,0.84693D-01
0.67500D-01,0.75100D+00,0.43813D-02,0.35131D-01,0.18917D-01,0.34462D-01,0.21818D-02,0.16019D-01,0.25819D+00,0.72837D-02,0.28511D-01,0.44002D-01,0.35396D-01,0.75235D-02,0.40316D-01,0.98628D-01,0.95396D-02,0.71948D-01,0.68187D-01,0.75142D-01,0.83411D-02,0.62932D-01,0.93565D-01
0.70000D-01,0.76437D+00,0.47398D-02,0.38030D-01,0.20708D-01,0.37303D-01,0.23907D-02,0.17574D-01,0.27294D+00,0.80397D-02,0.31278D-01,0.48287D-01,0.38787D-01,0.82678D-02,0.44273D-01,0.10822D+00,0.10508D-01,0.79090D-01,0.74985D-01,0.82550D-01,0.92023D-02,0.69266D-01,0.10275D+00
0.72500D-01,0.77700D+00,0.51048D-02,0.40980D-01,0.22554D-01,0.40196D-01,0.26063D-02,0.19182D-01,0.28721D+00,0.88256D-02,0.34128D-01,0.52708D-01,0.42273D-01,0.90382D-02,0.48360D-01,0.11812D+00,0.11515D-01,0.86476D-01,0.82019D-01,0.90204D-01,0.10099D-01,0.75827D-01,0.11222D+00
0.75000D-01,0.78892D+00,0.54754D-02,0.43977D-01,0.24452D-01,0.43134D-01,0.28284D-02,0.20839D-01,0.30100D+00,0.96398D-02,0.37053D-01,0.57255D-01,0.45844D-01,0.98332D-02,0.52569D-01,0.12829D+00,0.12558D-01,0.94090D-01,0.89274D-01,0.98087D-01,0.11029D-01,0.82600D-01,0.12196D+00
0.77500D-01,0.80019D+00,0.58513D-02,0.47016D-01,0.26398D-01,0.46112D-01,0.30565D-02,0.22542D-01,0.31431D+00,0.10481D-01,0.40045D-01,0.61921D-01,0.49492D-01,0.10651D-01,0.56891D-01,0.13871D+00,0.13635D-01,0.10191D+00,0.96733D-01,0.10618D+00,0.11991D-01,0.89573D-01,0.13193D+00
0.80000D-01,0.81084D+00,0.62318D-02,0.50091D-01,0.28389D-01,0.49126D-01,0.32902D-02,0.24288D-01,0.32714D+00,0.11348D-01,0.43099D-01,0.66694D-01,0.53208D-01,0.11492D-01,0.61317D-01,0.14935D+00,0.14745D-01,0.10993D+00,0.10438D+00,0.11447D+00,0.12984D-01,0.96730D-01,0.14212D+00
0.82500D-01,0.82090D+00,0.66166D-02,0.53199D-01,0.30422D-01,0.52172D-01,0.35293D-02,0.26074D-01,0.33949D+00,0.12238D-01,0.46209D-01,0.71567D-01,0.56985D-01,0.12352D-01,0.65840D-01,0.16019D+00,0.15886D-01,0.11813D+00,0.11221D+00,0.12294D+00,0.14007D-01,0.10406D+00,0.15251D+00
0.85000D-01,0.83041D+00,0.70050D-02,0.56336D-01,0.32494D-01,0.55247D-01,0.37734D-02,0.27898D-01,0.35137D+00,0.13152D-01,0.49367D-01,0.76532D-01,0.60814D-01,0.13232D-01,0.70453D-01,0.17122D+00,0.17057D-01,0.12650D+00,0.12019D+00,0.13157D+00,0.15058D-01,0.11155D+00,0.16306D+00
0.87500D-01,0.83940D+00,0.73969D-02,0.59498D-01,0.34601D-01,0.58346D-01,0.40222D-02,0.29757D-01,0.36280D+00,0.14087D-01,0.52569D-01,0.81581D-01,0.64690D-01,0.14131D-01,0.75148D-01,0.18241D+00,0.18256D-01,0.13501D+00,0.12833D+00,0.14035D+00,0.16136D-01,0.11918D+00,0.17377D+00
0.90000D-01,0.84791D+00,0.77919D-02,0.62682D-01,0.36743D-01,0.61466D-01,0.42754D-02,0.31649D-01,0.37379D+00,0.15043D-01,0.55810D-01,0.86707D-01,0.68605D-01,0.15046D-01,0.79918D-01,0.19374D+00,0.19482D-01,0.14367D+00,0.13660D+00,0.14926D+00,0.17239D-01,0.12696D+00,0.18461D+00
0.92500D-01,0.85595D+00,0.81896D-02,0.65886D-01,0.38915D-01,0.64606D-01,0.45328D-02,0.33572D-01,0.38436D+00,0.16018D-01,0.59084D-01,0.91903D-01,0.72554D-01,0.15978D-01,0.84759D-01,0.20519D+00,0.20734D-01,0.15244D+00,0.14499D+00,0.15830D+00,0.18367D-01,0.13485D+00,0.19557D+00
0.95000D-01,0.86356D+00,0.85899D-02,0.69106D-01,0.41116D-01,0.67762D-01,0.47941D-02,0.35523D-01,0.39452D+00,0.17012D-01,0.62387D-01,0.97162D-01,0.76531D-01,0.16925D-01,0.89663D-01,0.21674D+00,0.22010D-01,0.16133D+00,0.15350D+00,0.16745D+00,0.19519D-01,0.14286D+00,0.20662D+00
0.97500D-01,0.87076D+00,0.89924D-02,0.72341D-01,0.43344D-01,0.70932D-01,0.50591D-02,0.37501D-01,0.40430D+00,0.18023D-01,0.65714D-01,0.10248D+00,0.80530D-01,0.17887D-01,0.94625D-01,0.22839D+00,0.23309D-01,0.17033D+00,0.16211D+00,0.17669D+00,0.20693D-01,0.15097D+00,0.21775D+00
0.10000D+00,0.87757D+00,0.93969D-02,0.75589D-01,0.45596D-01,0.74114D-01,0.53275D-02,0.39504D-01,0.41370D+00,0.19050D-01,0.69062D-01,0.10785D+00,0.84547D-01,0.18862D-01,0.99640D-01,0.24010D+00,0.24631D-01,0.17941D+00,0.17081D+00,0.18601D+00,0.21888D-01,0.15918D+00,0.22895D+00
0.10250D+00,0.88402D+00,0.98033D-02,0.78846D-01,0.47871D-01,0.77306D-01,0.55992D-02,0.41530D-01,0.42275D+00,0.20093D-01,0.72426D-01,0.11326D+00,0.88577D-01,0.19850D-01,0.10470D+00,0.25187D+00,0.25973D-01,0.18857D+00,0.17959D+00,0.19541D+00,0.23104D-01,0.16747D+00,0.24019D+00
0.10500D+00,0.89012D+00,0.10211D-01,0.82113D-01,0.50168D-01,0.80507D-01,0.58740D-02,0.43577D-01,0.43145D+00,0.21150D-01,0.75804D-01,0.11872D+00,0.92615D-01,0.20850D-01,0.10981D+00,0.26369D+00,0.27336D-01,0.19780D+00,0.18844D+00,0.20487D+00,0.24340D-01,0.17584D+00,0.25147D+00
0.10750D+00,0.89590D+00,0.10621D-01,0.85386D-01,0.52483D-01,0.83715D-01,0.61516D-02,0.45644D-01,0.43984D+00,0.22222D-01,0.79191D-01,0.12421D+00,0.96658D-01,0.21861D-01,0.11495D+00,0.27553D+00,0.28718D-01,0.20709D+00,0.19736D+00,0.21439D+00,0.25594D-01,0.18428D+00,0.26278D+00
0.11000D+00,0.90137D+00,0.11032D-01,0.88666D-01,0.54816D-01,0.86929D-01,0.64320D-02,0.47730D-01,0.44792D+00,0.23307D-01,0.82585D-01,0.12973D+00,0.10070D+00,0.22883D-01,0.12013D+00,0.28739D+00,0.30118D-01,0.21643D+00,0.20633D+00,0.22395D+00,0.26866D-01,0.19277D+00,0.27410D+00
0.11250D+00,0.90654D+00,0.11444D-01,0.91949D-01,0.57165D-01,0.90147D-01,0.67148D-02,0.49833D-01,0.45570D+00,0.24404D-01,0.85983D-01,0.13529D+00,0.10474D+00,0.23915D-01,0.12534D+00,0.29926D+00,0.31535D-01,0.22581D+00,0.21535D+00,0.23355D+00,0.28156D-01,0.20132D+00,0.28541D+00
0.11500D+00,0.91145D+00,0.11857D-01,0.95236D-01,0.59529D-01,0.93369D-01,0.70001D-02,0.51951D-01,0.46321D+00,0.25513D-01,0.89382D-01,0.14086D+00,0.10878D+00,0.24956D-01,0.13058D+00,0.31112D+00,0.32969D-01,0.23523D+00,0.22441D+00,0.24317D+00,0.29462D-01,0.20991D+00,0.29672D+00
0.11750D+00,0.91609D+00,0.12272D-01,0.98525D-01,0.61907D-01,0.96592D-01,0.72876D-02,0.54084D-01,0.47045D+00,0.26633D-01,0.92779D-01,0.14646D+00,0.11281D+00,0.26006D-01,0.13584D+00,0.32296D+00,0.34419D-01,0.24467D+00,0.23349D+00,0.25282D+00,0.30784D-01,0.21854D+00,0.30800D+00
0.12000D+00,0.92049D+00,0.12687D-01,0.10181D+00,0.64297D-01,0.99816D-01,0.75772D-02,0.56230D-01,0.47743D+00,0.27763D-01,0.96173D-01,0.15207D+00,0.11682D+00,0.27065D-01,0.14111D+00,0.33477D+00,0.35884D-01,0.25413D+00,0.24261D+00,0.26247D+00,0.32121D-01,0.22720D+00,0.31925D+00
0.12250D+00,0.92465D+00,0.13103D-01,0.10510D+00,0.66697D-01,0.10304D+00,0.78688D-02,0.58388D-01,0.48418D+00,0.28904D-01,0.99560D-01,0.15769D+00,0.12082D+00,0.28131D-01,0.14641D+00,0.34655D+00,0.37363D-01,0.26360D+00,0.25174D+00,0.27213D+00,0.33473D-01,0.23589D+00,0.33046D+00
0.12500D+00,0.92860D+00,0.13520D-01,0.10839D+00,0.69108D-01,0.10627D+00,0.81622D-02,0.60558D-01,0.49069D+00,0.30054D-01,0.10294D+00,0.16332D+00,0.12480D+00,0.29205D-01,0.15172D+00,0.35828D+00,0.38855D-01,0.27308D+00,0.26088D+00,0.28178D+00,0.34838D-01,0.24459D+00,0.34162D+00
0.12750D+00,0.93234D+00,0.13937D-01,0.11168D+00,0.71528D-01,0.10949D+00,0.84574D-02,0.62738D-01,0.49699D+00,0.31213D-01,0.10631D+00,0.16896D+00,0.12877D+00,0.30286D-01,0.15704D+00,0.36995D+00,0.40361D-01,0.28256D+00,0.27003D+00,0.29142D+00,0.36217D-01,0.25331D+00,0.35273D+00
0.13000D+00,0.93588D+00,0.14355D-01,0.11497D+00,0.73955D-01,0.11271D+00,0.87542D-02,0.64927D-01,0.50308D+00,0.32380D-01,0.10967D+00,0.17460D+00,0.13271D+00,0.31373D-01,0.16236D+00,0.38157D+00,0.41879D-01,0.29202D+00,0.27917D+00,0.30105D+00,0.37609D-01,0.26203D+00,0.36377D+00
0.13250D+00,0.93923D+00,0.14774D-01,0.11825D+00,0.76390D-01,0.11593D+00,0.90526D-02,0.67124D-01,0.50898D+00,0.33555D-01,0.11301D+00,0.18024D+00,0.13663D+00,0.32466D-01,0.16770D+00,0.39312D+00,0.43408D-01,0.30148D+00,0.28832D+00,0.31066D+00,0.39012D-01,0.27076D+00,0.37474D+00
0.13500D+00,0.94241D+00,0.15193D-01,0.12153D+00,0.78831D-01,0.11914D+00,0.93524D-02,0.69329D-01,0.51468D+00,0.34738D-01,0.11634D+00,0.18588D+00,0.14053D+00,0.33565D-01,0.17303D+00,0.40459D+00,0.44949D-01,0.31091D+00,0.29745D+00,0.32024D+00,0.40428D-01,0.27949D+00,0.38563D+00
0.13750D+00,0.94543D+00,0.15613D-01,0.12480D+00,0.81277D-01,0.12235D+00,0.96536D-02,0.71541D-01,0.52021D+00,0.35928D-01,0.11965D+00,0.19152D+00,0.14440D+00,0.34670D-01,0.17837D+00,0.41598D+00,0.46500D-01,0.32033D+00,0.30656D+00,0.32979D+00,0.41855D-01,0.28821D+00,0.39644D+00
0.14000D+00,0.94828D+00,0.16033D-01,0.12807D+00,0.83728D-01,0.12556D+00,0.99560D-02,0.73759D-01,0.52556D+00,0.37124D-01,0.12295D+00,0.19715D+00,0.14824D+00,0.35779D-01,0.18370D+00,0.42728D+00,0.48062D-01,0.32971D+00,0.31566D+00,0.33930D+00,0.43292D-01,0.29692D+00,0.40717D+00
0.14250D+00,0.95099D+00,0.16453D-01,0.13134D+00,0.86182D-01,0.12876D+00,0.10260D-01,0.75982D-01,0.53076D+00,0.38327D-01,0.12622D+00,0.20277D+00,0.15205D+00,0.36893D-01,0.18903D+00,0.43848D+00,0.49633D-01,0.33906D+00,0.32473D+00,0.34877D+00,0.44740D-01,0.30561D+00,0.41780D+00
0.14500D+00,0.95356D+00,0.16874D-01,0.13460D+00,0.88640D-01,0.13196D+00,0.10564D-01,0.78210D-01,0.53580D+00,0.39535D-01,0.12948D+00,0.20838D+00,0.15583D+00,0.38012D-01,0.19435D+00,0.44959D+00,0.51214D-01,0.34837D+00,0.33377D+00,0.35819D+00,0.46198D-01,0.31429D+00,0.42833D+00
0.14750D+00,0.95599D+00,0.17294D-01,0.13785D+00,0.91100D-01,0.13515D+00,0.10870D-01,0.80442D-01,0.54069D+00,0.40749D-01,0.13271D+00,0.21398D+00,0.15958D+00,0.39135D-01,0.19967D+00,0.46059D+00,0.52803D-01,0.35764D+00,0.34278D+00,0.36756D+00,0.47665D-01,0.32294D+00,0.43876D+00
0.15000D+00,0.95830D+00,0.17716D-01,0.14110D+00,0.93562D-01,0.13833D+00,0.11177D-01,0.82678D-01,0.54543D+00,0.41969D-01,0.13592D+00,0.21956D+00,0.16330D+00,0.40261D-01,0.20498D+00,0.47149D+00,0.54400D-01,0.36686D+00,0.35176D+00,0.37688D+00,0.49141D-01,0.33156D+00,0.44908D+00
0.15250D+00,0.96048D+00,0.18137D-01,0.14434D+00,0.96026D-01,0.14151D+00,0.11485D-01,0.84917D-01,0.55005D+00,0.43193D-01,0.13911D+00,0.22512D+00,0.16698D+00,0.41392D-01,0.21028D+00,0.48227D+00,0.56006D-01,0.37603D+00,0.36069D+00,0.38614D+00,0.50627D-01,0.34015D+00,0.45930D+00
0.15500D+00,0.96255D+00,0.18559D-01,0.14757D+00,0.98490D-01,0.14469D+00,0.11793D-01,0.87159D-01,0.55454D+00,0.44422D-01,0.14227D+00,0.23067D+00,0.17063D+00,0.42525D-01,0.21556D+00,0.49294D+00,0.57618D-01,0.38515D+00,0.36958D+00,0.39533D+00,0.52120D-01,0.34871D+00,0.46940D+00
0.15750D+00,0.96452D+00,0.18980D-01,0.15080D+00,0.10096D+00,0.14785D+00,0.12102D-01,0.89402D-01,0.55890D+00,0.45656D-01,0.14541D+00,0.23620D+00,0.17424D+00,0.43662D-01,0.22083D+00,0.50349D+00,0.59238D-01,0.39421D+00,0.37842D+00,0.40446D+00,0.53622D-01,0.35723D+00,0.47938D+00
0.16000D+00,0.96638D+00,0.19402D-01,0.15402D+00,0.10342D+00,0.15101D+00,0.12413D-01,0.91648D-01,0.56315D+00,0.46893D-01,0.14852D+00,0.24171D+00,0.17782D+00,0.44802D-01,0.22609D+00,0.51391D+00,0.60865D-01,0.40321D+00,0.38721D+00,0.41352D+00,0.55131D-01,0.36571D+00,0.48925D+00
0.16250D+00,0.96815D+00,0.19824D-01,0.15723D+00,0.10588D+00,0.15416D+00,0.12723D-01,0.93894D-01,0.56728D+00,0.48135D-01,0.15161D+00,0.24719D+00,0.18136D+00,0.45945D-01,0.23133D+00,0.52421D+00,0.62498D-01,0.41215D+00,0.39595D+00,0.42252D+00,0.56648D-01,0.37415D+00,0.49900D+00
0.16500D+00,0.96982D+00,0.20246D-01,0.16043D+00,0.10835D+00,0.15730D+00,0.13035D-01,0.96141D-01,0.57131D+00,0.49380D-01,0.15467D+00,0.25265D+00,0.18486D+00,0.47090D-01,0.23655D+00,0.53439D+00,0.64137D-01,0.42102D+00,0.40464D+00,0.43143D+00,0.58172D-01,0.38255D+00,0.50862D+00
0.16750D+00,0.97141D+00,0.20668D-01,0.16362D+00,0.11081D+00,0.16044D+00,0.13347D-01,0.98389D-01,0.57524D+00,0.50628D-01,0.15770D+00,0.25809D+00,0.18832D+00,0.48238D-01,0.24175D+00,0.54443D+00,0.65782D-01,0.42983D+00,0.41326D+00,0.44027D+00,0.59702D-01,0.39089D+00,0.51812D+00
0.17000D+00,0.97292D+00,0.21091D-01,0.16681D+00,0.11327D+00,0.16357D+00,0.13660D-01,0.10064D+00,0.57907D+00,0.51880D-01,0.16071D+00,0.26350D+00,0.19175D+00,0.49387D-01,0.24693D+00,0.55434D+00,0.67432D-01,0.43856D+00,0.42183D+00,0.44903D+00,0.61240D-01,0.39919D+00,0.52749D+00
0.17250D+00,0.97435D+00,0.21513D-01,0.16999D+00,0.11573D+00,0.16669D+00,0.13973D-01,0.10288D+00,0.58281D+00,0.53135D-01,0.16369D+00,0.26888D+00,0.19513D+00,0.50539D-01,0.25209D+00,0.56411D+00,0.69088D-01,0.44722D+00,0.43033D+00,0.45771D+00,0.62783D-01,0.40743D+00,0.53674D+00
0.17500D+00,0.97570D+00,0.21935D-01,0.17316D+00,0.11818D+00,0.16980D+00,0.14287D-01,0.10513D+00,0.58645D+00,0.54392D-01,0.16663D+00,0.27424D+00,0.19848D+00,0.51693D-01,0.25723D+00,0.57375D+00,0.70748D-01,0.45580D+00,0.43877D+00,0.46631D+00,0.64332D-01,0.41562D+00,0.54585D+00
0.17750D+00,0.97699D+00,0.22357D-01,0.17632D+00,0.12064D+00,0.17290D+00,0.14601D-01,0.10738D+00,0.59002D+00,0.55652D-01,0.16955D+00,0.27956D+00,0.20179D+00,0.52849D-01,0.26235D+00,0.58325D+00,0.72413D-01,0.46431D+00,0.44714D+00,0.47482D+00,0.65888D-01,0.42375D+00,0.55484D+00
0.18000D+00,0.97821D+00,0.22780D-01,0.17947D+00,0.12309D+00,0.17600D+00,0.14916D-01,0.10962D+00,0.59350D+00,0.56914D-01,0.17244D+00,0.28486D+00,0.20505D+00,0.54006D-01,0.26744D+00,0.59262D+00,0.74082D-01,0.47274D+00,0.45544D+00,0.48324D+00,0.67448D-01,0.43182D+00,0.56370D+00
0.18250D+00,0.97936D+00,0.23202D-01,0.18261D+00,0.12554D+00,0.17908D+00,0.15231D-01,0.11187D+00,0.59690D+00,0.58179D-01,0.17530D+00,0.29013D+00,0.20828D+00,0.55165D-01,0.27251D+00,0.60184D+00,0.75755D-01,0.48108D+00,0.46367D+00,0.49158D+00,0.69014D-01,0.43983D+00,0.57242D+00
0.18500D+00,0.98046D+00,0.23624D-01,0.18574D+00,0.12798D+00,0.18216D+00,0.15546D-01,0.11411D+00,0.60023D+00,0.59446D-01,0.17813D+00,0.29536D+00,0.21147D+00,0.56325D-01,0.27755D+00,0.61092D+00,0.77433D-01,0.48935D+00,0.47183D+00,0.49982D+00,0.70585D-01,0.44778D+00,0.58102D+00
0.18750D+00,0.98150D+00,0.24047D-01,0.18886D+00,0.13042D+00,0.18523D+00,0.15862D-01,0.11635D+00,0.60349D+00,0.60715D-01,0.18093D+00,0.30056D+00,0.21461D+00,0.57486D-01,0.28256D+00,0.61986D+00,0.79113D-01,0.49752D+00,0.47992D+00,0.50798D+00,0.72161D-01,0.45566D+00,0.58948D+00
0.19000D+00,0.98249D+00,0.24469D-01,0.19198D+00,0.13286D+00,0.18828D+00,0.16178D-01,0.11859D+00,0.60667D+00,0.61985D-01,0.18370D+00,0.30573D+00,0.21772D+00,0.58649D-01,0.28755D+00,0.62866D+00,0.80797D-01,0.50562D+00,0.48793D+00,0.51604D+00,0.73741D-01,0.46348D+00,0.59781D+00
0.19250D+00,0.98342D+00,0.24891D-01,0.19508D+00,0.13529D+00,0.19133D+00,0.16495D-01,0.12083D+00,0.60979D+00,0.63258D-01,0.18644D+00,0.31087D+00,0.22078D+00,0.59813D-01,0.29251D+00,0.63732D+00,0.82484D-01,0.51362D+00,0.49586D+00,0.52400D+00,0.75326D-01,0.47123D+00,0.60601D+00
0.19500D+00,0.98431D+00,0.25313D-01,0.19818D+00,0.13772D+00,0.19437D+00,0.16812D-01,0.12306D+00,0.61285D+00,0.64532D-01,0.18915D+00,0.31597D+00,0.22381D+00,0.60977D-01,0.29744D+00,0.64584D+00,0.84175D-01,0.52154D+00,0.50372D+00,0.53188D+00,0.76914D-01,0.47891D+00,0.61407D+00
0.19750D+00,0.98515D+00,0.25735D-01,0.20126D+00,0.14015D+00,0.19741D+00,0.17129D-01,0.12529D+00,0.61585D+00,0.65807D-01,0.19183D+00,0.32104D+00,0.22679D+00,0.62143D-01,0.30234D+00,0.65421D+00,0.85867D-01,0.52937D+00,0.51149D+00,0.53965D+00,0.78507D-01,0.48653D+00,0.62201D+00
0.20000D+00,0.98595D+00,0.26157D-01,0.20433D+00,0.14257D+00,0.20043D+00,0.17446D-01,0.12752D+00,0.61879D+00,0.67083D-01,0.19447D+00,0.32607D+00,0.22973D+00,0.63309D-01,0.30721D+00,0.66244D+00,0.87563D-01,0.53710D+00,0.51919D+00,0.54733D+00,0.80104D-01,0.49407D+00,0.62981D+00
0.20250D+00,0.98671D+00,0.26579D-01,0.20740D+00,0.14498D+00,0.20344D+00,0.17764D-01,0.12975D+00,0.62167D+00,0.68361D-01,0.19709D+00,0.33106D+00,0.23263D+00,0.64477D-01,0.31206D+00,0.67053D+00,0.89261D-01,0.54475D+00,0.52681D+00,0.55491D+00,0.81704D-01,0.50155D+00,0.63748D+00
0.20500D+00,0.98742D+00,0.27001D-01,0.21045D+00,0.14739D+00,0.20644D+00,0.18082D-01,0.13197D+00,0.62450D+00,0.69640D-01,0.19967D+00,0.33602D+00,0.23550D+00,0.65645D-01,0.31687D+00,0.67847D+00,0.90961D-01,0.55231D+00,0.53434D+00,0.56240D+00,0.83308D-01,0.50895D+00,0.64503D+00
0.20750D+00,0.98811D+00,0.27423D-01,0.21350D+00,0.14980D+00,0.20944D+00,0.18400D-01,0.13420D+00,0.62728D+00,0.70920D-01,0.20223D+00,0.34095D+00,0.23832D+00,0.66813D-01,0.32165D+00,0.68627D+00,0.92663D-01,0.55977D+00,0.54179D+00,0.56979D+00,0.84915D-01,0.51627D+00,0.65244D+00
0.21000D+00,0.98875D+00,0.27844D-01,0.21653D+00,0.15220D+00,0.21242D+00,0.18718D-01,0.13641D+00,0.63000D+00,0.72201D-01,0.20475D+00,0.34583D+00,0.24110D+00,0.67982D-01,0.32640D+00,0.69394D+00,0.94367D-01,0.56714D+00,0.54916D+00,0.57707D+00,0.86525D-01,0.52352D+00,0.65972D+00
0.21250D+00,0.98936D+00,0.28266D-01,0.21956D+00,0.15460D+00,0.21539D+00,0.19037D-01,0.13863D+00,0.63268D+00,0.73483D-01,0.20725D+00,0.35068D+00,0.24384D+00,0.69152D-01,0.33112D+00,0.70146D+00,0.96072D-01,0.57442D+00,0.55644D+00,0.58426D+00,0.88138D-01,0.53070D+00,0.66688D+00
0.21500D+00,0.98994D+00,0.28687D-01,0.22257D+00,0.15699D+00,0.21836D+00,0.19356D-01,0.14084D+00,0.63531D+00,0.74765D-01,0.20971D+00,0.35549D+00,0.24654D+00,0.70322D-01,0.33580D+00,0.70884D+00,0.97779D-01,0.58160D+00,0.56364D+00,0.59135D+00,0.89754D-01,0.53780D+00,0.67391D+00
0.21750D+00,0.99049D+00,0.29109D-01,0.22557D+00,0.15937D+00,0.22131D+00,0.19674D-01,0.14305D+00,0.63790D+00,0.76048D-01,0.21214D+00,0.36026D+00,0.24920D+00,0.71492D-01,0.34046D+00,0.71608D+00,0.99488D-01,0.58869D+00,0.57075D+00,0.59834D+00,0.91373D-01,0.54483D+00,0.68081D+00
0.22000D+00,0.99101D+00,0.29530D-01,0.22857D+00,0.16175D+00,0.22426D+00,0.19993D-01,0.14525D+00,0.64044D+00,0.77331D-01,0.21455D+00,0.36500D+00,0.25183D+00,0.72663D-01,0.34508D+00,0.72319D+00,0.10120D+00,0.59568D+00,0.57778D+00,0.60524D+00,0.92994D-01,0.55178D+00,0.68759D+00
0.22250D+00,0.99151D+00,0.29951D-01,0.23155D+00,0.16413D+00,0.22719D+00,0.20313D-01,0.14745D+00,0.64294D+00,0.78615D-01,0.21692D+00,0.36969D+00,0.25441D+00,0.73834D-01,0.34966D+00,0.73015D+00,0.10291D+00,0.60258D+00,0.58472D+00,0.61203D+00,0.94617D-01,0.55865D+00,0.69425D+00
0.22500D+00,0.99198D+00,0.30372D-01,0.23452D+00,0.16650D+00,0.23012D+00,0.20632D-01,0.14965D+00,0.64540D+00,0.79900D-01,0.21926D+00,0.37435D+00,0.25696D+00,0.75005D-01,0.35421D+00,0.73699D+00,0.10462D+00,0.60939D+00,0.59158D+00,0.61872D+00,0.96243D-01,0.56544D+00,0.70078D+00
0.22750D+00,0.99242D+00,0.30793D-01,0.23748D+00,0.16886D+00,0.23303D+00,0.20952D-01,0.15184D+00,0.64782D+00,0.81185D-01,0.22158D+00,0.37896D+00,0.25946D+00,0.76177D-01,0.35873D+00,0.74368D+00,0.10633D+00,0.61610D+00,0.59835D+00,0.62532D+00,0.97871D-01,0.57216D+00,0.70719D+00
0.23000D+00,0.99284D+00,0.31214D-01,0.24044D+00,0.17122D+00,0.23594D+00,0.21271D-01,0.15403D+00,0.65021D+00,0.82470D-01,0.22386D+00,0.38354D+00,0.26193D+00,0.77348D-01,0.36322D+00,0.75024D+00,0.10805D+00,0.62272D+00,0.60503D+00,0.63182D+00,0.99500D-01,0.57880D+00,0.71348D+00
0.23250D+00,0.99324D+00,0.31634D-01,0.24338D+00,0.17358D+00,0.23884D+00,0.21591D-01,0.15622D+00,0.65255D+00,0.83755D-01,0.22611D+00,0.38808D+00,0.26437D+00,0.78520D-01,0.36767D+00,0.75667D+00,0.10976D+00,0.62924D+00,0.61162D+00,0.63821D+00,0.10113D+00,0.58536D+00,0.71965D+00
0.23500D+00,0.99362D+00,0.32055D-01,0.24631D+00,0.17592D+00,0.24172D+00,0.21911D-01,0.15840D+00,0.65486D+00,0.85041D-01,0.22834D+00,0.39257D+00,0.26676D+00,0.79691D-01,0.37208D+00,0.76297D+00,0.11148D+00,0.63567D+00,0.61813D+00,0.64451D+00,0.10277D+00,0.59184D+00,0.72571D+00
0.23750D+00,0.99397D+00,0.32475D-01,0.24923D+00,0.17826D+00,0.24460D+00,0.22231D-01,0.16057D+00,0.65714D+00,0.86326D-01,0.23053D+00,0.39703D+00,0.26912D+00,0.80863D-01,0.37646D+00,0.76913D+00,0.11319D+00,0.64200D+00,0.62456D+00,0.65072D+00,0.10440D+00,0.59824D+00,0.73164D+00
0.24000D+00,0.99431D+00,0.32896D-01,0.25214D+00,0.18060D+00,0.24746D+00,0.22551D-01,0.16275D+00,0.65938D+00,0.87612D-01,0.23270D+00,0.40145D+00,0.27144D+00,0.82035D-01,0.38081D+00,0.77517D+00,0.11491D+00,0.64825D+00,0.63089D+00,0.65682D+00,0.10604D+00,0.60457D+00,0.73747D+00
0.24250D+00,0.99463D+00,0.33316D-01,0.25504D+00,0.18293D+00,0.25032D+00,0.22871D-01,0.16492D+00,0.66159D+00,0.88898D-01,0.23484D+00,0.40582D+00,0.27372D+00,0.83207D-01,0.38512D+00,0.78108D+00,0.11662D+00,0.65439D+00,0.63714D+00,0.66283D+00,0.10767D+00,0.61081D+00,0.74318D+00
0.24500D+00,0.99493D+00,0.33736D-01,0.25793D+00,0.18526D+00,0.25317D+00,0.23191D-01,0.16708D+00,0.66377D+00,0.90183D-01,0.23695D+00,0.41016D+00,0.27597D+00,0.84378D-01,0.38939D+00,0.78686D+00,0.11834D+00,0.66045D+00,0.64331D+00,0.66875D+00,0.10931D+00,0.61698D+00,0.74877D+00
0.24750D+00,0.99522D+00,0.34156D-01,0.26081D+00,0.18757D+00,0.25600D+00,0.23512D-01,0.16924D+00,0.66592D+00,0.91469D-01,0.23903D+00,0.41445D+00,0.27819D+00,0.85550D-01,0.39363D+00,0.79252D+00,0.12005D+00,0.66641D+00,0.64938D+00,0.67457D+00,0.11095D+00,0.62306D+00,0.75426D+00
0.25000D+00,0.99549D+00,0.34576D-01,0.26368D+00,0.18989D+00,0.25883D+00,0.23832D-01,0.17140D+00,0.66804D+00,0.92754D-01,0.24109D+00,0.41871D+00,0.28036D+00,0.86721D-01,0.39783D+00,0.79806D+00,0.12177D+00,0.67228D+00,0.65537D+00,0.68029D+00,0.11260D+00,0.62907D+00,0.75964D+00
