0.50000D+02,0.30135732D-02,0.62032038D-01,0.32631552D-01,0.89499934D-01,0.46467771D-01,0.18050654D-01,0.11648615D-01,0.17105106D-01,0.36602845D-01,0.20148853D-02,0.50537454D-02,0.23992216D-02,0.41362229D-03,0.22256319D-01,0.12851511D-02,0.12125827D-02,0.57836965D-02,0.16013769D-02,0.26367416D-01,0.12456509D-02,0.91895652D-03,0.24849239D-03,0.27463898D-03,0.41567852D-03,0.63409815D-02,0.53387153D-03,0.15559900D-01,0.82748207D-01,0.98787960D-03,0.27232792D-04,0.32056181D-04,0.80635333D-03,0.14931866D-02,0.96767862D-03,0.58259018D-02,0.10329178D-01,0.41947805D-02,0.79678124D-04,0.27070265D-03,0.79769661D-02,0.25078447D-01,0.18770931D-01,0.10796182D-01,0.96191529D-02,0.14625052D-02,0.66427509D-03,0.14463059D-02,0.79539452D-03,0.49105813D-07,0.39773981D-03,0.85224196D-03,0.18810771D-01
0.10000D+03,0.11964204D-01,0.15502871D+00,0.10560812D+00,0.25240982D+00,0.15320184D+00,0.69379423D-01,0.47871755D-01,0.70743215D-01,0.12365806D+00,0.11925678D-01,0.25961408D-01,0.13767612D-01,0.19259800D-02,0.78627016D-01,0.63124374D-02,0.50989527D-02,0.22680675D-01,0.83515535D-02,0.86748590D-01,0.66839205D-02,0.51519959D-02,0.15840208D-02,0.17931912D-02,0.26136268D-02,0.30003725D-01,0.32460811D-02,0.68195256D-01,0.24200842D+00,0.59064109D-02,0.20718641D-03,0.27223819D-03,0.52410630D-02,0.83676061D-02,0.58348070D-02,0.26451666D-01,0.46079298D-01,0.21167805D-01,0.59447804D-03,0.17810713D-02,0.32685764D-01,0.10074236D+00,0.80189511D-01,0.49174741D-01,0.42122747D-01,0.64405386D-02,0.26308774D-02,0.51993283D-02,0.40689177D-02,0.57740961D-06,0.19061724D-02,0.40975464D-02,0.71049069D-01
0.15000D+03,0.27955452D-01,0.25663899D+00,0.20489697D+00,0.42700265D+00,0.29233236D+00,0.15366761D+00,0.11325706D+00,0.16462727D+00,0.24246552D+00,0.38188551D-01,0.73172096D-01,0.43028871D-01,0.54425621D-02,0.16214849D+00,0.18184805D-01,0.12829898D-01,0.52090259D-01,0.24976220D-01,0.16894941D+00,0.20535106D-01,0.16399372D-01,0.56774928D-02,0.64956030D-02,0.91395449D-02,0.80093469D-01,0.10873744D-01,0.16518712D+00,0.42083236D+00,0.19590903D-01,0.89165900D-03,0.12334133D-02,0.18387549D-01,0.26163871D-01,0.19626531D-01,0.69068239D-01,0.11618704D+00,0.59914569D-01,0.24116807D-02,0.64738638D-02,0.78307166D-01,0.22639318D+00,0.18974149D+00,0.12418898D+00,0.10501750D+00,0.16914592D-01,0.59023557D-02,0.10805574D-01,0.12190551D-01,0.35667609D-05,0.53696447D-02,0.11375254D-01,0.15154352D+00
0.20000D+03,0.50897823D-01,0.35781997D+00,0.31255166D+00,0.57412118D+00,0.42914673D+00,0.25890725D+00,0.20279445D+00,0.28642058D+00,0.36715923D+00,0.87834825D-01,0.15019422D+00,0.97039310D-01,0.12166408D-01,0.25897122D+00,0.39946663D-01,0.25343638D-01,0.92145165D-01,0.55901915D-01,0.25866728D+00,0.47120722D-01,0.38755650D-01,0.14981468D-01,0.17181924D-01,0.23385570D-01,0.15875455D+00,0.26523175D-01,0.29485035D+00,0.57807063D+00,0.47464060D-01,0.28150380D-02,0.39622215D-02,0.46218339D-01,0.60156177D-01,0.48253995D-01,0.13556194D+00,0.21817775D+00,0.12517223D+00,0.70475041D-02,0.17106279D-01,0.14354081D+00,0.37875489D+00,0.33139654D+00,0.23134628D+00,0.19616850D+00,0.34631843D-01,0.10001945D-01,0.17295591D-01,0.27795666D-01,0.15407700D-04,0.11673149D-01,0.24083448D-01,0.24372060D+00
0.25000D+03,0.80395732D-01,0.45414281D+00,0.41619969D+00,0.68472089D+00,0.54374805D+00,0.37050928D+00,0.30606612D+00,0.41767611D+00,0.48129199D+00,0.16277842D+00,0.25180000D+00,0.17691869D+00,0.23640776D-01,0.35782161D+00,0.73843730D-01,0.43484291D-01,0.13954932D+00,0.10377402D+00,0.34710482D+00,0.89488606D-01,0.75472173D-01,0.32334581D-01,0.36978982D-01,0.48771086D-01,0.26053177D+00,0.52666193D-01,0.43621186D+00,0.70051007D+00,0.93620687D-01,0.72076087D-02,0.10121694D-01,0.93304791D-01,0.11338108D+00,0.96382407D-01,0.22193440D+00,0.34045137D+00,0.21519396D+00,0.16592769D-01,0.36636467D-01,0.22300128D+00,0.53026381D+00,0.48050489D+00,0.35682586D+00,0.30598082D+00,0.61066645D-01,0.14391543D-01,0.23978218D-01,0.53230073D-01,0.52283749D-04,0.21697039D-01,0.43271631D-01,0.33260975D+00
0.30000D+03,0.11598535D+00,0.54275479D+00,0.50982932D+00,0.76446760D+00,0.63183536D+00,0.47721470D+00,0.41213179D+00,0.54258162D+00,0.57883871D+00,0.25880201D+00,0.36697704D+00,0.27740858D+00,0.41641298D-01,0.45207438D+00,0.12075690D+00,0.68005269D-01,0.19097382D+00,0.16858070D+00,0.43012690D+00,0.14841836D+00,0.12793341D+00,0.60334859D-01,0.68567376D-01,0.87771222D-01,0.37516057D+00,0.90384604D-01,0.57016913D+00,0.79047715D+00,0.15925828D+00,0.15786571D-01,0.21868785D-01,0.16091731D+00,0.18552680D+00,0.16546096D+00,0.32027885D+00,0.46807218D+00,0.32263029D+00,0.33403504D-01,0.67410650D-01,0.30935916D+00,0.66195084D+00,0.61662197D+00,0.48489525D+00,0.42213870D+00,0.97277109D-01,0.18721939D-01,0.30677300D-01,0.90024632D-01,0.14844514D-03,0.36245499D-01,0.69566410D-01,0.41033906D+00
0.35000D+03,0.15699692D+00,0.62185547D+00,0.59150283D+00,0.82190055D+00,0.69745794D+00,0.57263719D+00,0.51256892D+00,0.65153369D+00,0.65962229D+00,0.36731248D+00,0.48354330D+00,0.38905154D+00,0.67907795D-01,0.53846700D+00,0.17997887D+00,0.99464474D-01,0.24375318D+00,0.24763750D+00,0.50591129D+00,0.22214646D+00,0.19521932D+00,0.10069368D+00,0.11345548D+00,0.14117787D+00,0.49136199D+00,0.13914354D+00,0.68497985D+00,0.85483645D+00,0.24213057D+00,0.30580362D-01,0.41517833D-01,0.24642328D+00,0.27300348D+00,0.25291397D+00,0.42172486D+00,0.58797774D+00,0.43731431D+00,0.59632971D-01,0.11049531D+00,0.39543328D+00,0.76606282D+00,0.72876062D+00,0.60315480D+00,0.53373623D+00,0.14368143D+00,0.22873409D-01,0.37622392D-01,0.13855791D+00,0.36683847D-03,0.55940983D-01,0.10307785D+00,0.47519557D+00
0.40000D+03,0.20244694D+00,0.69063249D+00,0.66129510D+00,0.86394706D+00,0.74680958D+00,0.65436332D+00,0.60237055D+00,0.74081780D+00,0.72560277D+00,0.47836298D+00,0.59169510D+00,0.50146389D+00,0.10378580D+00,0.61560233D+00,0.24936344D+00,0.13808995D+00,0.29607636D+00,0.33629935D+00,0.57362186D+00,0.30680778D+00,0.27432622D+00,0.15377781D+00,0.17154488D+00,0.20783698D+00,0.59979110D+00,0.19706042D+00,0.77637721D+00,0.90021423D+00,0.33712496D+00,0.53603414D-01,0.71071551D-01,0.34406137D+00,0.36995652D+00,0.35278714D+00,0.51880802D+00,0.69171678D+00,0.54928266D+00,0.96745256D-01,0.16539022D+00,0.47567561D+00,0.84294713D+00,0.81442573D+00,0.70438328D+00,0.63342029D+00,0.19986649D+00,0.26898591D-01,0.45272220D-01,0.19797745D+00,0.81053001D-03,0.81118919D-01,0.14334574D+00,0.52872772D+00
0.45000D+03,0.25109329D+00,0.74913081D+00,0.72013967D+00,0.89534107D+00,0.78521296D+00,0.72244060D+00,0.67948174D+00,0.81073146D+00,0.77912457D+00,0.58331745D+00,0.68550159D+00,0.60602702D+00,0.14988600D+00,0.68307722D+00,0.32575216D+00,0.18367458D+00,0.34689869D+00,0.42903781D+00,0.63296588D+00,0.39733404D+00,0.36086653D+00,0.21846316D+00,0.24109681D+00,0.28488962D+00,0.69444166D+00,0.26145046D+00,0.84522042D+00,0.93184740D+00,0.43757947D+00,0.86457577D-01,0.11175657D+00,0.44654152D+00,0.46969709D+00,0.45739929D+00,0.60658672D+00,0.77576599D+00,0.65088413D+00,0.14515425D+00,0.23016382D+00,0.54678543D+00,0.89695687D+00,0.87628780D+00,0.78604946D+00,0.71766009D+00,0.26452328D+00,0.30956118D-01,0.54186182D-01,0.26635452D+00,0.16325745D-02,0.11175898D+00,0.18938076D+00,0.57345670D+00
0.50000D+03,0.30159401D+00,0.79801718D+00,0.76929402D+00,0.91917595D+00,0.81635616D+00,0.77813874D+00,0.74384990D+00,0.86367370D+00,0.82234740D+00,0.67631058D+00,0.76271925D+00,0.69722124D+00,0.20586451D+00,0.74107777D+00,0.40552595D+00,0.23553259D+00,0.39573948D+00,0.52049981D+00,0.68408140D+00,0.48846348D+00,0.44995627D+00,0.29231197D+00,0.31906183D+00,0.36836957D+00,0.77269405D+00,0.32940610D+00,0.89493715D+00,0.95365991D+00,0.53676929D+00,0.12996732D+00,0.16369948D+00,0.54674414D+00,0.56603193D+00,0.55921257D+00,0.68265440D+00,0.84039347D+00,0.73762300D+00,0.20408264D+00,0.30189385D+00,0.60756272D+00,0.93351299D+00,0.91911232D+00,0.84887791D+00,0.78592360D+00,0.33554778D+00,0.35266856D-01,0.64947017D-01,0.34099319D+00,0.30417385D-02,0.14747136D+00,0.23980155D+00,0.61171398D+00
0.55000D+03,0.35267309D+00,0.83831754D+00,0.81009399D+00,0.93749429D+00,0.84251758D+00,0.82317511D+00,0.79653217D+00,0.90277950D+00,0.85713652D+00,0.75448746D+00,0.82376914D+00,0.77268958D+00,0.27038613D+00,0.79017618D+00,0.48513603D+00,0.29252967D+00,0.44246717D+00,0.60628495D+00,0.72746380D+00,0.57557780D+00,0.53702402D+00,0.37199142D+00,0.40163504D+00,0.45393513D+00,0.83457022D+00,0.39824595D+00,0.92969560D+00,0.96854973D+00,0.62909202D+00,0.18394735D+00,0.22582899D+00,0.63897891D+00,0.65416713D+00,0.65225725D+00,0.74655032D+00,0.88808745D+00,0.80796961D+00,0.27166128D+00,0.37722970D+00,0.65833333D+00,0.95757426D+00,0.94782648D+00,0.89537495D+00,0.83953464D+00,0.41028755D+00,0.40091686D-01,0.78108195D-01,0.41880550D+00,0.53018982D-02,0.18753754D+00,0.29302702D+00,0.64527174D+00
0.60000D+03,0.40323455D+00,0.87119678D+00,0.84382699D+00,0.95168639D+00,0.86502308D+00,0.85930718D+00,0.83905960D+00,0.93113475D+00,0.88507381D+00,0.81745647D+00,0.87057907D+00,0.83253957D+00,0.34127569D+00,0.83119036D+00,0.56151366D+00,0.35318069D+00,0.48712361D+00,0.68334266D+00,0.76386271D+00,0.65521681D+00,0.61837690D+00,0.45380385D+00,0.48486842D+00,0.53753316D+00,0.88174246D+00,0.46577185D+00,0.95339531D+00,0.97863224D+00,0.71071999D+00,0.24716041D+00,0.29601626D+00,0.71958839D+00,0.73109232D+00,0.73281187D+00,0.79902855D+00,0.92220100D+00,0.86260292D+00,0.34522150D+00,0.45291206D+00,0.70028221D+00,0.97308430D+00,0.96662186D+00,0.92870303D+00,0.88068136D+00,0.48587272D+00,0.45720385D-01,0.94148395D-01,0.49668035D+00,0.87239038D-02,0.23099240D+00,0.34747137D+00,0.67535234D+00
0.65000D+03,0.45241265D+00,0.89780925D+00,0.87166208D+00,0.96273036D+00,0.88463512D+00,0.88814746D+00,0.87305761D+00,0.95141489D+00,0.90748532D+00,0.86644645D+00,0.90566199D+00,0.87840651D+00,0.41581127D+00,0.86506586D+00,0.63231459D+00,0.41579417D+00,0.52980392D+00,0.75002323D+00,0.79416527D+00,0.72525409D+00,0.69147371D+00,0.53419858D+00,0.56519786D+00,0.61586832D+00,0.91664937D+00,0.53035122D+00,0.96925020D+00,0.98542503D+00,0.77972151D+00,0.31746745D+00,0.37139949D+00,0.78695757D+00,0.79552578D+00,0.79938986D+00,0.84144491D+00,0.94605857D+00,0.90351157D+00,0.42169212D+00,0.52614936D+00,0.73490783D+00,0.98293313D+00,0.97870882D+00,0.95197259D+00,0.91174363D+00,0.55955527D+00,0.52462631D-01,0.11342963D+00,0.57179653D+00,0.13649979D-01,0.27672905D+00,0.40170158D+00,0.70275751D+00
0.70000D+03,0.49957216D+00,0.91921552D+00,0.89461667D+00,0.97133606D+00,0.90181059D+00,0.91109526D+00,0.90005095D+00,0.96577696D+00,0.92546720D+00,0.90351087D+00,0.93152887D+00,0.91262039D+00,0.49108364D+00,0.89277939D+00,0.69600180D+00,0.47863511D+00,0.57058804D+00,0.80588855D+00,0.81929238D+00,0.78480577D+00,0.75494210D+00,0.61016919D+00,0.63980071D+00,0.68663661D+00,0.94186663D+00,0.59088066D+00,0.97971255D+00,0.98999436D+00,0.83579798D+00,0.39212380D+00,0.44880034D+00,0.84113519D+00,0.84758224D+00,0.85227911D+00,0.87534258D+00,0.96250376D+00,0.93322265D+00,0.49800543D+00,0.59481993D+00,0.76367244D+00,0.98912691D+00,0.98638817D+00,0.96787924D+00,0.93492179D+00,0.62898968D+00,0.60636268D-01,0.13616337D+00,0.64185057D+00,0.20432015D-01,0.32360741D+00,0.45453741D+00,0.72800136D+00
0.75000D+03,0.54428073D+00,0.93634672D+00,0.91354950D+00,0.97803378D+00,0.91685017D+00,0.92932472D+00,0.92138080D+00,0.97588035D+00,0.93991168D+00,0.93093650D+00,0.95038902D+00,0.93761824D+00,0.56434276D+00,0.91526918D+00,0.75180120D+00,0.54007750D+00,0.60951147D+00,0.85140302D+00,0.84012226D+00,0.83397982D+00,0.80841978D+00,0.67948970D+00,0.70676069D+00,0.74854895D+00,0.95974055D+00,0.64669118D+00,0.98655702D+00,0.99307411D+00,0.87982760D+00,0.46814604D+00,0.52513473D+00,0.88329409D+00,0.88832887D+00,0.89291251D+00,0.90221620D+00,0.97375833D+00,0.95426644D+00,0.57143514D+00,0.65751954D+00,0.78783072D+00,0.99300502D+00,0.99123448D+00,0.97857707D+00,0.95208021D+00,0.69241404D+00,0.70551432D-01,0.16239042D+00,0.70518681D+00,0.29406139D-01,0.37055094D+00,0.50509312D+00,0.75141211D+00
0.80000D+03,0.58627093D+00,0.94999759D+00,0.92917080D+00,0.98323015D+00,0.92997742D+00,0.94379880D+00,0.93818234D+00,0.98296061D+00,0.95153488D+00,0.95088076D+00,0.96404499D+00,0.95560697D+00,0.63327047D+00,0.93339235D+00,0.79957664D+00,0.59872469D+00,0.64656131D+00,0.88760330D+00,0.85744385D+00,0.87356714D+00,0.85230704D+00,0.74078841D+00,0.76506456D+00,0.80120631D+00,0.97222588D+00,0.69744139D+00,0.99101856D+00,0.99516059D+00,0.91337862D+00,0.54267094D+00,0.59774241D+00,0.91520419D+00,0.91935442D+00,0.92327657D+00,0.92340061D+00,0.98145532D+00,0.96887566D+00,0.63982231D+00,0.71349948D+00,0.80838165D+00,0.99543573D+00,0.99428902D+00,0.98568991D+00,0.96471700D+00,0.74872035D+00,0.82491424D-01,0.19197749D+00,0.76083165D+00,0.40866499D-01,0.41662066D+00,0.55277212D+00,0.77320120D+00
0.85000D+03,0.62540321D+00,0.96083400D+00,0.94206148D+00,0.98724376D+00,0.94137801D+00,0.95529435D+00,0.95139211D+00,0.98791592D+00,0.96090559D+00,0.96519464D+00,0.97389706D+00,0.96841877D+00,0.69614650D+00,0.94790506D+00,0.83966893D+00,0.65348555D+00,0.68168639D+00,0.91581021D+00,0.87193526D+00,0.90474795D+00,0.88750188D+00,0.79349084D+00,0.81448044D+00,0.84489580D+00,0.98085508D+00,0.74302480D+00,0.99393095D+00,0.99658503D+00,0.93829605D+00,0.61324391D+00,0.66459434D+00,0.93881485D+00,0.94242214D+00,0.94546503D+00,0.94003393D+00,0.98674498D+00,0.97886463D+00,0.70167845D+00,0.76254464D+00,0.82608750D+00,0.99696921D+00,0.99622247D+00,0.99038829D+00,0.97399557D+00,0.79742758D+00,0.96692463D-01,0.22463052D+00,0.80844614D+00,0.55041310D-01,0.46106163D+00,0.59723088D+00,0.79350769D+00
0.90000D+03,0.66163440D+00,0.96940682D+00,0.95269497D+00,0.99032786D+00,0.95121826D+00,0.96443081D+00,0.96176886D+00,0.99138750D+00,0.96847291D+00,0.97536999D+00,0.98099768D+00,0.97748821D+00,0.75190440D+00,0.95945839D+00,0.87273324D+00,0.70360504D+00,0.71481310D+00,0.93741129D+00,0.88416003D+00,0.92885420D+00,0.91516440D+00,0.83767806D+00,0.85537361D+00,0.88036650D+00,0.98677770D+00,0.78350040D+00,0.99584397D+00,0.99756665D+00,0.95640619D+00,0.67800226D+00,0.72437202D+00,0.95597711D+00,0.95923106D+00,0.96140157D+00,0.95305896D+00,0.99041400D+00,0.98562295D+00,0.75618144D+00,0.80483245D+00,0.84151902D+00,0.99794811D+00,0.99745809D+00,0.99348676D+00,0.98079908D+00,0.83858579D+00,0.11332487D+00,0.25992136D+00,0.84821982D+00,0.72073740D-01,0.50332186D+00,0.63832769D+00,0.81242645D+00
0.95000D+03,0.69499270D+00,0.97616748D+00,0.96145804D+00,0.99268518D+00,0.95965349D+00,0.97169840D+00,0.96991901D+00,0.99382688D+00,0.97459110D+00,0.98255732D+00,0.98612029D+00,0.98389293D+00,0.80009495D+00,0.96860374D+00,0.89959688D+00,0.74865512D+00,0.74586191D+00,0.95371796D+00,0.89457453D+00,0.94720183D+00,0.93653336D+00,0.87390710D+00,0.88850737D+00,0.90862529D+00,0.99082808D+00,0.81904512D+00,0.99711370D+00,0.99825010D+00,0.96934030D+00,0.73574640D+00,0.77643888D+00,0.96829354D+00,0.97127878D+00,0.97270619D+00,0.96324184D+00,0.99299022D+00,0.99016834D+00,0.80309433D+00,0.84080000D+00,0.85510329D+00,0.99858322D+00,0.99825901D+00,0.99553652D+00,0.98578759D+00,0.87264415D+00,0.13247811D+00,0.29732338D+00,0.88073261D+00,0.92009550D-01,0.54304761D+00,0.67606864D+00,0.83002599D+00
0.10000D+04,0.72555833D+00,0.98148317D+00,0.96866841D+00,0.99447801D+00,0.96683141D+00,0.97748362D+00,0.97632249D+00,0.99554884D+00,0.97954040D+00,0.98761575D+00,0.98982485D+00,0.98841866D+00,0.84078665D+00,0.97580267D+00,0.92114770D+00,0.78849712D+00,0.77476194D+00,0.96588644D+00,0.90354109D+00,0.96098825D+00,0.95280007D+00,0.90303116D+00,0.91486236D+00,0.93077385D+00,0.99359676D+00,0.84992185D+00,0.99796794D+00,0.99873095D+00,0.97845517D+00,0.78591480D+00,0.82073759D+00,0.97706377D+00,0.97980390D+00,0.98066208D+00,0.97119663D+00,0.99482409D+00,0.99322080D+00,0.84264082D+00,0.87103390D+00,0.86716379D+00,0.99900334D+00,0.99878728D+00,0.99690257D+00,0.98944910D+00,0.90031148D+00,0.15415158D+00,0.33625081D+00,0.90681039D+00,0.11479240D+00,0.58006142D+00,0.71055868D+00,0.84635995D+00
0.10500D+04,0.75344847D+00,0.98565074D+00,0.97458891D+00,0.99583562D+00,0.97289315D+00,0.98209102D+00,0.98135655D+00,0.99677137D+00,0.98354385D+00,0.99117161D+00,0.99251295D+00,0.99162632D+00,0.87443472D+00,0.98143824D+00,0.93825503D+00,0.82322726D+00,0.80146213D+00,0.97488632D+00,0.91134315D+00,0.97124227D+00,0.96503345D+00,0.92604414D+00,0.93549223D+00,0.94789296D+00,0.99549381D+00,0.87645648D+00,0.99855148D+00,0.99907267D+00,0.98482026D+00,0.82849078D+00,0.85764962D+00,0.98329104D+00,0.98578186D+00,0.98624051D+00,0.97741045D+00,0.99614759D+00,0.99527621D+00,0.87536741D+00,0.89618716D+00,0.87795013D+00,0.99928706D+00,0.99914241D+00,0.99782286D+00,0.99214168D+00,0.92243037D+00,0.17825213D+00,0.37609721D+00,0.92739415D+00,0.14026680D+00,0.61432955D+00,0.74196182D+00,0.86147451D+00
0.11000D+04,0.77880543D+00,0.98890897D+00,0.97943836D+00,0.99686014D+00,0.97797294D+00,0.98576098D+00,0.98531659D+00,0.99764488D+00,0.98678015D+00,0.99367349D+00,0.99447116D+00,0.99391064D+00,0.90174532D+00,0.98582601D+00,0.95171980D+00,0.85311625D+00,0.82593874D+00,0.98150023D+00,0.91820025D+00,0.97881066D+00,0.97414528D+00,0.94396149D+00,0.95142116D+00,0.96097052D+00,0.99680001D+00,0.89901921D+00,0.99895631D+00,0.99931777D+00,0.98924382D+00,0.86387272D+00,0.88784776D+00,0.98772077D+00,0.98995160D+00,0.99015203D+00,0.98226659D+00,0.99711489D+00,0.99666923D+00,0.90201412D+00,0.91692153D+00,0.88765874D+00,0.99948260D+00,0.99938564D+00,0.99845100D+00,0.99412680D+00,0.93987647D+00,0.20459842D+00,0.41626967D+00,0.94343536D+00,0.16818798D+00,0.64592533D+00,0.77047139D+00,0.87541314D+00
0.11500D+04,0.80178726D+00,0.99144910D+00,0.98339978D+00,0.99763142D+00,0.98219733D+00,0.98868380D+00,0.98843349D+00,0.99827313D+00,0.98939353D+00,0.99543854D+00,0.99590355D+00,0.99554697D+00,0.92355396D+00,0.98922410D+00,0.96224806D+00,0.87855109D+00,0.84819937D+00,0.98634131D+00,0.92428145D+00,0.98436751D+00,0.98088345D+00,0.95773923D+00,0.96358021D+00,0.97086492D+00,0.99770568D+00,0.91800743D+00,0.99924124D+00,0.99949506D+00,0.99231643D+00,0.89273578D+00,0.91216305D+00,0.99089057D+00,0.99285556D+00,0.99290341D+00,0.98606486D+00,0.99782950D+00,0.99762245D+00,0.92340663D+00,0.93387075D+00,0.89644671D+00,0.99961990D+00,0.99955510D+00,0.99888579D+00,0.99559478D+00,0.95348693D+00,0.23293146D+00,0.45621650D+00,0.95582244D+00,0.19823700D+00,0.67499354D+00,0.79628996D+00,0.88821960D+00
0.12000D+04,0.82256025D+00,0.99342380D+00,0.98662661D+00,0.99821127D+00,0.98568410D+00,0.99101064D+00,0.99088778D+00,0.99872786D+00,0.99150098D+00,0.99668901D+00,0.99695561D+00,0.99672662D+00,0.94072837D+00,0.99184220D+00,0.97044150D+00,0.89998430D+00,0.86828384D+00,0.98987863D+00,0.92971694D+00,0.98843535D+00,0.98584250D+00,0.96822696D+00,0.97277540D+00,0.97829379D+00,0.99833902D+00,0.93382962D+00,0.99944430D+00,0.99962423D+00,0.99445812D+00,0.91590520D+00,0.93147816D+00,0.99317960D+00,0.99488191D+00,0.99484956D+00,0.98903885D+00,0.99836191D+00,0.99828247D+00,0.94037516D+00,0.94761929D+00,0.90444107D+00,0.99971784D+00,0.99967488D+00,0.99919093D+00,0.99668397D+00,0.96401623D+00,0.26292995D+00,0.49544733D+00,0.96533706D+00,0.23003959D+00,0.70171900D+00,0.81961691D+00,0.89993970D+00
0.12500D+04,0.84129317D+00,0.99495455D+00,0.98924760D+00,0.99864705D+00,0.98854133D+00,0.99286198D+00,0.99282077D+00,0.99905894D+00,0.99319786D+00,0.99757973D+00,0.99773129D+00,0.99758252D+00,0.95409922D+00,0.99384935D+00,0.97679934D+00,0.91789318D+00,0.88626257D+00,0.99246429D+00,0.93460745D+00,0.99141078D+00,0.98948318D+00,0.97614743D+00,0.97967863D+00,0.98383910D+00,0.99878618D+00,0.94689048D+00,0.99959050D+00,0.99971894D+00,0.99596147D+00,0.93425339D+00,0.94665053D+00,0.99485108D+00,0.99630301D+00,0.99623609D+00,0.99137010D+00,0.99876106D+00,0.99874551D+00,0.95369979D+00,0.95869184D+00,0.91174528D+00,0.99978863D+00,0.99976055D+00,0.99940777D+00,0.99749498D+00,0.97211454D+00,0.29422866D+00,0.53354568D+00,0.97263540D+00,0.26318659D+00,0.72630160D+00,0.84064192D+00,0.91062218D+00
0.13000D+04,0.85815279D+00,0.99613776D+00,0.99137058D+00,0.99897472D+00,0.99086669D+00,0.99433401D+00,0.99434331D+00,0.99930124D+00,0.99456196D+00,0.99821825D+00,0.99830521D+00,0.99820728D+00,0.96441682D+00,0.99538080D+00,0.98172693D+00,0.93274953D+00,0.90223293D+00,0.99435860D+00,0.93903173D+00,0.99358968D+00,0.99215526D+00,0.98209469D+00,0.98483343D+00,0.98796147D+00,0.99910503D+00,0.95757824D+00,0.99969660D+00,0.99978876D+00,0.99702708D+00,0.94862502D+00,0.95846370D+00,0.99608616D+00,0.99730704D+00,0.99723188D+00,0.99319957D+00,0.99906156D+00,0.99907468D+00,0.96407837D+00,0.96754991D+00,0.91844390D+00,0.99984033D+00,0.99982237D+00,0.99956356D+00,0.99810104D+00,0.97832262D+00,0.32643814D+00,0.57017469D+00,0.97824751D+00,0.29725433D+00,0.74893805D+00,0.85954257D+00,0.92031898D+00
0.13500D+04,0.87330063D+00,0.99704969D+00,0.99308565D+00,0.99922138D+00,0.99274710D+00,0.99550368D+00,0.99554252D+00,0.99947936D+00,0.99565682D+00,0.99867919D+00,0.99873117D+00,0.99866584D+00,0.97232935D+00,0.99654397D+00,0.98554763D+00,0.94499907D+00,0.91631432D+00,0.99575185D+00,0.94305226D+00,0.99518991D+00,0.99411977D+00,0.98654362D+00,0.98866894D+00,0.99101834D+00,0.99933466D+00,0.96625469D+00,0.99977407D+00,0.99984046D+00,0.99779114D+00,0.95978915D+00,0.96760189D+00,0.99700918D+00,0.99802282D+00,0.99795288D+00,0.99463678D+00,0.99928839D+00,0.99931168D+00,0.97211222D+00,0.97459273D+00,0.92460624D+00,0.99987840D+00,0.99986729D+00,0.99967647D+00,0.99855556D+00,0.98307759D+00,0.35916390D+00,0.60507713D+00,0.98258826D+00,0.33182341D+00,0.76981011D+00,0.87648431D+00,0.92908504D+00
0.14000D+04,0.88689077D+00,0.99775057D+00,0.99446779D+00,0.99940738D+00,0.99425873D+00,0.99643253D+00,0.99648698D+00,0.99961079D+00,0.99653429D+00,0.99901442D+00,0.99904817D+00,0.99900401D+00,0.97837709D+00,0.99742355D+00,0.98851571D+00,0.95504883D+00,0.92864259D+00,0.99678190D+00,0.94671958D+00,0.99637023D+00,0.99556899D+00,0.98986548D+00,0.99151742D+00,0.99328270D+00,0.99950156D+00,0.97324830D+00,0.99983088D+00,0.99987890D+00,0.99834564D+00,0.96841420D+00,0.97464164D+00,0.99770588D+00,0.99853803D+00,0.99847895D+00,0.99576692D+00,0.99945985D+00,0.99948424D+00,0.97830425D+00,0.98016078D+00,0.93028926D+00,0.99990661D+00,0.99990011D+00,0.99975888D+00,0.99889764D+00,0.98672462D+00,0.39202381D+00,0.63807118D+00,0.98597411D+00,0.36649491D+00,0.78907838D+00,0.89162176D+00,0.93697781D+00
0.14500D+04,0.89906835D+00,0.99828776D+00,0.99557914D+00,0.99954790D+00,0.99546739D+00,0.99716977D+00,0.99723074D+00,0.99970806D+00,0.99723658D+00,0.99926007D+00,0.99928464D+00,0.99925442D+00,0.98299731D+00,0.99808585D+00,0.99082886D+00,0.96326098D+00,0.93936420D+00,0.99754809D+00,0.95007541D+00,0.99724553D+00,0.99664312D+00,0.99234527D+00,0.99363206D+00,0.99496041D+00,0.99962392D+00,0.97885038D+00,0.99987269D+00,0.99990756D+00,0.99875278D+00,0.97506009D+00,0.98005510D+00,0.99823597D+00,0.99891240D+00,0.99886541D+00,0.99665635D+00,0.99958953D+00,0.99961112D+00,0.98306496D+00,0.98454065D+00,0.93554005D+00,0.99992764D+00,0.99992419D+00,0.99981936D+00,0.99915598D+00,0.98953130D+00,0.42466257D+00,0.66904307D+00,0.98864166D+00,0.40090319D+00,0.80688024D+00,0.90510038D+00,0.94405656D+00
0.15000D+04,0.90996875D+00,0.99869841D+00,0.99647099D+00,0.99965426D+00,0.99642919D+00,0.99775469D+00,0.99781643D+00,0.99978024D+00,0.99779798D+00,0.99944139D+00,0.99946138D+00,0.99944045D+00,0.98653528D+00,0.99858248D+00,0.99263936D+00,0.96995105D+00,0.94863071D+00,0.99812178D+00,0.95315488D+00,0.99789859D+00,0.99744373D+00,0.99419870D+00,0.99520335D+00,0.99620515D+00,0.99971429D+00,0.98331395D+00,0.99990353D+00,0.99992897D+00,0.99905487D+00,0.98018191D+00,0.98422002D+00,0.99864169D+00,0.99918679D+00,0.99915095D+00,0.99735690D+00,0.99968762D+00,0.99970514D+00,0.98672279D+00,0.98797075D+00,0.94039778D+00,0.99994339D+00,0.99994192D+00,0.99986393D+00,0.99935172D+00,0.99170197D+00,0.45676273D+00,0.69793812D+00,0.99076529D+00,0.43472508D+00,0.82333096D+00,0.91705811D+00,0.95038156D+00
0.15500D+04,0.91971725D+00,0.99901155D+00,0.99718543D+00,0.99973492D+00,0.99719134D+00,0.99821865D+00,0.99827764D+00,0.99983391D+00,0.99824629D+00,0.99957617D+00,0.99959370D+00,0.99957903D+00,0.98925803D+00,0.99895337D+00,0.99406373D+00,0.97538937D+00,0.95659382D+00,0.99855423D+00,0.95598806D+00,0.99838893D+00,0.99804409D+00,0.99558727D+00,0.99637329D+00,0.99713080D+00,0.99978148D+00,0.98685470D+00,0.99992633D+00,0.99994500D+00,0.99928098D+00,0.98414057D+00,0.98743285D+00,0.99895343D+00,0.99938937D+00,0.99936290D+00,0.99790908D+00,0.99976182D+00,0.99977527D+00,0.98953624D+00,0.99064711D+00,0.94489544D+00,0.99995523D+00,0.99995501D+00,0.99989687D+00,0.99950050D+00,0.99339099D+00,0.48805210D+00,0.72475095D+00,0.99247253D+00,0.46768557D+00,0.83852650D+00,0.92762649D+00,0.95601321D+00
0.16000D+04,0.92842900D+00,0.99924980D+00,0.99775689D+00,0.99979616D+00,0.99779310D+00,0.99858660D+00,0.99864088D+00,0.99987388D+00,0.99860396D+00,0.99967699D+00,0.99969292D+00,0.99968250D+00,0.99136856D+00,0.99922923D+00,0.99519073D+00,0.97980431D+00,0.96340128D+00,0.99888230D+00,0.95860108D+00,0.99875943D+00,0.99849705D+00,0.99663091D+00,0.99724693D+00,0.99782127D+00,0.99983172D+00,0.98965352D+00,0.99994321D+00,0.99995701D+00,0.99945136D+00,0.98721647D+00,0.98992265D+00,0.99919349D+00,0.99953983D+00,0.99952081D+00,0.99834462D+00,0.99981795D+00,0.99982783D+00,0.99170603D+00,0.99272923D+00,0.94906120D+00,0.99996416D+00,0.99996471D+00,0.99992128D+00,0.99961391D+00,0.99471408D+00,0.51830764D+00,0.74951570D+00,0.99385653D+00,0.49956019D+00,0.85254733D+00,0.93693140D+00,0.96101122D+00
0.16500D+04,0.93620925D+00,0.99943070D+00,0.99821340D+00,0.99984273D+00,0.99826679D+00,0.99887839D+00,0.99892702D+00,0.99990370D+00,0.99888910D+00,0.99975283D+00,0.99976741D+00,0.99975988D+00,0.99301910D+00,0.99943361D+00,0.99608780D+00,0.98338655D+00,0.96919366D+00,0.99913268D+00,0.96101685D+00,0.99904103D+00,0.99884080D+00,0.99741826D+00,0.99790163D+00,0.99833820D+00,0.99986946D+00,0.99185993D+00,0.99995573D+00,0.99996602D+00,0.99958039D+00,0.98962392D+00,0.99186421D+00,0.99937851D+00,0.99965208D+00,0.99963877D+00,0.99868841D+00,0.99986042D+00,0.99986738D+00,0.99338631D+00,0.99434557D+00,0.95291949D+00,0.99997091D+00,0.99997191D+00,0.99993940D+00,0.99970062D+00,0.99575762D+00,0.54735617D+00,0.77229696D+00,0.99498574D+00,0.53017465D+00,0.86546241D+00,0.94509320D+00,0.96543380D+00
0.17000D+04,0.94315378D+00,0.99956782D+00,0.99857770D+00,0.99987814D+00,0.99863878D+00,0.99910979D+00,0.99915248D+00,0.99992596D+00,0.99911627D+00,0.99981014D+00,0.99982338D+00,0.99981783D+00,0.99432261D+00,0.99958443D+00,0.99680616D+00,0.98629376D+00,0.97410198D+00,0.99932476D+00,0.96325556D+00,0.99925622D+00,0.99910303D+00,0.99801467D+00,0.99839421D+00,0.99872676D+00,0.99989793D+00,0.99359597D+00,0.99996502D+00,0.99997277D+00,0.99967842D+00,0.99152463D+00,0.99338961D+00,0.99952109D+00,0.99973609D+00,0.99972705D+00,0.99895997D+00,0.99989257D+00,0.99989723D+00,0.99469445D+00,0.99559861D+00,0.95649189D+00,0.99997604D+00,0.99997726D+00,0.99995287D+00,0.99976709D+00,0.99658605D+00,0.57507264D+00,0.79318155D+00,0.99591109D+00,0.55940236D+00,0.87733284D+00,0.95222662D+00,0.96933697D+00
0.17500D+04,0.94934941D+00,0.99967159D+00,0.99886814D+00,0.99990509D+00,0.99893036D+00,0.99929331D+00,0.99933020D+00,0.99994260D+00,0.99929715D+00,0.99985361D+00,0.99986549D+00,0.99986129D+00,0.99536235D+00,0.99969530D+00,0.99738478D+00,0.98865527D+00,0.97824627D+00,0.99947276D+00,0.96533505D+00,0.99942143D+00,0.99930399D+00,0.99846829D+00,0.99876638D+00,0.99902009D+00,0.99991949D+00,0.99496027D+00,0.99997193D+00,0.99997782D+00,0.99975303D+00,0.99303948D+00,0.99459800D+00,0.99963088D+00,0.99979911D+00,0.99979322D+00,0.99917464D+00,0.99991692D+00,0.99991980D+00,0.99571926D+00,0.99656941D+00,0.95979780D+00,0.99997995D+00,0.99998126D+00,0.99996290D+00,0.99981817D+00,0.99724757D+00,0.60137636D+00,0.81227142D+00,0.99667119D+00,0.58716023D+00,0.88821494D+00,0.95844031D+00,0.97277401D+00
0.18000D+04,0.95487457D+00,0.99975002D+00,0.99909954D+00,0.99992558D+00,0.99915862D+00,0.99943887D+00,0.99947035D+00,0.99995504D+00,0.99944111D+00,0.99988667D+00,0.99989717D+00,0.99989390D+00,0.99619952D+00,0.99977649D+00,0.99785335D+00,0.99057641D+00,0.98173481D+00,0.99958721D+00,0.96727112D+00,0.99954876D+00,0.99945859D+00,0.99881467D+00,0.99904876D+00,0.99924247D+00,0.99993587D+00,0.99603175D+00,0.99997707D+00,0.99998161D+00,0.99980985D+00,0.99425831D+00,0.99556348D+00,0.99971532D+00,0.99984644D+00,0.99984285D+00,0.99934446D+00,0.99993538D+00,0.99993691D+00,0.99652763D+00,0.99732162D+00,0.96285495D+00,0.99998293D+00,0.99998424D+00,0.99997036D+00,0.99985752D+00,0.99777841D+00,0.62622593D+00,0.82967784D+00,0.99729593D+00,0.61340358D+00,0.89816264D+00,0.96383638D+00,0.97579502D+00
0.18500D+04,0.95979998D+00,0.99980924D+00,0.99928378D+00,0.99994115D+00,0.99933718D+00,0.99955433D+00,0.99958090D+00,0.99996435D+00,0.99955562D+00,0.99991187D+00,0.99992103D+00,0.99991839D+00,0.99687918D+00,0.99983572D+00,0.99823466D+00,0.99214250D+00,0.98466397D+00,0.99967596D+00,0.96907772D+00,0.99964720D+00,0.99957788D+00,0.99908013D+00,0.99926390D+00,0.99941179D+00,0.99994834D+00,0.99687316D+00,0.99998090D+00,0.99998444D+00,0.99985313D+00,0.99524782D+00,0.99634141D+00,0.99978017D+00,0.99988203D+00,0.99988010D+00,0.99947891D+00,0.99994939D+00,0.99994991D+00,0.99716988D+00,0.99790489D+00,0.96567974D+00,0.99998520D+00,0.99998648D+00,0.99997592D+00,0.99988790D+00,0.99820603D+00,0.64961345D+00,0.84551659D+00,0.99780902D+00,0.63812042D+00,0.90722907D+00,0.96850991D+00,0.97844657D+00
0.19000D+04,0.96418920D+00,0.99985393D+00,0.99943040D+00,0.99995297D+00,0.99947682D+00,0.99964592D+00,0.99966815D+00,0.99997132D+00,0.99964668D+00,0.99993109D+00,0.99993899D+00,0.99993680D+00,0.99743470D+00,0.99987879D+00,0.99854627D+00,0.99342237D+00,0.98711849D+00,0.99974493D+00,0.97076720D+00,0.99972351D+00,0.99967013D+00,0.99928424D+00,0.99942845D+00,0.99954124D+00,0.99995786D+00,0.99753410D+00,0.99998375D+00,0.99998655D+00,0.99988607D+00,0.99605759D+00,0.99697314D+00,0.99982992D+00,0.99990880D+00,0.99990807D+00,0.99958543D+00,0.99996003D+00,0.99995979D+00,0.99768379D+00,0.99835772D+00,0.96828756D+00,0.99998695D+00,0.99998815D+00,0.99998007D+00,0.99991139D+00,0.99855146D+00,0.67155843D+00,0.85990431D+00,0.99822962D+00,0.66132570D+00,0.91546753D+00,0.97254858D+00,0.98077156D+00
0.19500D+04,0.96809933D+00,0.99988763D+00,0.99954703D+00,0.99996193D+00,0.99958605D+00,0.99971858D+00,0.99973703D+00,0.99997653D+00,0.99971907D+00,0.99994575D+00,0.99995251D+00,0.99995062D+00,0.99789106D+00,0.99991000D+00,0.99880182D+00,0.99447130D+00,0.98917216D+00,0.99979862D+00,0.97235040D+00,0.99978277D+00,0.99974161D+00,0.99944165D+00,0.99955478D+00,0.99964058D+00,0.99996515D+00,0.99805357D+00,0.99998587D+00,0.99998813D+00,0.99991112D+00,0.99672470D+00,0.99748976D+00,0.99986804D+00,0.99992894D+00,0.99992907D+00,0.99966987D+00,0.99996814D+00,0.99996731D+00,0.99809784D+00,0.99870988D+00,0.97069289D+00,0.99998828D+00,0.99998941D+00,0.99998316D+00,0.99992960D+00,0.99883098D+00,0.69210184D+00,0.87295570D+00,0.99857346D+00,0.68305568D+00,0.92293184D+00,0.97603241D+00,0.98280913D+00
0.20000D+04,0.97158158D+00,0.99991303D+00,0.99963977D+00,0.99996870D+00,0.99967154D+00,0.99977621D+00,0.99979143D+00,0.99998043D+00,0.99977657D+00,0.99995693D+00,0.99996270D+00,0.99996102D+00,0.99826727D+00,0.99993254D+00,0.99901199D+00,0.99533364D+00,0.99088862D+00,0.99984044D+00,0.97383689D+00,0.99982886D+00,0.99979706D+00,0.99956334D+00,0.99965207D+00,0.99971710D+00,0.99997074D+00,0.99846218D+00,0.99998745D+00,0.99998930D+00,0.99993015D+00,0.99727719D+00,0.99791478D+00,0.99989721D+00,0.99994410D+00,0.99994485D+00,0.99973686D+00,0.99997431D+00,0.99997305D+00,0.99843354D+00,0.99898428D+00,0.97290949D+00,0.99998930D+00,0.99999035D+00,0.99998546D+00,0.99994372D+00,0.99905734D+00,0.71130057D+00,0.88478154D+00,0.99885365D+00,0.70336277D+00,0.92967635D+00,0.97903377D+00,0.98459468D+00
0.20500D+04,0.97468184D+00,0.99993216D+00,0.99971348D+00,0.99997382D+00,0.99973851D+00,0.99982192D+00,0.99983440D+00,0.99998334D+00,0.99982225D+00,0.99996545D+00,0.99997036D+00,0.99996883D+00,0.99857797D+00,0.99994878D+00,0.99918520D+00,0.99604491D+00,0.99232236D+00,0.99987306D+00,0.97523511D+00,0.99986474D+00,0.99984011D+00,0.99965763D+00,0.99972723D+00,0.99977622D+00,0.99997504D+00,0.99878386D+00,0.99998863D+00,0.99999017D+00,0.99994458D+00,0.99773651D+00,0.99826613D+00,0.99991951D+00,0.99995552D+00,0.99995669D+00,0.99979003D+00,0.99997902D+00,0.99997743D+00,0.99870725D+00,0.99919855D+00,0.97495044D+00,0.99999009D+00,0.99999106D+00,0.99998717D+00,0.99995470D+00,0.99924066D+00,0.72922249D+00,0.89548730D+00,0.99908118D+00,0.72231096D+00,0.93575556D+00,0.98161745D+00,0.98615999D+00
0.21000D+04,0.97744120D+00,0.99994658D+00,0.99977203D+00,0.99997767D+00,0.99979105D+00,0.99985817D+00,0.99986834D+00,0.99998551D+00,0.99985850D+00,0.99997192D+00,0.99997612D+00,0.99997469D+00,0.99883474D+00,0.99996045D+00,0.99932816D+00,0.99663355D+00,0.99351967D+00,0.99989850D+00,0.97655244D+00,0.99989270D+00,0.99987356D+00,0.99973081D+00,0.99978543D+00,0.99982203D+00,0.99997834D+00,0.99903736D+00,0.99998950D+00,0.99999081D+00,0.99995552D+00,0.99811935D+00,0.99855767D+00,0.99993656D+00,0.99996411D+00,0.99996558D+00,0.99983225D+00,0.99998261D+00,0.99998078D+00,0.99893148D+00,0.99936624D+00,0.97682820D+00,0.99999069D+00,0.99999159D+00,0.99998845D+00,0.99996325D+00,0.99938901D+00,0.74594220D+00,0.90517233D+00,0.99926525D+00,0.73997182D+00,0.94122359D+00,0.98384099D+00,0.98753338D+00
0.21500D+04,0.97989647D+00,0.99995745D+00,0.99981854D+00,0.99998057D+00,0.99983233D+00,0.99988690D+00,0.99989517D+00,0.99998713D+00,0.99988727D+00,0.99997684D+00,0.99998044D+00,0.99997910D+00,0.99904683D+00,0.99996881D+00,0.99944626D+00,0.99712235D+00,0.99451971D+00,0.99991835D+00,0.97779541D+00,0.99991450D+00,0.99989956D+00,0.99978770D+00,0.99983061D+00,0.99985762D+00,0.99998089D+00,0.99923730D+00,0.99999016D+00,0.99999129D+00,0.99996380D+00,0.99843887D+00,0.99880025D+00,0.99994958D+00,0.99997058D+00,0.99997226D+00,0.99986578D+00,0.99998536D+00,0.99998335D+00,0.99911590D+00,0.99949774D+00,0.97855459D+00,0.99999115D+00,0.99999199D+00,0.99998939D+00,0.99996990D+00,0.99950893D+00,0.76153754D+00,0.91392934D+00,0.99941362D+00,0.75642122D+00,0.94613359D+00,0.98575504D+00,0.98873990D+00
0.22000D+04,0.98208057D+00,0.99996563D+00,0.99985545D+00,0.99998275D+00,0.99986482D+00,0.99990967D+00,0.99991636D+00,0.99998834D+00,0.99991008D+00,0.99998056D+00,0.99998369D+00,0.99998240D+00,0.99922179D+00,0.99997479D+00,0.99954386D+00,0.99752961D+00,0.99535540D+00,0.99993384D+00,0.97896978D+00,0.99993150D+00,0.99991978D+00,0.99983197D+00,0.99986575D+00,0.99988532D+00,0.99998285D+00,0.99939514D+00,0.99999064D+00,0.99999164D+00,0.99997006D+00,0.99870566D+00,0.99900243D+00,0.99995953D+00,0.99997546D+00,0.99997726D+00,0.99989241D+00,0.99998746D+00,0.99998531D+00,0.99926805D+00,0.99960108D+00,0.98014086D+00,0.99999151D+00,0.99999229D+00,0.99999010D+00,0.99997508D+00,0.99960571D+00,0.77608679D+00,0.92184425D+00,0.99953279D+00,0.77173669D+00,0.95053712D+00,0.98740387D+00,0.98980161D+00
0.22500D+04,0.98402298D+00,0.99997179D+00,0.99988473D+00,0.99998437D+00,0.99989045D+00,0.99992771D+00,0.99993309D+00,0.99998924D+00,0.99992815D+00,0.99998338D+00,0.99998612D+00,0.99998488D+00,0.99936584D+00,0.99997907D+00,0.99962451D+00,0.99787004D+00,0.99605433D+00,0.99994594D+00,0.98008064D+00,0.99994477D+00,0.99993550D+00,0.99986647D+00,0.99989312D+00,0.99990694D+00,0.99998437D+00,0.99951982D+00,0.99999100D+00,0.99999190D+00,0.99997478D+00,0.99892833D+00,0.99917111D+00,0.99996713D+00,0.99997913D+00,0.99998102D+00,0.99991357D+00,0.99998907D+00,0.99998682D+00,0.99939385D+00,0.99968243D+00,0.98159765D+00,0.99999178D+00,0.99999252D+00,0.99999062D+00,0.99997912D+00,0.99968366D+00,0.78966656D+00,0.92899627D+00,0.99962818D+00,0.78599530D+00,0.95448360D+00,0.98882594D+00,0.99073783D+00
0.23000D+04,0.98575007D+00,0.99997643D+00,0.99990795D+00,0.99998559D+00,0.99991070D+00,0.99994199D+00,0.99994631D+00,0.99998991D+00,0.99994246D+00,0.99998550D+00,0.99998794D+00,0.99998673D+00,0.99948416D+00,0.99998212D+00,0.99969112D+00,0.99815553D+00,0.99663952D+00,0.99995538D+00,0.98113251D+00,0.99995512D+00,0.99994774D+00,0.99989338D+00,0.99991447D+00,0.99992382D+00,0.99998554D+00,0.99961838D+00,0.99999127D+00,0.99999209D+00,0.99997835D+00,0.99911401D+00,0.99931187D+00,0.99997293D+00,0.99998190D+00,0.99998383D+00,0.99993037D+00,0.99999030D+00,0.99998798D+00,0.99949804D+00,0.99974658D+00,0.98293502D+00,0.99999198D+00,0.99999269D+00,0.99999101D+00,0.99998226D+00,0.99974633D+00,0.80235023D+00,0.93545804D+00,0.99970428D+00,0.79927214D+00,0.95801984D+00,0.99005444D+00,0.99156537D+00
0.23500D+04,0.98728544D+00,0.99997993D+00,0.99992635D+00,0.99998649D+00,0.99992674D+00,0.99995328D+00,0.99995675D+00,0.99999040D+00,0.99995379D+00,0.99998709D+00,0.99998930D+00,0.99998812D+00,0.99958110D+00,0.99998430D+00,0.99974608D+00,0.99839570D+00,0.99713016D+00,0.99996275D+00,0.98212940D+00,0.99996320D+00,0.99995725D+00,0.99991437D+00,0.99993114D+00,0.99993702D+00,0.99998644D+00,0.99969631D+00,0.99999146D+00,0.99999223D+00,0.99998104D+00,0.99926862D+00,0.99942929D+00,0.99997737D+00,0.99998399D+00,0.99998594D+00,0.99994371D+00,0.99999124D+00,0.99998886D+00,0.99958438D+00,0.99979723D+00,0.98416241D+00,0.99999214D+00,0.99999282D+00,0.99999129D+00,0.99998472D+00,0.99979660D+00,0.81420697D+00,0.94129594D+00,0.99976482D+00,0.81163920D+00,0.96118965D+00,0.99111787D+00,0.99229883D+00
0.24000D+04,0.98865016D+00,0.99998255D+00,0.99994092D+00,0.99998717D+00,0.99993948D+00,0.99996221D+00,0.99996498D+00,0.99999077D+00,0.99996274D+00,0.99998829D+00,0.99999031D+00,0.99998915D+00,0.99966030D+00,0.99998586D+00,0.99979139D+00,0.99859837D+00,0.99754216D+00,0.99996850D+00,0.98307491D+00,0.99996951D+00,0.99996466D+00,0.99993076D+00,0.99994417D+00,0.99994736D+00,0.99998714D+00,0.99975796D+00,0.99999161D+00,0.99999233D+00,0.99998307D+00,0.99939713D+00,0.99952718D+00,0.99998076D+00,0.99998556D+00,0.99998752D+00,0.99995430D+00,0.99999197D+00,0.99998955D+00,0.99965597D+00,0.99983727D+00,0.98528870D+00,0.99999226D+00,0.99999291D+00,0.99999150D+00,0.99998663D+00,0.99983684D+00,0.82530111D+00,0.94657046D+00,0.99981285D+00,0.82316467D+00,0.96403365D+00,0.99204063D+00,0.99295083D+00
0.24500D+04,0.98986310D+00,0.99998453D+00,0.99995244D+00,0.99998767D+00,0.99994962D+00,0.99996927D+00,0.99997147D+00,0.99999104D+00,0.99996981D+00,0.99998918D+00,0.99999106D+00,0.99998993D+00,0.99972482D+00,0.99998696D+00,0.99982868D+00,0.99876993D+00,0.99788875D+00,0.99997299D+00,0.98397227D+00,0.99997443D+00,0.99997042D+00,0.99994356D+00,0.99995436D+00,0.99995546D+00,0.99998767D+00,0.99980673D+00,0.99999172D+00,0.99999240D+00,0.99998460D+00,0.99950374D+00,0.99960868D+00,0.99998335D+00,0.99998675D+00,0.99998870D+00,0.99996271D+00,0.99999252D+00,0.99999007D+00,0.99971530D+00,0.99986894D+00,0.98632218D+00,0.99999236D+00,0.99999298D+00,0.99999166D+00,0.99998812D+00,0.99986899D+00,0.83569186D+00,0.95133658D+00,0.99985087D+00,0.83391244D+00,0.96658907D+00,0.99284350D+00,0.99353224D+00
0.25000D+04,0.99094110D+00,0.99998602D+00,0.99996155D+00,0.99998803D+00,0.99995770D+00,0.99997483D+00,0.99997659D+00,0.99999124D+00,0.99997539D+00,0.99998985D+00,0.99999162D+00,0.99999050D+00,0.99977724D+00,0.99998775D+00,0.99985934D+00,0.99891560D+00,0.99818090D+00,0.99997649D+00,0.98482441D+00,0.99997827D+00,0.99997490D+00,0.99995356D+00,0.99996233D+00,0.99996180D+00,0.99998809D+00,0.99984531D+00,0.99999180D+00,0.99999246D+00,0.99998576D+00,0.99959200D+00,0.99967644D+00,0.99998533D+00,0.99998765D+00,0.99998958D+00,0.99996937D+00,0.99999294D+00,0.99999047D+00,0.99976444D+00,0.99989400D+00,0.98727058D+00,0.99999243D+00,0.99999304D+00,0.99999177D+00,0.99998928D+00,0.99989462D+00,0.84543327D+00,0.95564417D+00,0.99988089D+00,0.84394197D+00,0.96888978D+00,0.99354413D+00,0.99405242D+00
0.25500D+04,0.99189920D+00,0.99998714D+00,0.99996874D+00,0.99998831D+00,0.99996417D+00,0.99997922D+00,0.99998061D+00,0.99999139D+00,0.99997979D+00,0.99999034D+00,0.99999204D+00,0.99999093D+00,0.99981972D+00,0.99998832D+00,0.99988449D+00,0.99903968D+00,0.99842767D+00,0.99997923D+00,0.98563397D+00,0.99998127D+00,0.99997839D+00,0.99996138D+00,0.99996857D+00,0.99996678D+00,0.99998841D+00,0.99987581D+00,0.99999186D+00,0.99999250D+00,0.99998663D+00,0.99966491D+00,0.99973269D+00,0.99998685D+00,0.99998833D+00,0.99999023D+00,0.99997465D+00,0.99999326D+00,0.99999078D+00,0.99980510D+00,0.99991384D+00,0.98814106D+00,0.99999248D+00,0.99999308D+00,0.99999186D+00,0.99999019D+00,0.99991501D+00,0.85457440D+00,0.95953837D+00,0.99990456D+00,0.85330822D+00,0.97096626D+00,0.99415751D+00,0.99451939D+00
0.26000D+04,0.99275082D+00,0.99998798D+00,0.99997441D+00,0.99998851D+00,0.99996936D+00,0.99998268D+00,0.99998378D+00,0.99999150D+00,0.99998325D+00,0.99999071D+00,0.99999235D+00,0.99999124D+00,0.99985405D+00,0.99998872D+00,0.99990510D+00,0.99914571D+00,0.99863659D+00,0.99998136D+00,0.98640338D+00,0.99998361D+00,0.99998111D+00,0.99996748D+00,0.99997345D+00,0.99997068D+00,0.99998866D+00,0.99989993D+00,0.99999190D+00,0.99999253D+00,0.99998728D+00,0.99972500D+00,0.99977930D+00,0.99998801D+00,0.99998884D+00,0.99999072D+00,0.99997883D+00,0.99999350D+00,0.99999102D+00,0.99983870D+00,0.99992955D+00,0.98894025D+00,0.99999252D+00,0.99999311D+00,0.99999192D+00,0.99999089D+00,0.99993121D+00,0.86315961D+00,0.96306001D+00,0.99992320D+00,0.86206177D+00,0.97284579D+00,0.99469633D+00,0.99494002D+00
0.26500D+04,0.99350790D+00,0.99998861D+00,0.99997888D+00,0.99998866D+00,0.99997353D+00,0.99998540D+00,0.99998627D+00,0.99999158D+00,0.99998598D+00,0.99999098D+00,0.99999257D+00,0.99999147D+00,0.99988174D+00,0.99998901D+00,0.99992195D+00,0.99923664D+00,0.99881388D+00,0.99998302D+00,0.98713483D+00,0.99998544D+00,0.99998322D+00,0.99997225D+00,0.99997727D+00,0.99997374D+00,0.99998884D+00,0.99991899D+00,0.99999193D+00,0.99999255D+00,0.99998777D+00,0.99977441D+00,0.99981784D+00,0.99998889D+00,0.99998922D+00,0.99999108D+00,0.99998213D+00,0.99999369D+00,0.99999120D+00,0.99986643D+00,0.99994199D+00,0.98967430D+00,0.99999255D+00,0.99999313D+00,0.99999196D+00,0.99999143D+00,0.99994406D+00,0.87122890D+00,0.96624596D+00,0.99993784D+00,0.87024902D+00,0.97455255D+00,0.99517130D+00,0.99532021D+00
0.27000D+04,0.99418111D+00,0.99998908D+00,0.99998240D+00,0.99998876D+00,0.99997690D+00,0.99998754D+00,0.99998822D+00,0.99999163D+00,0.99998812D+00,0.99999118D+00,0.99999274D+00,0.99999165D+00,0.99990401D+00,0.99998922D+00,0.99993570D+00,0.99931488D+00,0.99896470D+00,0.99998432D+00,0.98783038D+00,0.99998687D+00,0.99998486D+00,0.99997597D+00,0.99998025D+00,0.99997614D+00,0.99998899D+00,0.99993404D+00,0.99999195D+00,0.99999256D+00,0.99998814D+00,0.99981497D+00,0.99984966D+00,0.99998957D+00,0.99998951D+00,0.99999135D+00,0.99998475D+00,0.99999383D+00,0.99999134D+00,0.99988927D+00,0.99995183D+00,0.99034885D+00,0.99999257D+00,0.99999314D+00,0.99999200D+00,0.99999186D+00,0.99995423D+00,0.87881829D+00,0.96912949D+00,0.99994934D+00,0.87791242D+00,0.97610790D+00,0.99559151D+00,0.99566497D+00
0.27500D+04,0.99477992D+00,0.99998944D+00,0.99998517D+00,0.99998884D+00,0.99997962D+00,0.99998921D+00,0.99998976D+00,0.99999168D+00,0.99998979D+00,0.99999133D+00,0.99999286D+00,0.99999177D+00,0.99992189D+00,0.99998937D+00,0.99994690D+00,0.99938246D+00,0.99909333D+00,0.99998533D+00,0.98849190D+00,0.99998798D+00,0.99998614D+00,0.99997888D+00,0.99998259D+00,0.99997802D+00,0.99998910D+00,0.99994591D+00,0.99999197D+00,0.99999257D+00,0.99998842D+00,0.99984817D+00,0.99987586D+00,0.99999009D+00,0.99998973D+00,0.99999155D+00,0.99998681D+00,0.99999394D+00,0.99999144D+00,0.99990806D+00,0.99995961D+00,0.99096906D+00,0.99999259D+00,0.99999316D+00,0.99999202D+00,0.99999219D+00,0.99996228D+00,0.88596028D+00,0.97174061D+00,0.99995835D+00,0.88509075D+00,0.97753052D+00,0.99596461D+00,0.99597862D+00
0.28000D+04,0.99531276D+00,0.99998970D+00,0.99998734D+00,0.99998890D+00,0.99998183D+00,0.99999053D+00,0.99999096D+00,0.99999171D+00,0.99999111D+00,0.99999143D+00,0.99999295D+00,0.99999187D+00,0.99993621D+00,0.99998948D+00,0.99995601D+00,0.99944107D+00,0.99920333D+00,0.99998612D+00,0.98912113D+00,0.99998884D+00,0.99998713D+00,0.99998114D+00,0.99998441D+00,0.99997949D+00,0.99998919D+00,0.99995527D+00,0.99999198D+00,0.99999258D+00,0.99998863D+00,0.99987531D+00,0.99989740D+00,0.99999049D+00,0.99998990D+00,0.99999170D+00,0.99998843D+00,0.99999402D+00,0.99999152D+00,0.99992347D+00,0.99996576D+00,0.99153970D+00,0.99999261D+00,0.99999317D+00,0.99999204D+00,0.99999244D+00,0.99996863D+00,0.89268421D+00,0.97410631D+00,0.99996542D+00,0.89181944D+00,0.97883672D+00,0.99629709D+00,0.99626484D+00
0.28500D+04,0.99578710D+00,0.99998990D+00,0.99998905D+00,0.99998895D+00,0.99998363D+00,0.99999156D+00,0.99999190D+00,0.99999173D+00,0.99999214D+00,0.99999151D+00,0.99999302D+00,0.99999194D+00,0.99994767D+00,0.99998956D+00,0.99996340D+00,0.99949210D+00,0.99929765D+00,0.99998674D+00,0.98971969D+00,0.99998952D+00,0.99998790D+00,0.99998291D+00,0.99998583D+00,0.99998064D+00,0.99998925D+00,0.99996265D+00,0.99999199D+00,0.99999259D+00,0.99998879D+00,0.99989744D+00,0.99991506D+00,0.99999079D+00,0.99999002D+00,0.99999181D+00,0.99998972D+00,0.99999408D+00,0.99999159D+00,0.99993610D+00,0.99997062D+00,0.99206511D+00,0.99999262D+00,0.99999317D+00,0.99999205D+00,0.99999264D+00,0.99997365D+00,0.89901667D+00,0.97625093D+00,0.99997096D+00,0.89813080D+00,0.98004064D+00,0.99659444D+00,0.99652679D+00
0.29000D+04,0.99620960D+00,0.99999005D+00,0.99999038D+00,0.99998898D+00,0.99998509D+00,0.99999236D+00,0.99999263D+00,0.99999175D+00,0.99999294D+00,0.99999157D+00,0.99999307D+00,0.99999199D+00,0.99995683D+00,0.99998961D+00,0.99996939D+00,0.99953672D+00,0.99937874D+00,0.99998721D+00,0.99028908D+00,0.99999004D+00,0.99998850D+00,0.99998429D+00,0.99998695D+00,0.99998154D+00,0.99998930D+00,0.99996845D+00,0.99999200D+00,0.99999259D+00,0.99998890D+00,0.99991545D+00,0.99992952D+00,0.99999102D+00,0.99999011D+00,0.99999189D+00,0.99999072D+00,0.99999413D+00,0.99999163D+00,0.99994643D+00,0.99997446D+00,0.99254925D+00,0.99999262D+00,0.99999318D+00,0.99999206D+00,0.99999279D+00,0.99997760D+00,0.90498183D+00,0.97819636D+00,0.99997529D+00,0.90405439D+00,0.98115449D+00,0.99686132D+00,0.99676718D+00
0.29500D+04,0.99658613D+00,0.99999016D+00,0.99999142D+00,0.99998900D+00,0.99998630D+00,0.99999299D+00,0.99999320D+00,0.99999176D+00,0.99999357D+00,0.99999161D+00,0.99999310D+00,0.99999202D+00,0.99996412D+00,0.99998966D+00,0.99997423D+00,0.99957590D+00,0.99944866D+00,0.99998759D+00,0.99083072D+00,0.99999045D+00,0.99998896D+00,0.99998536D+00,0.99998781D+00,0.99998224D+00,0.99998934D+00,0.99997301D+00,0.99999200D+00,0.99999259D+00,0.99998899D+00,0.99993008D+00,0.99994133D+00,0.99999120D+00,0.99999019D+00,0.99999195D+00,0.99999151D+00,0.99999417D+00,0.99999167D+00,0.99995486D+00,0.99997748D+00,0.99299575D+00,0.99999263D+00,0.99999318D+00,0.99999207D+00,0.99999290D+00,0.99998071D+00,0.91060176D+00,0.97996228D+00,0.99997867D+00,0.90961717D+00,0.98218880D+00,0.99710167D+00,0.99698833D+00
0.30000D+04,0.99692192D+00,0.99999024D+00,0.99999224D+00,0.99998902D+00,0.99998729D+00,0.99999348D+00,0.99999365D+00,0.99999177D+00,0.99999406D+00,0.99999164D+00,0.99999313D+00,0.99999205D+00,0.99996994D+00,0.99998969D+00,0.99997814D+00,0.99961048D+00,0.99950912D+00,0.99998787D+00,0.99134591D+00,0.99999077D+00,0.99998932D+00,0.99998619D+00,0.99998849D+00,0.99998279D+00,0.99998937D+00,0.99997659D+00,0.99999201D+00,0.99999260D+00,0.99998906D+00,0.99994194D+00,0.99995096D+00,0.99999133D+00,0.99999024D+00,0.99999199D+00,0.99999214D+00,0.99999420D+00,0.99999170D+00,0.99996172D+00,0.99997987D+00,0.99340789D+00,0.99999263D+00,0.99999318D+00,0.99999207D+00,0.99999299D+00,0.99998316D+00,0.91589673D+00,0.98156639D+00,0.99998132D+00,0.91484386D+00,0.98315258D+00,0.99731886D+00,0.99719224D+00
0.30500D+04,0.99722158D+00,0.99999030D+00,0.99999287D+00,0.99998903D+00,0.99998811D+00,0.99999386D+00,0.99999400D+00,0.99999177D+00,0.99999444D+00,0.99999167D+00,0.99999315D+00,0.99999207D+00,0.99997456D+00,0.99998971D+00,0.99998129D+00,0.99964112D+00,0.99956153D+00,0.99998810D+00,0.99183589D+00,0.99999101D+00,0.99998960D+00,0.99998684D+00,0.99998901D+00,0.99998322D+00,0.99998939D+00,0.99997939D+00,0.99999201D+00,0.99999260D+00,0.99998911D+00,0.99995155D+00,0.99995880D+00,0.99999144D+00,0.99999028D+00,0.99999203D+00,0.99999262D+00,0.99999422D+00,0.99999172D+00,0.99996730D+00,0.99998174D+00,0.99378868D+00,0.99999264D+00,0.99999319D+00,0.99999207D+00,0.99999306D+00,0.99998509D+00,0.92088543D+00,0.98302462D+00,0.99998339D+00,0.91975708D+00,0.98405356D+00,0.99751573D+00,0.99738065D+00
0.31000D+04,0.99748921D+00,0.99999035D+00,0.99999337D+00,0.99998904D+00,0.99998879D+00,0.99999416D+00,0.99999427D+00,0.99999178D+00,0.99999474D+00,0.99999168D+00,0.99999316D+00,0.99999209D+00,0.99997823D+00,0.99998972D+00,0.99998383D+00,0.99966841D+00,0.99960711D+00,0.99998827D+00,0.99230180D+00,0.99999120D+00,0.99998981D+00,0.99998734D+00,0.99998942D+00,0.99998355D+00,0.99998941D+00,0.99998159D+00,0.99999201D+00,0.99999260D+00,0.99998915D+00,0.99995930D+00,0.99996516D+00,0.99999151D+00,0.99999031D+00,0.99999205D+00,0.99999301D+00,0.99999423D+00,0.99999173D+00,0.99997183D+00,0.99998321D+00,0.99414085D+00,0.99999264D+00,0.99999319D+00,0.99999208D+00,0.99999312D+00,0.99998660D+00,0.92558519D+00,0.98435125D+00,0.99998501D+00,0.92437761D+00,0.98489835D+00,0.99769474D+00,0.99755506D+00
0.31500D+04,0.99772841D+00,0.99999038D+00,0.99999375D+00,0.99998904D+00,0.99998936D+00,0.99999439D+00,0.99999448D+00,0.99999178D+00,0.99999497D+00,0.99999169D+00,0.99999317D+00,0.99999210D+00,0.99998114D+00,0.99998973D+00,0.99998586D+00,0.99969281D+00,0.99964686D+00,0.99998841D+00,0.99274473D+00,0.99999135D+00,0.99998998D+00,0.99998773D+00,0.99998974D+00,0.99998381D+00,0.99998942D+00,0.99998331D+00,0.99999201D+00,0.99999260D+00,0.99998918D+00,0.99996556D+00,0.99997031D+00,0.99999157D+00,0.99999033D+00,0.99999207D+00,0.99999330D+00,0.99999424D+00,0.99999175D+00,0.99997549D+00,0.99998437D+00,0.99446687D+00,0.99999264D+00,0.99999319D+00,0.99999208D+00,0.99999316D+00,0.99998779D+00,0.93001213D+00,0.98555913D+00,0.99998627D+00,0.92872452D+00,0.98569257D+00,0.99785798D+00,0.99771676D+00
0.32000D+04,0.99794239D+00,0.99999041D+00,0.99999405D+00,0.99998905D+00,0.99998983D+00,0.99999457D+00,0.99999464D+00,0.99999178D+00,0.99999515D+00,0.99999170D+00,0.99999318D+00,0.99999210D+00,0.99998345D+00,0.99998974D+00,0.99998749D+00,0.99971475D+00,0.99968162D+00,0.99998851D+00,0.99316569D+00,0.99999147D+00,0.99999011D+00,0.99998803D+00,0.99998998D+00,0.99998401D+00,0.99998943D+00,0.99998465D+00,0.99999201D+00,0.99999260D+00,0.99998920D+00,0.99997060D+00,0.99997448D+00,0.99999162D+00,0.99999035D+00,0.99999208D+00,0.99999354D+00,0.99999425D+00,0.99999176D+00,0.99997846D+00,0.99998528D+00,0.99476899D+00,0.99999264D+00,0.99999319D+00,0.99999208D+00,0.99999319D+00,0.99998872D+00,0.93418136D+00,0.98665982D+00,0.99998725D+00,0.93281540D+00,0.98644104D+00,0.99800723D+00,0.99786691D+00
0.32500D+04,0.99813398D+00,0.99999043D+00,0.99999429D+00,0.99998905D+00,0.99999023D+00,0.99999471D+00,0.99999477D+00,0.99999179D+00,0.99999528D+00,0.99999171D+00,0.99999318D+00,0.99999211D+00,0.99998528D+00,0.99998975D+00,0.99998880D+00,0.99973454D+00,0.99971211D+00,0.99998859D+00,0.99356564D+00,0.99999155D+00,0.99999021D+00,0.99998826D+00,0.99999017D+00,0.99998416D+00,0.99998944D+00,0.99998570D+00,0.99999202D+00,0.99999260D+00,0.99998921D+00,0.99997465D+00,0.99997785D+00,0.99999165D+00,0.99999036D+00,0.99999209D+00,0.99999372D+00,0.99999426D+00,0.99999176D+00,0.99998085D+00,0.99998598D+00,0.99504926D+00,0.99999264D+00,0.99999319D+00,0.99999208D+00,0.99999321D+00,0.99998946D+00,0.93810705D+00,0.98766369D+00,0.99998802D+00,0.93666645D+00,0.98714786D+00,0.99814406D+00,0.99800649D+00
0.33000D+04,0.99830568D+00,0.99999044D+00,0.99999447D+00,0.99998905D+00,0.99999057D+00,0.99999482D+00,0.99999486D+00,0.99999179D+00,0.99999539D+00,0.99999171D+00,0.99999318D+00,0.99999211D+00,0.99998673D+00,0.99998975D+00,0.99998984D+00,0.99975247D+00,0.99973893D+00,0.99998865D+00,0.99394549D+00,0.99999162D+00,0.99999028D+00,0.99998844D+00,0.99999032D+00,0.99998429D+00,0.99998945D+00,0.99998651D+00,0.99999202D+00,0.99999260D+00,0.99998922D+00,0.99997790D+00,0.99998056D+00,0.99999168D+00,0.99999037D+00,0.99999209D+00,0.99999386D+00,0.99999426D+00,0.99999177D+00,0.99998277D+00,0.99998654D+00,0.99530954D+00,0.99999264D+00,0.99999319D+00,0.99999208D+00,0.99999323D+00,0.99999003D+00,0.94180256D+00,0.98858006D+00,0.99998862D+00,0.94029265D+00,0.98781653D+00,0.99826978D+00,0.99813639D+00
0.33500D+04,0.99845969D+00,0.99999045D+00,0.99999460D+00,0.99998905D+00,0.99999086D+00,0.99999490D+00,0.99999494D+00,0.99999179D+00,0.99999547D+00,0.99999172D+00,0.99999319D+00,0.99999212D+00,0.99998787D+00,0.99998976D+00,0.99999067D+00,0.99976879D+00,0.99976258D+00,0.99998870D+00,0.99430607D+00,0.99999167D+00,0.99999034D+00,0.99998858D+00,0.99999043D+00,0.99998438D+00,0.99998945D+00,0.99998715D+00,0.99999202D+00,0.99999260D+00,0.99998923D+00,0.99998050D+00,0.99998275D+00,0.99999170D+00,0.99999038D+00,0.99999210D+00,0.99999397D+00,0.99999427D+00,0.99999177D+00,0.99998432D+00,0.99998697D+00,0.99555150D+00,0.99999264D+00,0.99999319D+00,0.99999208D+00,0.99999324D+00,0.99999048D+00,0.94528051D+00,0.98941730D+00,0.99998908D+00,0.94370786D+00,0.98845007D+00,0.99838555D+00,0.99825739D+00
0.34000D+04,0.99859797D+00,0.99999046D+00,0.99999471D+00,0.99998906D+00,0.99999111D+00,0.99999496D+00,0.99999500D+00,0.99999179D+00,0.99999554D+00,0.99999172D+00,0.99999319D+00,0.99999212D+00,0.99998877D+00,0.99998976D+00,0.99999134D+00,0.99978370D+00,0.99978350D+00,0.99998874D+00,0.99464821D+00,0.99999171D+00,0.99999038D+00,0.99998869D+00,0.99999052D+00,0.99998445D+00,0.99998946D+00,0.99998764D+00,0.99999202D+00,0.99999260D+00,0.99998924D+00,0.99998259D+00,0.99998450D+00,0.99999171D+00,0.99999038D+00,0.99999210D+00,0.99999405D+00,0.99999427D+00,0.99999177D+00,0.99998557D+00,0.99998731D+00,0.99577668D+00,0.99999265D+00,0.99999319D+00,0.99999208D+00,0.99999326D+00,0.99999083D+00,0.94855284D+00,0.99018296D+00,0.99998944D+00,0.94692492D+00,0.98905105D+00,0.99849238D+00,0.99837017D+00
0.34500D+04,0.99872226D+00,0.99999047D+00,0.99999480D+00,0.99998906D+00,0.99999132D+00,0.99999501D+00,0.99999504D+00,0.99999179D+00,0.99999559D+00,0.99999172D+00,0.99999319D+00,0.99999212D+00,0.99998948D+00,0.99998976D+00,0.99999186D+00,0.99979736D+00,0.99980205D+00,0.99998877D+00,0.99497267D+00,0.99999175D+00,0.99999042D+00,0.99998877D+00,0.99999059D+00,0.99998451D+00,0.99998946D+00,0.99998802D+00,0.99999202D+00,0.99999260D+00,0.99998924D+00,0.99998425D+00,0.99998591D+00,0.99999172D+00,0.99999038D+00,0.99999211D+00,0.99999412D+00,0.99999427D+00,0.99999178D+00,0.99998656D+00,0.99998757D+00,0.99598647D+00,0.99999265D+00,0.99999319D+00,0.99999208D+00,0.99999326D+00,0.99999111D+00,0.95163090D+00,0.99088379D+00,0.99998972D+00,0.94995578D+00,0.98962170D+00,0.99859114D+00,0.99847537D+00
0.35000D+04,0.99883408D+00,0.99999047D+00,0.99999486D+00,0.99998906D+00,0.99999151D+00,0.99999505D+00,0.99999507D+00,0.99999179D+00,0.99999562D+00,0.99999172D+00,0.99999319D+00,0.99999212D+00,0.99999004D+00,0.99998976D+00,0.99999228D+00,0.99980993D+00,0.99981855D+00,0.99998879D+00,0.99528017D+00,0.99999177D+00,0.99999045D+00,0.99998884D+00,0.99999064D+00,0.99998455D+00,0.99998946D+00,0.99998832D+00,0.99999202D+00,0.99999260D+00,0.99998925D+00,0.99998558D+00,0.99998703D+00,0.99999173D+00,0.99999039D+00,0.99999211D+00,0.99999417D+00,0.99999427D+00,0.99999178D+00,0.99998736D+00,0.99998778D+00,0.99618214D+00,0.99999265D+00,0.99999319D+00,0.99999208D+00,0.99999327D+00,0.99999132D+00,0.95452544D+00,0.99152590D+00,0.99998994D+00,0.95281153D+00,0.99016397D+00,0.99868259D+00,0.99857353D+00
0.35500D+04,0.99893478D+00,0.99999047D+00,0.99999491D+00,0.99998906D+00,0.99999167D+00,0.99999508D+00,0.99999510D+00,0.99999179D+00,0.99999565D+00,0.99999172D+00,0.99999319D+00,0.99999212D+00,0.99999048D+00,0.99998976D+00,0.99999262D+00,0.99982152D+00,0.99983326D+00,0.99998880D+00,0.99557141D+00,0.99999179D+00,0.99999047D+00,0.99998888D+00,0.99999068D+00,0.99998458D+00,0.99998946D+00,0.99998855D+00,0.99999202D+00,0.99999260D+00,0.99998925D+00,0.99998664D+00,0.99998793D+00,0.99999174D+00,0.99999039D+00,0.99999211D+00,0.99999421D+00,0.99999427D+00,0.99999178D+00,0.99998800D+00,0.99998794D+00,0.99636483D+00,0.99999265D+00,0.99999319D+00,0.99999208D+00,0.99999327D+00,0.99999149D+00,0.95724671D+00,0.99211476D+00,0.99999011D+00,0.95550252D+00,0.99067954D+00,0.99876741D+00,0.99866517D+00
0.36000D+04,0.99902558D+00,0.99999048D+00,0.99999495D+00,0.99998906D+00,0.99999181D+00,0.99999510D+00,0.99999512D+00,0.99999179D+00,0.99999567D+00,0.99999172D+00,0.99999319D+00,0.99999212D+00,0.99999083D+00,0.99998976D+00,0.99999288D+00,0.99983223D+00,0.99984640D+00,0.99998882D+00,0.99584706D+00,0.99999180D+00,0.99999048D+00,0.99998892D+00,0.99999071D+00,0.99998461D+00,0.99998946D+00,0.99998872D+00,0.99999202D+00,0.99999260D+00,0.99998925D+00,0.99998748D+00,0.99998865D+00,0.99999174D+00,0.99999039D+00,0.99999211D+00,0.99999424D+00,0.99999428D+00,0.99999178D+00,0.99998850D+00,0.99998806D+00,0.99653559D+00,0.99999265D+00,0.99999319D+00,0.99999208D+00,0.99999328D+00,0.99999162D+00,0.95980443D+00,0.99265531D+00,0.99999024D+00,0.95803840D+00,0.99116991D+00,0.99884617D+00,0.99875073D+00
0.36500D+04,0.99910753D+00,0.99999048D+00,0.99999497D+00,0.99998906D+00,0.99999193D+00,0.99999512D+00,0.99999514D+00,0.99999179D+00,0.99999569D+00,0.99999172D+00,0.99999319D+00,0.99999212D+00,0.99999110D+00,0.99998976D+00,0.99999309D+00,0.99984216D+00,0.99985819D+00,0.99998883D+00,0.99610776D+00,0.99999181D+00,0.99999049D+00,0.99998895D+00,0.99999073D+00,0.99998463D+00,0.99998946D+00,0.99998886D+00,0.99999202D+00,0.99999260D+00,0.99998925D+00,0.99998815D+00,0.99998923D+00,0.99999175D+00,0.99999039D+00,0.99999211D+00,0.99999427D+00,0.99999428D+00,0.99999178D+00,0.99998891D+00,0.99998816D+00,0.99669538D+00,0.99999265D+00,0.99999319D+00,0.99999208D+00,0.99999328D+00,0.99999172D+00,0.96220785D+00,0.99315198D+00,0.99999035D+00,0.96042820D+00,0.99163640D+00,0.99891941D+00,0.99883063D+00
0.37000D+04,0.99918157D+00,0.99999048D+00,0.99999500D+00,0.99998906D+00,0.99999204D+00,0.99999513D+00,0.99999515D+00,0.99999179D+00,0.99999570D+00,0.99999172D+00,0.99999319D+00,0.99999212D+00,0.99999132D+00,0.99998977D+00,0.99999325D+00,0.99985139D+00,0.99986877D+00,0.99998883D+00,0.99635411D+00,0.99999182D+00,0.99999050D+00,0.99998897D+00,0.99999075D+00,0.99998464D+00,0.99998946D+00,0.99998896D+00,0.99999202D+00,0.99999260D+00,0.99998926D+00,0.99998868D+00,0.99998968D+00,0.99999175D+00,0.99999039D+00,0.99999211D+00,0.99999428D+00,0.99999428D+00,0.99999178D+00,0.99998923D+00,0.99998823D+00,0.99684507D+00,0.99999265D+00,0.99999319D+00,0.99999208D+00,0.99999328D+00,0.99999180D+00,0.96446577D+00,0.99360878D+00,0.99999043D+00,0.96268037D+00,0.99208021D+00,0.99898758D+00,0.99890526D+00
0.37500D+04,0.99924854D+00,0.99999048D+00,0.99999501D+00,0.99998906D+00,0.99999214D+00,0.99999514D+00,0.99999516D+00,0.99999179D+00,0.99999571D+00,0.99999172D+00,0.99999319D+00,0.99999212D+00,0.99999148D+00,0.99998977D+00,0.99999338D+00,0.99985998D+00,0.99987830D+00,0.99998884D+00,0.99658673D+00,0.99999183D+00,0.99999051D+00,0.99998899D+00,0.99999076D+00,0.99998465D+00,0.99998946D+00,0.99998904D+00,0.99999202D+00,0.99999260D+00,0.99998926D+00,0.99998910D+00,0.99999004D+00,0.99999175D+00,0.99999039D+00,0.99999211D+00,0.99999430D+00,0.99999428D+00,0.99999178D+00,0.99998949D+00,0.99998829D+00,0.99698544D+00,0.99999265D+00,0.99999319D+00,0.99999208D+00,0.99999328D+00,0.99999186D+00,0.96658655D+00,0.99402932D+00,0.99999049D+00,0.96480282D+00,0.99250241D+00,0.99905110D+00,0.99897497D+00
0.38000D+04,0.99930919D+00,0.99999048D+00,0.99999503D+00,0.99998906D+00,0.99999223D+00,0.99999515D+00,0.99999516D+00,0.99999179D+00,0.99999572D+00,0.99999172D+00,0.99999319D+00,0.99999212D+00,0.99999162D+00,0.99998977D+00,0.99999348D+00,0.99986798D+00,0.99988690D+00,0.99998884D+00,0.99680617D+00,0.99999183D+00,0.99999051D+00,0.99998900D+00,0.99999077D+00,0.99998466D+00,0.99998946D+00,0.99998911D+00,0.99999202D+00,0.99999260D+00,0.99998926D+00,0.99998943D+00,0.99999033D+00,0.99999175D+00,0.99999039D+00,0.99999211D+00,0.99999431D+00,0.99999428D+00,0.99999178D+00,0.99998969D+00,0.99998833D+00,0.99711722D+00,0.99999265D+00,0.99999319D+00,0.99999208D+00,0.99999329D+00,0.99999191D+00,0.96857813D+00,0.99441685D+00,0.99999053D+00,0.96680298D+00,0.99290398D+00,0.99911033D+00,0.99904008D+00
0.38500D+04,0.99936417D+00,0.99999048D+00,0.99999504D+00,0.99998906D+00,0.99999231D+00,0.99999515D+00,0.99999517D+00,0.99999179D+00,0.99999573D+00,0.99999172D+00,0.99999319D+00,0.99999212D+00,0.99999172D+00,0.99998977D+00,0.99999357D+00,0.99987546D+00,0.99989469D+00,0.99998885D+00,0.99701301D+00,0.99999184D+00,0.99999052D+00,0.99998901D+00,0.99999078D+00,0.99998467D+00,0.99998946D+00,0.99998915D+00,0.99999202D+00,0.99999260D+00,0.99998926D+00,0.99998970D+00,0.99999056D+00,0.99999176D+00,0.99999040D+00,0.99999211D+00,0.99999432D+00,0.99999428D+00,0.99999178D+00,0.99998985D+00,0.99998837D+00,0.99724106D+00,0.99999265D+00,0.99999319D+00,0.99999208D+00,0.99999329D+00,0.99999195D+00,0.97044806D+00,0.99477431D+00,0.99999057D+00,0.96868785D+00,0.99328585D+00,0.99916560D+00,0.99910090D+00
0.39000D+04,0.99941408D+00,0.99999048D+00,0.99999504D+00,0.99998906D+00,0.99999238D+00,0.99999516D+00,0.99999517D+00,0.99999179D+00,0.99999573D+00,0.99999172D+00,0.99999319D+00,0.99999212D+00,0.99999180D+00,0.99998977D+00,0.99999363D+00,0.99988244D+00,0.99990174D+00,0.99998885D+00,0.99720778D+00,0.99999184D+00,0.99999052D+00,0.99998902D+00,0.99999079D+00,0.99998468D+00,0.99998946D+00,0.99998919D+00,0.99999202D+00,0.99999260D+00,0.99998926D+00,0.99998990D+00,0.99999074D+00,0.99999176D+00,0.99999040D+00,0.99999211D+00,0.99999432D+00,0.99999428D+00,0.99999178D+00,0.99998998D+00,0.99998840D+00,0.99735758D+00,0.99999265D+00,0.99999319D+00,0.99999208D+00,0.99999329D+00,0.99999198D+00,0.97220348D+00,0.99510434D+00,0.99999060D+00,0.97046399D+00,0.99364887D+00,0.99921721D+00,0.99915769D+00
0.39500D+04,0.99945943D+00,0.99999048D+00,0.99999505D+00,0.99998906D+00,0.99999244D+00,0.99999516D+00,0.99999518D+00,0.99999179D+00,0.99999573D+00,0.99999172D+00,0.99999319D+00,0.99999212D+00,0.99999186D+00,0.99998977D+00,0.99999368D+00,0.99988898D+00,0.99990815D+00,0.99998885D+00,0.99739102D+00,0.99999184D+00,0.99999052D+00,0.99998902D+00,0.99999079D+00,0.99998468D+00,0.99998946D+00,0.99998922D+00,0.99999202D+00,0.99999260D+00,0.99998926D+00,0.99999007D+00,0.99999088D+00,0.99999176D+00,0.99999040D+00,0.99999211D+00,0.99999433D+00,0.99999428D+00,0.99999178D+00,0.99999008D+00,0.99998842D+00,0.99746732D+00,0.99999265D+00,0.99999319D+00,0.99999208D+00,0.99999329D+00,0.99999200D+00,0.97385119D+00,0.99540935D+00,0.99999062D+00,0.97213758D+00,0.99399383D+00,0.99926542D+00,0.99921073D+00
0.40000D+04,0.99950069D+00,0.99999048D+00,0.99999505D+00,0.99998906D+00,0.99999250D+00,0.99999516D+00,0.99999518D+00,0.99999179D+00,0.99999574D+00,0.99999172D+00,0.99999319D+00,0.99999212D+00,0.99999191D+00,0.99998977D+00,0.99999372D+00,0.99989510D+00,0.99991398D+00,0.99998885D+00,0.99756324D+00,0.99999184D+00,0.99999052D+00,0.99998903D+00,0.99999080D+00,0.99998468D+00,0.99998946D+00,0.99998924D+00,0.99999202D+00,0.99999260D+00,0.99998926D+00,0.99999020D+00,0.99999100D+00,0.99999176D+00,0.99999040D+00,0.99999211D+00,0.99999433D+00,0.99999428D+00,0.99999178D+00,0.99999016D+00,0.99998843D+00,0.99757078D+00,0.99999265D+00,0.99999319D+00,0.99999208D+00,0.99999329D+00,0.99999202D+00,0.97539761D+00,0.99569150D+00,0.99999064D+00,0.97371448D+00,0.99432150D+00,0.99931048D+00,0.99926025D+00
0.40500D+04,0.99953827D+00,0.99999048D+00,0.99999506D+00,0.99998906D+00,0.99999255D+00,0.99999516D+00,0.99999518D+00,0.99999179D+00,0.99999574D+00,0.99999172D+00,0.99999319D+00,0.99999212D+00,0.99999195D+00,0.99998977D+00,0.99999375D+00,0.99990084D+00,0.99991929D+00,0.99998886D+00,0.99772494D+00,0.99999184D+00,0.99999053D+00,0.99998903D+00,0.99999080D+00,0.99998468D+00,0.99998946D+00,0.99998926D+00,0.99999202D+00,0.99999260D+00,0.99998926D+00,0.99999030D+00,0.99999108D+00,0.99999176D+00,0.99999040D+00,0.99999211D+00,0.99999434D+00,0.99999428D+00,0.99999178D+00,0.99999022D+00,0.99998844D+00,0.99766843D+00,0.99999265D+00,0.99999319D+00,0.99999208D+00,0.99999329D+00,0.99999203D+00,0.97684881D+00,0.99595276D+00,0.99999065D+00,0.97520017D+00,0.99463260D+00,0.99935260D+00,0.99930648D+00
0.41000D+04,0.99957255D+00,0.99999048D+00,0.99999506D+00,0.99998906D+00,0.99999260D+00,0.99999517D+00,0.99999518D+00,0.99999179D+00,0.99999574D+00,0.99999172D+00,0.99999319D+00,0.99999212D+00,0.99999198D+00,0.99998977D+00,0.99999377D+00,0.99990622D+00,0.99992415D+00,0.99998886D+00,0.99787661D+00,0.99999184D+00,0.99999053D+00,0.99998903D+00,0.99999080D+00,0.99998469D+00,0.99998946D+00,0.99998927D+00,0.99999202D+00,0.99999260D+00,0.99998926D+00,0.99999038D+00,0.99999115D+00,0.99999176D+00,0.99999040D+00,0.99999211D+00,0.99999434D+00,0.99999428D+00,0.99999178D+00,0.99999027D+00,0.99998845D+00,0.99776068D+00,0.99999265D+00,0.99999319D+00,0.99999208D+00,0.99999329D+00,0.99999204D+00,0.97821055D+00,0.99619489D+00,0.99999066D+00,0.97659985D+00,0.99492782D+00,0.99939200D+00,0.99934963D+00
0.41500D+04,0.99960385D+00,0.99999048D+00,0.99999506D+00,0.99998906D+00,0.99999265D+00,0.99999517D+00,0.99999518D+00,0.99999179D+00,0.99999574D+00,0.99999172D+00,0.99999319D+00,0.99999212D+00,0.99999200D+00,0.99998977D+00,0.99999379D+00,0.99991127D+00,0.99992860D+00,0.99998886D+00,0.99801874D+00,0.99999185D+00,0.99999053D+00,0.99998904D+00,0.99999080D+00,0.99998469D+00,0.99998946D+00,0.99998928D+00,0.99999202D+00,0.99999260D+00,0.99998926D+00,0.99999044D+00,0.99999121D+00,0.99999176D+00,0.99999040D+00,0.99999211D+00,0.99999434D+00,0.99999428D+00,0.99999178D+00,0.99999031D+00,0.99998846D+00,0.99784794D+00,0.99999265D+00,0.99999319D+00,0.99999208D+00,0.99999329D+00,0.99999205D+00,0.97948827D+00,0.99641952D+00,0.99999067D+00,0.97791842D+00,0.99520784D+00,0.99942885D+00,0.99938990D+00
0.42000D+04,0.99963247D+00,0.99999048D+00,0.99999506D+00,0.99998906D+00,0.99999269D+00,0.99999517D+00,0.99999518D+00,0.99999179D+00,0.99999574D+00,0.99999172D+00,0.99999319D+00,0.99999212D+00,0.99999202D+00,0.99998977D+00,0.99999381D+00,0.99991601D+00,0.99993268D+00,0.99998886D+00,0.99815179D+00,0.99999185D+00,0.99999053D+00,0.99998904D+00,0.99999080D+00,0.99998469D+00,0.99998946D+00,0.99998928D+00,0.99999202D+00,0.99999260D+00,0.99998926D+00,0.99999049D+00,0.99999125D+00,0.99999176D+00,0.99999040D+00,0.99999211D+00,0.99999434D+00,0.99999428D+00,0.99999178D+00,0.99999034D+00,0.99998847D+00,0.99793054D+00,0.99999265D+00,0.99999319D+00,0.99999208D+00,0.99999329D+00,0.99999206D+00,0.98068709D+00,0.99662809D+00,0.99999067D+00,0.97916052D+00,0.99547331D+00,0.99946332D+00,0.99942748D+00
0.42500D+04,0.99965867D+00,0.99999048D+00,0.99999506D+00,0.99998906D+00,0.99999273D+00,0.99999517D+00,0.99999518D+00,0.99999179D+00,0.99999574D+00,0.99999172D+00,0.99999319D+00,0.99999212D+00,0.99999203D+00,0.99998977D+00,0.99999382D+00,0.99992046D+00,0.99993642D+00,0.99998886D+00,0.99827622D+00,0.99999185D+00,0.99999053D+00,0.99998904D+00,0.99999080D+00,0.99998469D+00,0.99998946D+00,0.99998929D+00,0.99999202D+00,0.99999260D+00,0.99998926D+00,0.99999052D+00,0.99999129D+00,0.99999176D+00,0.99999040D+00,0.99999211D+00,0.99999434D+00,0.99999428D+00,0.99999178D+00,0.99999036D+00,0.99998847D+00,0.99800883D+00,0.99999265D+00,0.99999319D+00,0.99999208D+00,0.99999329D+00,0.99999206D+00,0.98181186D+00,0.99682193D+00,0.99999068D+00,0.98033052D+00,0.99572485D+00,0.99949558D+00,0.99946255D+00
0.43000D+04,0.99968268D+00,0.99999048D+00,0.99999507D+00,0.99998906D+00,0.99999276D+00,0.99999517D+00,0.99999518D+00,0.99999179D+00,0.99999574D+00,0.99999172D+00,0.99999319D+00,0.99999212D+00,0.99999204D+00,0.99998977D+00,0.99999383D+00,0.99992464D+00,0.99993986D+00,0.99998886D+00,0.99839247D+00,0.99999185D+00,0.99999053D+00,0.99998904D+00,0.99999080D+00,0.99998469D+00,0.99998946D+00,0.99998929D+00,0.99999202D+00,0.99999260D+00,0.99998926D+00,0.99999055D+00,0.99999131D+00,0.99999176D+00,0.99999040D+00,0.99999211D+00,0.99999434D+00,0.99999428D+00,0.99999178D+00,0.99999038D+00,0.99998847D+00,0.99808309D+00,0.99999265D+00,0.99999319D+00,0.99999208D+00,0.99999329D+00,0.99999206D+00,0.98286714D+00,0.99700224D+00,0.99999068D+00,0.98143257D+00,0.99596306D+00,0.99952576D+00,0.99949526D+00
0.43500D+04,0.99970472D+00,0.99999048D+00,0.99999507D+00,0.99998906D+00,0.99999280D+00,0.99999517D+00,0.99999518D+00,0.99999179D+00,0.99999574D+00,0.99999172D+00,0.99999319D+00,0.99999212D+00,0.99999205D+00,0.99998977D+00,0.99999383D+00,0.99992857D+00,0.99994304D+00,0.99998886D+00,0.99850097D+00,0.99999185D+00,0.99999053D+00,0.99998904D+00,0.99999080D+00,0.99998469D+00,0.99998946D+00,0.99998930D+00,0.99999202D+00,0.99999260D+00,0.99998926D+00,0.99999058D+00,0.99999133D+00,0.99999176D+00,0.99999040D+00,0.99999211D+00,0.99999434D+00,0.99999428D+00,0.99999178D+00,0.99999040D+00,0.99998848D+00,0.99815361D+00,0.99999265D+00,0.99999319D+00,0.99999208D+00,0.99999329D+00,0.99999207D+00,0.98385723D+00,0.99717013D+00,0.99999068D+00,0.98247057D+00,0.99618855D+00,0.99955400D+00,0.99952578D+00
0.44000D+04,0.99972496D+00,0.99999048D+00,0.99999507D+00,0.99998906D+00,0.99999283D+00,0.99999517D+00,0.99999518D+00,0.99999179D+00,0.99999574D+00,0.99999172D+00,0.99999319D+00,0.99999212D+00,0.99999206D+00,0.99998977D+00,0.99999384D+00,0.99993226D+00,0.99994596D+00,0.99998886D+00,0.99860216D+00,0.99999185D+00,0.99999053D+00,0.99998904D+00,0.99999081D+00,0.99998469D+00,0.99998946D+00,0.99998930D+00,0.99999202D+00,0.99999260D+00,0.99998926D+00,0.99999060D+00,0.99999135D+00,0.99999176D+00,0.99999040D+00,0.99999211D+00,0.99999434D+00,0.99999428D+00,0.99999178D+00,0.99999041D+00,0.99998848D+00,0.99822063D+00,0.99999265D+00,0.99999319D+00,0.99999208D+00,0.99999329D+00,0.99999207D+00,0.98478618D+00,0.99732658D+00,0.99999068D+00,0.98344822D+00,0.99640188D+00,0.99958043D+00,0.99955424D+00
0.44500D+04,0.99974359D+00,0.99999048D+00,0.99999507D+00,0.99998906D+00,0.99999286D+00,0.99999517D+00,0.99999518D+00,0.99999179D+00,0.99999574D+00,0.99999172D+00,0.99999319D+00,0.99999212D+00,0.99999206D+00,0.99998977D+00,0.99999384D+00,0.99993573D+00,0.99994867D+00,0.99998886D+00,0.99869642D+00,0.99999185D+00,0.99999053D+00,0.99998904D+00,0.99999081D+00,0.99998469D+00,0.99998946D+00,0.99998930D+00,0.99999202D+00,0.99999260D+00,0.99998926D+00,0.99999061D+00,0.99999136D+00,0.99999176D+00,0.99999040D+00,0.99999211D+00,0.99999434D+00,0.99999428D+00,0.99999178D+00,0.99999042D+00,0.99998848D+00,0.99828440D+00,0.99999265D+00,0.99999319D+00,0.99999208D+00,0.99999329D+00,0.99999207D+00,0.98565780D+00,0.99747249D+00,0.99999069D+00,0.98436901D+00,0.99660361D+00,0.99960515D+00,0.99958079D+00
0.45000D+04,0.99976074D+00,0.99999048D+00,0.99999507D+00,0.99998906D+00,0.99999288D+00,0.99999517D+00,0.99999519D+00,0.99999179D+00,0.99999574D+00,0.99999172D+00,0.99999319D+00,0.99999212D+00,0.99999206D+00,0.99998977D+00,0.99999385D+00,0.99993899D+00,0.99995117D+00,0.99998886D+00,0.99878416D+00,0.99999185D+00,0.99999053D+00,0.99998904D+00,0.99999081D+00,0.99998469D+00,0.99998946D+00,0.99998930D+00,0.99999202D+00,0.99999260D+00,0.99998926D+00,0.99999062D+00,0.99999137D+00,0.99999176D+00,0.99999040D+00,0.99999211D+00,0.99999434D+00,0.99999428D+00,0.99999178D+00,0.99999043D+00,0.99998848D+00,0.99834512D+00,0.99999265D+00,0.99999319D+00,0.99999208D+00,0.99999329D+00,0.99999207D+00,0.98647569D+00,0.99760871D+00,0.99999069D+00,0.98523625D+00,0.99679429D+00,0.99962828D+00,0.99960555D+00
0.45500D+04,0.99977656D+00,0.99999048D+00,0.99999507D+00,0.99998906D+00,0.99999291D+00,0.99999517D+00,0.99999519D+00,0.99999179D+00,0.99999574D+00,0.99999172D+00,0.99999319D+00,0.99999212D+00,0.99999207D+00,0.99998977D+00,0.99999385D+00,0.99994205D+00,0.99995348D+00,0.99998886D+00,0.99886576D+00,0.99999185D+00,0.99999053D+00,0.99998904D+00,0.99999081D+00,0.99998469D+00,0.99998946D+00,0.99998930D+00,0.99999202D+00,0.99999260D+00,0.99998926D+00,0.99999063D+00,0.99999138D+00,0.99999176D+00,0.99999040D+00,0.99999211D+00,0.99999434D+00,0.99999428D+00,0.99999178D+00,0.99999043D+00,0.99998848D+00,0.99840299D+00,0.99999265D+00,0.99999319D+00,0.99999208D+00,0.99999329D+00,0.99999207D+00,0.98724319D+00,0.99773596D+00,0.99999069D+00,0.98605305D+00,0.99697443D+00,0.99964993D+00,0.99962864D+00
0.46000D+04,0.99979116D+00,0.99999048D+00,0.99999507D+00,0.99998906D+00,0.99999293D+00,0.99999517D+00,0.99999519D+00,0.99999179D+00,0.99999574D+00,0.99999172D+00,0.99999319D+00,0.99999212D+00,0.99999207D+00,0.99998977D+00,0.99999385D+00,0.99994493D+00,0.99995563D+00,0.99998886D+00,0.99894158D+00,0.99999185D+00,0.99999053D+00,0.99998904D+00,0.99999081D+00,0.99998469D+00,0.99998946D+00,0.99998930D+00,0.99999202D+00,0.99999260D+00,0.99998926D+00,0.99999064D+00,0.99999139D+00,0.99999176D+00,0.99999040D+00,0.99999211D+00,0.99999434D+00,0.99999428D+00,0.99999178D+00,0.99999043D+00,0.99998848D+00,0.99845820D+00,0.99999265D+00,0.99999319D+00,0.99999208D+00,0.99999329D+00,0.99999207D+00,0.98796349D+00,0.99785495D+00,0.99999069D+00,0.98682235D+00,0.99714455D+00,0.99967018D+00,0.99965018D+00
0.46500D+04,0.99980465D+00,0.99999048D+00,0.99999507D+00,0.99998906D+00,0.99999295D+00,0.99999517D+00,0.99999519D+00,0.99999179D+00,0.99999574D+00,0.99999172D+00,0.99999319D+00,0.99999212D+00,0.99999207D+00,0.99998977D+00,0.99999385D+00,0.99994763D+00,0.99995763D+00,0.99998886D+00,0.99901198D+00,0.99999185D+00,0.99999053D+00,0.99998904D+00,0.99999081D+00,0.99998469D+00,0.99998946D+00,0.99998931D+00,0.99999202D+00,0.99999260D+00,0.99998926D+00,0.99999064D+00,0.99999139D+00,0.99999176D+00,0.99999040D+00,0.99999211D+00,0.99999434D+00,0.99999428D+00,0.99999178D+00,0.99999044D+00,0.99998848D+00,0.99851091D+00,0.99999265D+00,0.99999319D+00,0.99999208D+00,0.99999329D+00,0.99999207D+00,0.98863955D+00,0.99796631D+00,0.99999069D+00,0.98754693D+00,0.99730514D+00,0.99968912D+00,0.99967027D+00
0.47000D+04,0.99981713D+00,0.99999048D+00,0.99999507D+00,0.99998906D+00,0.99999297D+00,0.99999517D+00,0.99999519D+00,0.99999179D+00,0.99999574D+00,0.99999172D+00,0.99999319D+00,0.99999212D+00,0.99999207D+00,0.99998977D+00,0.99999385D+00,0.99995018D+00,0.99995948D+00,0.99998886D+00,0.99907730D+00,0.99999185D+00,0.99999053D+00,0.99998904D+00,0.99999081D+00,0.99998469D+00,0.99998946D+00,0.99998931D+00,0.99999202D+00,0.99999260D+00,0.99998926D+00,0.99999064D+00,0.99999139D+00,0.99999176D+00,0.99999040D+00,0.99999211D+00,0.99999434D+00,0.99999428D+00,0.99999178D+00,0.99999044D+00,0.99998848D+00,0.99856127D+00,0.99999265D+00,0.99999319D+00,0.99999208D+00,0.99999329D+00,0.99999208D+00,0.98927417D+00,0.99807059D+00,0.99999069D+00,0.98822942D+00,0.99745668D+00,0.99970684D+00,0.99968900D+00
0.47500D+04,0.99982869D+00,0.99999048D+00,0.99999507D+00,0.99998906D+00,0.99999299D+00,0.99999517D+00,0.99999519D+00,0.99999179D+00,0.99999574D+00,0.99999172D+00,0.99999319D+00,0.99999212D+00,0.99999207D+00,0.99998977D+00,0.99999385D+00,0.99995257D+00,0.99996121D+00,0.99998886D+00,0.99913786D+00,0.99999185D+00,0.99999053D+00,0.99998904D+00,0.99999081D+00,0.99998469D+00,0.99998946D+00,0.99998931D+00,0.99999202D+00,0.99999260D+00,0.99998926D+00,0.99999065D+00,0.99999140D+00,0.99999176D+00,0.99999040D+00,0.99999211D+00,0.99999434D+00,0.99999428D+00,0.99999178D+00,0.99999044D+00,0.99998848D+00,0.99860944D+00,0.99999265D+00,0.99999319D+00,0.99999208D+00,0.99999329D+00,0.99999208D+00,0.98986995D+00,0.99816834D+00,0.99999069D+00,0.98887229D+00,0.99759962D+00,0.99972342D+00,0.99970648D+00
0.48000D+04,0.99983941D+00,0.99999048D+00,0.99999507D+00,0.99998906D+00,0.99999301D+00,0.99999517D+00,0.99999519D+00,0.99999179D+00,0.99999574D+00,0.99999172D+00,0.99999319D+00,0.99999212D+00,0.99999207D+00,0.99998977D+00,0.99999386D+00,0.99995481D+00,0.99996282D+00,0.99998886D+00,0.99919397D+00,0.99999185D+00,0.99999053D+00,0.99998904D+00,0.99999081D+00,0.99998469D+00,0.99998946D+00,0.99998931D+00,0.99999202D+00,0.99999260D+00,0.99998926D+00,0.99999065D+00,0.99999140D+00,0.99999176D+00,0.99999040D+00,0.99999211D+00,0.99999434D+00,0.99999428D+00,0.99999178D+00,0.99999044D+00,0.99998848D+00,0.99865554D+00,0.99999265D+00,0.99999319D+00,0.99999208D+00,0.99999329D+00,0.99999208D+00,0.99042936D+00,0.99826003D+00,0.99999069D+00,0.98947786D+00,0.99773440D+00,0.99973892D+00,0.99972279D+00
0.48500D+04,0.99984935D+00,0.99999048D+00,0.99999507D+00,0.99998906D+00,0.99999303D+00,0.99999517D+00,0.99999519D+00,0.99999179D+00,0.99999574D+00,0.99999172D+00,0.99999319D+00,0.99999212D+00,0.99999207D+00,0.99998977D+00,0.99999386D+00,0.99995692D+00,0.99996432D+00,0.99998886D+00,0.99924593D+00,0.99999185D+00,0.99999053D+00,0.99998904D+00,0.99999081D+00,0.99998469D+00,0.99998946D+00,0.99998931D+00,0.99999202D+00,0.99999260D+00,0.99998926D+00,0.99999065D+00,0.99999140D+00,0.99999176D+00,0.99999040D+00,0.99999211D+00,0.99999434D+00,0.99999428D+00,0.99999178D+00,0.99999045D+00,0.99998848D+00,0.99869970D+00,0.99999265D+00,0.99999319D+00,0.99999208D+00,0.99999329D+00,0.99999208D+00,0.99095470D+00,0.99834609D+00,0.99999069D+00,0.99004835D+00,0.99786145D+00,0.99975342D+00,0.99973801D+00
0.49000D+04,0.99985859D+00,0.99999048D+00,0.99999507D+00,0.99998906D+00,0.99999304D+00,0.99999517D+00,0.99999519D+00,0.99999179D+00,0.99999574D+00,0.99999172D+00,0.99999319D+00,0.99999212D+00,0.99999208D+00,0.99998977D+00,0.99999386D+00,0.99995890D+00,0.99996572D+00,0.99998886D+00,0.99929402D+00,0.99999185D+00,0.99999053D+00,0.99998904D+00,0.99999081D+00,0.99998469D+00,0.99998946D+00,0.99998931D+00,0.99999202D+00,0.99999260D+00,0.99998926D+00,0.99999065D+00,0.99999140D+00,0.99999176D+00,0.99999040D+00,0.99999211D+00,0.99999434D+00,0.99999428D+00,0.99999178D+00,0.99999045D+00,0.99998848D+00,0.99874203D+00,0.99999265D+00,0.99999319D+00,0.99999208D+00,0.99999329D+00,0.99999208D+00,0.99144812D+00,0.99842695D+00,0.99999069D+00,0.99058582D+00,0.99798119D+00,0.99976699D+00,0.99975221D+00
0.49500D+04,0.99986717D+00,0.99999048D+00,0.99999507D+00,0.99998906D+00,0.99999306D+00,0.99999517D+00,0.99999519D+00,0.99999179D+00,0.99999574D+00,0.99999172D+00,0.99999319D+00,0.99999212D+00,0.99999208D+00,0.99998977D+00,0.99999386D+00,0.99996077D+00,0.99996703D+00,0.99998886D+00,0.99933851D+00,0.99999185D+00,0.99999053D+00,0.99998904D+00,0.99999081D+00,0.99998469D+00,0.99998946D+00,0.99998931D+00,0.99999202D+00,0.99999260D+00,0.99998926D+00,0.99999065D+00,0.99999140D+00,0.99999176D+00,0.99999040D+00,0.99999211D+00,0.99999434D+00,0.99999428D+00,0.99999178D+00,0.99999045D+00,0.99998848D+00,0.99878263D+00,0.99999265D+00,0.99999319D+00,0.99999208D+00,0.99999329D+00,0.99999208D+00,0.99191166D+00,0.99850296D+00,0.99999069D+00,0.99109222D+00,0.99809399D+00,0.99977968D+00,0.99976547D+00
0.50000D+04,0.99987515D+00,0.99999048D+00,0.99999507D+00,0.99998906D+00,0.99999307D+00,0.99999517D+00,0.99999519D+00,0.99999179D+00,0.99999574D+00,0.99999172D+00,0.99999319D+00,0.99999212D+00,0.99999208D+00,0.99998977D+00,0.99999386D+00,0.99996252D+00,0.99996826D+00,0.99998886D+00,0.99937965D+00,0.99999185D+00,0.99999053D+00,0.99998904D+00,0.99999081D+00,0.99998469D+00,0.99998946D+00,0.99998931D+00,0.99999202D+00,0.99999260D+00,0.99998926D+00,0.99999065D+00,0.99999140D+00,0.99999176D+00,0.99999040D+00,0.99999211D+00,0.99999434D+00,0.99999428D+00,0.99999178D+00,0.99999045D+00,0.99998848D+00,0.99882160D+00,0.99999265D+00,0.99999319D+00,0.99999208D+00,0.99999329D+00,0.99999208D+00,0.99234719D+00,0.99857447D+00,0.99999069D+00,0.99156938D+00,0.99820025D+00,0.99979155D+00,0.99977786D+00
