0,4,0,0.01,0,0.01
0.1732,3.9901,0.1732,0.01,0.15362,0.01
0.34641,3.9802,0.34641,0.01,0.30724,0.01
0.51962,3.9702,0.51962,0.01,0.46087,0.01
0.69282,3.9602,0.69282,0.01,0.61449,0.01
0.86603,3.9501,0.86603,0.01,0.76812,0.01
1.0392,3.9401,1.0392,0.01,0.92174,0.01
1.2124,3.9299,1.2124,0.01,1.0754,0.01
1.3856,3.9198,1.3856,0.01,1.229,0.01
1.5588,3.9096,1.5588,0.01,1.3826,0.01
1.7321,3.8994,1.7321,0.01,1.5362,0.01
1.9053,3.8891,1.9053,0.01,1.6899,0.01
2.0785,3.8788,2.0785,0.01,1.8435,0.01
2.2517,3.8684,2.2517,0.01,1.9971,0.01
2.4249,3.858,2.4249,0.01,2.1507,0.01
2.5981,3.8476,2.5981,0.01,2.3043,0.01
2.7713,3.8372,2.7713,0.01,2.458,0.01
2.9445,3.8267,2.9445,0.01,2.6116,0.01
3.1177,3.8161,3.1177,0.01,2.7652,0.01
3.2909,3.8057,3.2909,0.01,2.9188,0.01
3.4641,3.7955,3.4641,0.01,3.0725,0.01
3.6373,3.7853,3.6373,0.01,3.2261,0.01
3.8105,3.7751,3.8105,0.01,3.3797,0.01
3.9837,3.7649,3.9837,0.01,3.5333,0.01
4.1569,3.7546,4.1569,0.01,3.687,0.01
4.3301,3.7444,4.3301,0.01,3.8406,0.01
4.5033,3.7341,4.5033,0.01,3.9942,0.01
4.6765,3.7237,4.6765,0.01,4.1478,0.01
4.8497,3.7134,4.8497,0.01,4.3014,0.01
5.0229,3.703,5.0229,0.01,4.4551,0.01
5.1962,3.6927,5.1962,0.01,4.6087,0.01
5.3694,3.6823,5.3694,0.01,4.7623,0.01
5.5426,3.6718,5.5426,0.01,4.9159,0.01
5.7158,3.6607,5.7158,0.01,5.0696,0.01
5.889,3.6486,5.889,0.01,5.2232,0.01
6.0622,3.6364,6.0622,0.01,5.3768,0.01
6.2354,3.624,6.2354,0.01,5.5304,0.01
6.4086,3.6115,6.4086,0.01,5.684,0.01
6.5818,3.5992,6.5818,0.01,5.8377,0.01
6.755,3.5874,6.755,0.01,5.9913,0.01
6.9282,3.5756,6.9282,0.01,6.1449,0.01
7.1014,3.5637,7.1014,0.01,6.2985,0.01
7.2746,3.5519,7.2746,0.01,6.4522,0.01
7.4478,3.54,7.4478,0.01,6.6058,0.01
7.621,3.528,7.621,0.01,6.7594,0.01
7.7942,3.5161,7.7942,0.01,6.913,0.01
7.9674,3.5041,7.9674,0.01,7.0667,0.01
8.1406,3.492,8.1406,0.01,7.2203,0.01
8.3138,3.48,8.3138,0.01,7.3739,0.01
8.4871,3.4679,8.4871,0.01,7.5275,0.01
8.6603,3.4558,8.6603,0.01,7.6811,0.01
8.8335,3.4436,8.8335,0.01,7.8348,0.01
9.0067,3.4315,9.0067,0.01,7.9884,0.01
9.1799,3.4193,9.1799,0.01,8.142,0.01
9.3531,3.407,9.3531,0.01,8.2956,0.01
9.5263,3.3947,9.5263,0.01,8.4493,0.01
9.6995,3.3824,9.6995,0.01,8.6029,0.01
9.8727,3.3701,9.8727,0.01,8.7565,0.01
10.046,3.359,10.046,0.01,8.9101,0.01
10.219,3.3482,10.219,0.01,9.0638,0.01
10.392,3.3374,10.392,0.01,9.2174,0.01
10.566,3.3266,10.566,0.01,9.371,0.01
10.739,3.3158,10.739,0.01,9.5246,0.01
10.912,3.305,10.912,0.01,9.6782,0.01
11.085,3.2943,11.085,0.01,9.8319,0.01
11.258,3.2836,11.258,0.01,9.9855,0.01
11.432,3.2723,11.432,0.01,10.139,0.01
11.605,3.2592,11.605,0.01,10.293,0.01
11.778,3.2462,11.778,0.01,10.446,0.01
11.951,3.2333,11.951,0.01,10.6,0.01
12.124,3.2205,12.124,0.01,10.754,0.01
12.298,3.2077,12.298,0.01,10.907,0.01
12.471,3.1951,12.471,0.01,11.061,0.01
12.644,3.1825,12.644,0.01,11.214,0.01
12.817,3.17,12.817,0.01,11.368,0.01
12.99,3.1575,12.99,0.01,11.522,0.01
13.164,3.1452,13.164,0.01,11.675,0.01
13.337,3.133,13.337,0.01,11.829,0.01
13.51,3.1216,13.51,0.01,11.983,0.01
13.683,3.1107,13.683,0.01,12.136,0.01
13.856,3.0998,13.856,0.01,12.29,0.01
14.03,3.0891,14.03,0.01,12.443,0.01
14.203,3.0784,14.203,0.01,12.597,0.01
14.376,3.0678,14.376,0.01,12.751,0.01
14.549,3.0573,14.549,0.01,12.904,0.01
14.722,3.0468,14.722,0.01,13.058,0.01
14.896,3.0364,14.896,0.01,13.212,0.01
15.069,3.0261,15.069,0.01,13.365,0.01
15.242,3.0159,15.242,0.01,13.519,0.01
15.415,3.0057,15.415,0.01,13.672,0.01
15.588,2.9956,15.588,0.01,13.826,0.01
15.762,2.9856,15.762,0.01,13.98,0.01
15.935,2.9756,15.935,0.01,14.133,0.01
16.108,2.9657,16.108,0.01,14.287,0.01
16.281,2.9559,16.281,0.01,14.441,0.01
16.454,2.9462,16.454,0.01,14.594,0.01
16.628,2.9365,16.628,0.01,14.748,0.01
16.801,2.927,16.801,0.01,14.901,0.01
16.974,2.9176,16.974,0.01,15.055,0.01
17.147,2.909,17.147,0.01,15.209,0.01
17.321,2.9004,17.321,0.01,15.362,0.01
17.494,2.8906,17.494,0.01,15.516,0.01
17.667,2.881,17.667,0.01,15.67,0.01
17.84,2.8714,17.84,0.01,15.823,0.01
18.013,2.862,18.013,0.01,15.977,0.01
18.187,2.8526,18.187,0.01,16.13,0.01
18.36,2.8433,18.36,0.01,16.284,0.01
18.533,2.8341,18.533,0.01,16.438,0.01
18.706,2.825,18.706,0.01,16.591,0.01
18.879,2.816,18.879,0.01,16.745,0.01
19.053,2.8071,19.053,0.01,16.899,0.01
19.226,2.7982,19.226,0.01,17.052,0.01
19.399,2.7895,19.399,0.01,17.206,0.01
19.572,2.7808,19.572,0.01,17.359,0.01
19.745,2.7722,19.745,0.01,17.513,0.01
19.919,2.7638,19.919,0.01,17.667,0.01
20.092,2.7553,20.092,0.01,17.82,0.01
20.265,2.7473,20.265,0.01,17.974,0.01
20.438,2.7396,20.438,0.01,18.128,0.01
20.611,2.732,20.611,0.01,18.281,0.01
20.785,2.7244,20.785,0.01,18.435,0.01
20.958,2.7169,20.958,0.01,18.588,0.01
21.131,2.7095,21.131,0.01,18.742,0.01
21.304,2.7022,21.304,0.01,18.896,0.01
21.477,2.6949,21.477,0.01,19.049,0.01
21.651,2.6877,21.651,0.01,19.203,0.01
21.824,2.6806,21.824,0.01,19.356,0.01
21.997,2.6735,21.997,0.01,19.51,0.01
22.17,2.6665,22.17,0.01,19.664,0.01
22.343,2.6596,22.343,0.01,19.817,0.01
22.517,2.6528,22.517,0.01,19.971,0.01
22.69,2.6458,22.69,0.01,20.125,0.01
22.863,2.6386,22.863,0.01,20.278,0.01
23.036,2.6314,23.036,0.01,20.432,0.01
23.209,2.6243,23.209,0.01,20.585,0.01
23.383,2.6174,23.383,0.01,20.739,0.01
23.556,2.6108,23.556,0.01,20.893,0.01
23.729,2.6043,23.729,0.01,21.046,0.01
23.902,2.5978,23.902,0.01,21.2,0.01
24.076,2.5914,24.076,0.01,21.354,0.01
24.249,2.5851,24.249,0.01,21.507,0.01
24.422,2.5788,24.422,0.01,21.661,0.01
24.595,2.5726,24.595,0.01,21.814,0.01
24.768,2.5665,24.768,0.01,21.968,0.01
24.942,2.5604,24.942,0.01,22.122,0.01
25.115,2.5543,25.115,0.01,22.275,0.01
25.288,2.5484,25.288,0.01,22.429,0.01
25.461,2.5425,25.461,0.01,22.583,0.01
25.634,2.5366,25.634,0.01,22.736,0.01
25.808,2.5309,25.808,0.01,22.89,0.01
25.981,2.5251,25.981,0.01,23.043,0.01
26.154,2.5195,26.154,0.01,23.197,0.01
26.327,2.5139,26.327,0.01,23.351,0.01
26.5,2.5084,26.5,0.01,23.504,0.01
26.674,2.5032,26.674,0.01,23.658,0.01
26.847,2.498,26.847,0.01,23.812,0.01
27.02,2.4928,27.02,0.01,23.965,0.01
27.193,2.4878,27.193,0.01,24.119,0.01
27.366,2.4827,27.366,0.01,24.272,0.01
27.54,2.4777,27.54,0.01,24.426,0.01
27.713,2.4728,27.713,0.01,24.58,0.01
27.886,2.4679,27.886,0.01,24.733,0.01
28.059,2.4631,28.059,0.01,24.887,0.01
28.232,2.4583,28.232,0.01,25.041,0.01
28.406,2.4534,28.406,0.01,25.194,0.01
28.579,2.4486,28.579,0.01,25.348,0.01
28.752,2.4438,28.752,0.01,25.501,0.01
28.925,2.439,28.925,0.01,25.655,0.01
29.098,2.4343,29.098,0.01,25.809,0.01
29.272,2.4297,29.272,0.01,25.962,0.01
29.445,2.4251,29.445,0.01,26.116,0.01
29.618,2.4205,29.618,0.01,26.27,0.01
29.791,2.416,29.791,0.01,26.423,0.01
29.964,2.4117,29.964,0.01,26.577,0.01
30.138,2.4075,30.138,0.01,26.73,0.01
30.311,2.4032,30.311,0.01,26.884,0.01
30.484,2.3991,30.484,0.01,27.038,0.01
30.657,2.3949,30.657,0.01,27.191,0.01
30.831,2.3908,30.831,0.01,27.345,0.01
31.004,2.3867,31.004,0.01,27.499,0.01
31.177,2.3827,31.177,0.01,27.652,0.01
31.35,2.3787,31.35,0.01,27.806,0.01
31.523,2.3748,31.523,0.01,27.959,0.01
31.697,2.3709,31.697,0.01,28.113,0.01
31.87,2.367,31.87,0.01,28.267,0.01
32.043,2.3632,32.043,0.01,28.42,0.01
32.216,2.3594,32.216,0.01,28.574,0.01
32.389,2.3557,32.389,0.01,28.727,0.01
32.563,2.352,32.563,0.01,28.881,0.01
32.736,2.3483,32.736,0.01,29.035,0.01
32.909,2.3447,32.909,0.01,29.188,0.01
33.082,2.3413,33.082,0.01,29.342,0.01
33.255,2.3378,33.255,0.01,29.496,0.01
33.429,2.3344,33.429,0.01,29.649,0.01
33.602,2.331,33.602,0.01,29.803,0.01
33.775,2.3276,33.775,0.01,29.956,0.01
33.948,2.3243,33.948,0.01,30.11,0.01
34.121,2.321,34.121,0.01,30.264,0.01
34.295,2.3177,34.295,0.01,30.417,0.01
34.468,2.3145,34.468,0.01,30.571,0.01
34.641,2.3113,34.641,0.01,30.725,0.01
34.814,2.3081,34.814,0.01,30.878,0.01
34.987,2.305,34.987,0.01,31.032,0.01
35.161,2.3019,35.161,0.01,31.185,0.01
35.334,2.2988,35.334,0.01,31.339,0.01
35.507,2.2957,35.507,0.01,31.493,0.01
35.68,2.2927,35.68,0.01,31.646,0.01
35.853,2.2897,35.853,0.01,31.8,0.01
36.027,2.2868,36.027,0.01,31.954,0.01
36.2,2.2839,36.2,0.01,32.107,0.01
36.373,2.2811,36.373,0.01,32.261,0.01
36.546,2.2783,36.546,0.01,32.414,0.01
36.719,2.2755,36.719,0.01,32.568,0.01
36.893,2.2728,36.893,0.01,32.722,0.01
37.066,2.2701,37.066,0.01,32.875,0.01
37.239,2.2674,37.239,0.01,33.029,0.01
37.412,2.2647,37.412,0.01,33.183,0.0099999
37.585,2.262,37.585,0.01,33.336,0.0099999
37.759,2.2594,37.759,0.01,33.49,0.0099999
37.932,2.2568,37.932,0.01,33.643,0.0099999
38.105,2.2542,38.105,0.01,33.797,0.0099999
38.278,2.2517,38.278,0.01,33.951,0.0099999
38.452,2.2491,38.452,0.01,34.104,0.0099999
38.625,2.2466,38.625,0.01,34.258,0.0099999
38.798,2.2441,38.798,0.01,34.412,0.0099999
38.971,2.2416,38.971,0.01,34.565,0.0099999
39.144,2.2392,39.144,0.01,34.719,0.0099999
39.318,2.2368,39.318,0.01,34.872,0.0099999
39.491,2.2345,39.491,0.01,35.026,0.0099999
39.664,2.2321,39.664,0.01,35.18,0.0099999
39.837,2.2298,39.837,0.01,35.333,0.0099999
40.01,2.2276,40.01,0.01,35.487,0.0099999
40.184,2.2253,40.184,0.01,35.641,0.0099999
40.357,2.2231,40.357,0.01,35.794,0.0099999
40.53,2.221,40.53,0.01,35.948,0.0099999
40.703,2.2188,40.703,0.01,36.101,0.0099998
40.876,2.2167,40.876,0.01,36.255,0.0099998
41.05,2.2146,41.05,0.01,36.409,0.0099998
41.223,2.2125,41.223,0.01,36.562,0.0099998
41.396,2.2105,41.396,0.01,36.716,0.0099998
41.569,2.2084,41.569,0.01,36.869,0.0099998
41.742,2.2064,41.742,0.01,37.023,0.0099998
41.916,2.2044,41.916,0.01,37.177,0.0099997
42.089,2.2024,42.089,0.01,37.33,0.0099997
42.262,2.2004,42.262,0.01,37.484,0.0099997
42.435,2.1984,42.435,0.01,37.638,0.0099997
42.608,2.1965,42.608,0.01,37.791,0.0099997
42.782,2.1947,42.782,0.01,37.945,0.0099997
42.955,2.1928,42.955,0.01,38.098,0.0099997
43.128,2.1909,43.128,0.01,38.252,0.0099997
43.301,2.1891,43.301,0.01,38.406,0.0099996
43.474,2.1873,43.474,0.01,38.559,0.0099996
43.648,2.1854,43.648,0.01,38.713,0.0099996
43.821,2.1837,43.821,0.01,38.867,0.0099996
43.994,2.1819,43.994,0.01,39.02,0.0099995
44.167,2.1801,44.167,0.01,39.174,0.0099995
44.34,2.1784,44.34,0.01,39.327,0.0099994
44.514,2.1766,44.514,0.01,39.481,0.0099994
44.687,2.1749,44.687,0.01,39.635,0.0099994
44.86,2.1732,44.86,0.01,39.788,0.0099993
45.033,2.1715,45.033,0.01,39.942,0.0099993
45.207,2.1698,45.207,0.01,40.096,0.0099992
45.38,2.1681,45.38,0.01,40.249,0.0099992
45.553,2.1665,45.553,0.01,40.403,0.0099992
45.726,2.1649,45.726,0.01,40.556,0.0099992
45.899,2.1633,45.899,0.01,40.71,0.0099991
46.073,2.1618,46.073,0.0099999,40.864,0.0099991
46.246,2.1602,46.246,0.0099999,41.017,0.0099991
46.419,2.1586,46.419,0.0099999,41.171,0.0099991
46.592,2.1571,46.592,0.0099999,41.325,0.009999
46.765,2.1556,46.765,0.0099999,41.478,0.009999
46.939,2.1541,46.939,0.0099999,41.632,0.0099989
47.112,2.1526,47.112,0.0099999,41.785,0.0099988
47.285,2.1511,47.285,0.0099998,41.939,0.0099988
47.458,2.1497,47.458,0.0099998,42.093,0.0099987
47.631,2.1483,47.631,0.0099997,42.246,0.0099986
47.805,2.1469,47.805,0.0099997,42.4,0.0099985
47.978,2.1455,47.978,0.0099996,42.554,0.0099985
48.151,2.1442,48.151,0.0099996,42.707,0.0099984
48.324,2.1428,48.324,0.0099995,42.861,0.0099983
48.497,2.1415,48.497,0.0099994,43.014,0.0099982
48.671,2.1401,48.671,0.0099993,43.168,0.0099981
48.844,2.1388,48.844,0.0099992,43.322,0.0099981
49.017,2.1375,49.017,0.009999,43.475,0.009998
49.19,2.1362,49.19,0.0099988,43.629,0.0099979
49.363,2.135,49.363,0.0099986,43.783,0.0099978
49.537,2.1337,49.537,0.0099983,43.936,0.0099977
49.71,2.1324,49.71,0.009998,44.09,0.0099977
49.883,2.1312,49.883,0.0099978,44.243,0.0099976
50.056,2.13,50.056,0.0099975,44.397,0.0099975
50.229,2.1287,50.229,0.0099972,44.551,0.0099973
50.403,2.1275,50.403,0.0099969,44.704,0.0099971
50.576,2.1263,50.576,0.0099965,44.858,0.0099969
50.749,2.1251,50.749,0.0099962,45.012,0.0099968
50.922,2.1239,50.922,0.0099958,45.165,0.0099966
51.095,2.1228,51.095,0.0099954,45.319,0.0099964
51.269,2.1216,51.269,0.009995,45.472,0.0099962
51.442,2.1204,51.442,0.0099946,45.626,0.0099961
51.615,2.1193,51.615,0.0099942,45.78,0.0099959
51.788,2.1181,51.788,0.0099938,45.933,0.0099957
51.962,2.117,51.962,0.0099929,46.087,0.0099955
52.135,2.1159,52.135,0.009992,46.24,0.0099953
52.308,2.1148,52.308,0.009991,46.394,0.0099951
52.481,2.1137,52.481,0.00999,46.548,0.0099949
52.654,2.1126,52.654,0.0099889,46.701,0.0099947
52.828,2.1116,52.828,0.0099878,46.855,0.0099945
53.001,2.1105,53.001,0.0099867,47.009,0.0099943
53.174,2.1094,53.174,0.0099855,47.162,0.0099941
53.347,2.1084,53.347,0.0099843,47.316,0.0099939
53.52,2.1074,53.52,0.0099831,47.469,0.0099936
53.694,2.1063,53.694,0.0099818,47.623,0.0099933
53.867,2.1053,53.867,0.0099805,47.777,0.0099931
54.04,2.1043,54.04,0.0099792,47.93,0.0099928
54.213,2.1033,54.213,0.0099778,48.084,0.0099925
54.386,2.1023,54.386,0.0099764,48.238,0.0099922
54.56,2.1013,54.56,0.009975,48.391,0.0099919
54.733,2.1003,54.733,0.0099736,48.545,0.0099916
54.906,2.0993,54.906,0.0099721,48.698,0.0099914
55.079,2.0983,55.079,0.0099705,48.852,0.009991
55.252,2.0973,55.252,0.0099687,49.006,0.0099905
55.426,2.0964,55.426,0.0099649,49.159,0.00999
55.599,2.0954,55.599,0.009961,49.313,0.0099895
55.772,2.0945,55.772,0.009957,49.467,0.009989
55.945,2.0936,55.945,0.0099518,49.62,0.0099885
56.118,2.0928,56.118,0.0099461,49.774,0.009988
56.292,2.0919,56.292,0.0099401,49.927,0.0099875
56.465,2.091,56.465,0.0099338,50.081,0.009987
56.638,2.0902,56.638,0.0099274,50.235,0.0099865
56.811,2.0893,56.811,0.0099207,50.388,0.0099861
56.984,2.0885,56.984,0.0099138,50.542,0.0099857
57.158,2.0877,57.158,0.0099066,50.696,0.0099853
57.331,2.0868,57.331,0.0098993,50.849,0.0099849
57.504,2.086,57.504,0.0098917,51.003,0.0099845
57.677,2.0852,57.677,0.0098839,51.156,0.0099842
57.85,2.0844,57.85,0.0098758,51.31,0.0099838
58.024,2.0836,58.024,0.0098676,51.464,0.0099834
58.197,2.0828,58.197,0.0098591,51.617,0.009983
58.37,2.082,58.37,0.0098504,51.771,0.0099823
58.543,2.0812,58.543,0.0098363,51.925,0.0099815
58.717,2.0804,58.717,0.0098168,52.078,0.0099806
58.89,2.0796,58.89,0.0097969,52.232,0.0099797
59.063,2.0789,59.063,0.0097764,52.385,0.0099789
59.236,2.0781,59.236,0.0097555,52.539,0.009978
59.409,2.0774,59.409,0.009734,52.693,0.0099771
59.583,2.0766,59.583,0.0097121,52.846,0.0099761
59.756,2.0759,59.756,0.0096897,53,0.009975
59.929,2.0751,59.929,0.0096668,53.154,0.0099738
60.102,2.0744,60.102,0.0096434,53.307,0.0099726
60.275,2.0737,60.275,0.0096196,53.461,0.0099714
60.449,2.0729,60.449,0.0095953,53.614,0.0099702
60.622,2.0722,60.622,0.0095705,53.768,0.009969
60.795,2.0715,60.795,0.0095453,53.922,0.0099678
60.968,2.0708,60.968,0.0095196,54.075,0.0099668
61.141,2.0701,61.141,0.0094915,54.229,0.0099658
61.315,2.0694,61.315,0.0094611,54.383,0.0099647
61.488,2.0687,61.488,0.0094303,54.536,0.0099637
61.661,2.068,61.661,0.0093991,54.69,0.0099626
61.834,2.0673,61.834,0.0093675,54.843,0.0099616
62.007,2.0667,62.007,0.0093355,54.997,0.0099605
62.181,2.066,62.181,0.0093032,55.151,0.0099595
62.354,2.0653,62.354,0.0092704,55.304,0.0099584
62.527,2.0647,62.527,0.0092374,55.458,0.0099573
62.7,2.064,62.7,0.0092039,55.611,0.0099559
62.873,2.0633,62.873,0.0091701,55.765,0.0099545
63.047,2.0627,63.047,0.0091359,55.919,0.0099531
63.22,2.062,63.22,0.0091013,56.072,0.0099517
63.393,2.0614,63.393,0.0090664,56.226,0.0099503
63.566,2.0607,63.566,0.0090312,56.38,0.0099489
63.739,2.0601,63.739,0.0089955,56.533,0.0099475
63.913,2.0595,63.913,0.0089596,56.687,0.0099461
64.086,2.0588,64.086,0.0089233,56.84,0.0099447
64.259,2.0582,64.259,0.0088866,56.994,0.0099428
64.432,2.0576,64.432,0.0088439,57.148,0.0099407
64.605,2.057,64.605,0.0087917,57.301,0.0099386
64.779,2.0564,64.779,0.0087391,57.455,0.0099364
64.952,2.0558,64.952,0.008686,57.609,0.0099343
65.125,2.0552,65.125,0.0086325,57.762,0.0099321
65.298,2.0546,65.298,0.0085785,57.916,0.00993
65.472,2.054,65.472,0.0085241,58.069,0.0099278
65.645,2.0534,65.645,0.0084692,58.223,0.0099257
65.818,2.0528,65.818,0.0084139,58.377,0.0099236
65.991,2.0522,65.991,0.0083582,58.53,0.0099219
66.164,2.0517,66.164,0.008302,58.684,0.0099204
66.338,2.0511,66.338,0.0082454,58.838,0.0099189
66.511,2.0505,66.511,0.0081884,58.991,0.0099175
66.684,2.0499,66.684,0.008131,59.145,0.009916
66.857,2.0494,66.857,0.0080731,59.298,0.0099145
67.03,2.0488,67.03,0.008013,59.452,0.0099131
67.204,2.0483,67.204,0.0079511,59.606,0.0099116
67.377,2.0478,67.377,0.007889,59.759,0.0099101
67.55,2.0472,67.55,0.0078265,59.913,0.0099086
67.723,2.0467,67.723,0.0077636,60.067,0.0099066
67.896,2.0462,67.896,0.0076849,60.22,0.009904
68.07,2.0457,68.07,0.0075953,60.374,0.0099015
68.243,2.0452,68.243,0.0075054,60.527,0.0098989
68.416,2.0447,68.416,0.0074152,60.681,0.0098963
68.589,2.0442,68.589,0.0073247,60.835,0.0098937
68.762,2.0437,68.762,0.007234,60.988,0.0098911
68.936,2.0432,68.936,0.0071429,61.142,0.0098885
69.109,2.0427,69.109,0.0070516,61.296,0.0098859
69.282,2.0422,69.282,0.00696,61.449,0.0098835
69.455,2.0417,69.455,0.0068681,61.603,0.0098811
69.628,2.0412,69.628,0.0067759,61.756,0.0098787
69.802,2.0407,69.802,0.0066835,61.91,0.0098763
69.975,2.0402,69.975,0.0065908,62.064,0.0098739
70.148,2.0397,70.148,0.0064978,62.217,0.0098715
70.321,2.0393,70.321,0.0064045,62.371,0.0098691
70.494,2.0388,70.494,0.006311,62.525,0.0098667
70.668,2.0383,70.668,0.0062173,62.678,0.0098644
70.841,2.0378,70.841,0.0061242,62.832,0.0098612
71.014,2.0374,71.014,0.0060371,62.985,0.0098579
71.187,2.0369,71.187,0.0059502,63.139,0.0098547
71.36,2.0365,71.36,0.0058632,63.293,0.0098515
71.534,2.036,71.534,0.0057764,63.446,0.0098483
71.707,2.0355,71.707,0.0056895,63.6,0.009845
71.88,2.0351,71.88,0.0056027,63.754,0.0098418
72.053,2.0346,72.053,0.0055159,63.907,0.0098386
72.227,2.0342,72.227,0.0054292,64.061,0.0098354
72.4,2.0337,72.4,0.0053425,64.214,0.0098325
72.573,2.0333,72.573,0.0052558,64.368,0.0098303
72.746,2.0329,72.746,0.0051692,64.522,0.0098282
72.919,2.0324,72.919,0.0050826,64.675,0.009826
73.093,2.032,73.093,0.0049961,64.829,0.0098239
73.266,2.0315,73.266,0.0049095,64.982,0.0098217
73.439,2.0311,73.439,0.0048231,65.136,0.0098195
73.612,2.0307,73.612,0.0047366,65.29,0.0098174
73.785,2.0302,73.785,0.0046502,65.443,0.0098153
73.959,2.0298,73.959,0.0045639,65.597,0.0098131
74.132,2.0294,74.132,0.0044775,65.751,0.0098097
74.305,2.029,74.305,0.0043863,65.904,0.0098054
74.478,2.0285,74.478,0.004295,66.058,0.0098012
74.651,2.0281,74.651,0.0042039,66.211,0.0097969
74.825,2.0277,74.825,0.0041131,66.365,0.0097927
74.998,2.0273,74.998,0.0040224,66.519,0.0097884
75.171,2.0269,75.171,0.0039319,66.672,0.0097842
75.344,2.0265,75.344,0.0038416,66.826,0.0097799
75.517,2.0261,75.517,0.0037514,66.98,0.0097757
75.691,2.0257,75.691,0.0036615,67.133,0.0097725
75.864,2.0253,75.864,0.0035719,67.287,0.0097698
76.037,2.0249,76.037,0.0034832,67.44,0.0097671
76.21,2.0245,76.21,0.0033948,67.594,0.0097644
76.383,2.0241,76.383,0.0033067,67.748,0.0097617
76.557,2.0237,76.557,0.0032189,67.901,0.009759
76.73,2.0233,76.73,0.0031314,68.055,0.0097563
76.903,2.0229,76.903,0.0030441,68.209,0.0097536
77.076,2.0225,77.076,0.0029572,68.362,0.009751
77.249,2.0222,77.249,0.002873,68.516,0.0097474
77.423,2.0218,77.423,0.0028045,68.669,0.0097436
77.596,2.0214,77.596,0.0027364,68.823,0.0097397
77.769,2.021,77.769,0.0026687,68.977,0.0097358
77.942,2.0207,77.942,0.0026014,69.13,0.009732
78.115,2.0203,78.115,0.0025345,69.284,0.0097281
78.289,2.0199,78.289,0.002468,69.438,0.0097242
78.462,2.0196,78.462,0.0024019,69.591,0.0097203
78.635,2.0192,78.635,0.0023361,69.745,0.0097165
78.808,2.0188,78.808,0.0022708,69.898,0.0097127
78.982,2.0185,78.982,0.0022059,70.052,0.0097092
79.155,2.0181,79.155,0.0021413,70.206,0.0097056
79.328,2.0177,79.328,0.0020771,70.359,0.009702
79.501,2.0174,79.501,0.0020133,70.513,0.0096985
79.674,2.017,79.674,0.0019499,70.667,0.0096949
79.848,2.0167,79.848,0.0018869,70.82,0.0096914
80.021,2.0163,80.021,0.0018243,70.974,0.0096879
80.194,2.016,80.194,0.001762,71.127,0.0096843
80.367,2.0156,80.367,0.0017001,71.281,0.0096808
80.54,2.0153,80.54,0.0016508,71.435,0.0096769
80.714,2.0149,80.714,0.0016085,71.588,0.009673
80.887,2.0146,80.887,0.0015662,71.742,0.0096691
81.06,2.0142,81.06,0.0015241,71.896,0.0096651
81.233,2.0139,81.233,0.0014825,72.049,0.0096612
81.406,2.0135,81.406,0.0014413,72.203,0.0096573
81.58,2.0132,81.58,0.0014004,72.356,0.0096534
81.753,2.0129,81.753,0.0013599,72.51,0.0096495
81.926,2.0125,81.926,0.0013198,72.664,0.0096456
82.099,2.0122,82.099,0.0012801,72.817,0.0096416
82.272,2.0119,82.272,0.0012408,72.971,0.009639
82.446,2.0115,82.446,0.0012018,73.125,0.0096366
82.619,2.0112,82.619,0.0011632,73.278,0.0096342
82.792,2.0109,82.792,0.001125,73.432,0.0096318
82.965,2.0105,82.965,0.0010872,73.585,0.0096293
83.138,2.0102,83.138,0.0010497,73.739,0.0096269
83.312,2.0099,83.312,0.0010127,73.893,0.0096245
83.485,2.0096,83.485,0.00097596,74.046,0.0096221
83.658,2.0092,83.658,0.0013549,74.2,0.0096198
83.831,2.0089,83.831,0.001821,74.353,0.0096174
84.004,2.0086,84.004,0.0022926,74.507,0.0096132
84.178,2.0083,84.178,0.0027676,74.661,0.0096084
84.351,2.008,84.351,0.0032438,74.814,0.0096035
84.524,2.0076,84.524,0.0037213,74.968,0.0095987
84.697,2.0073,84.697,0.0042,75.122,0.0095938
84.87,2.007,84.87,0.0046798,75.275,0.009589
85.044,2.0067,85.044,0.0051609,75.429,0.0095841
85.217,2.0064,85.217,0.0056433,75.582,0.0095793
85.39,2.0061,85.39,0.0061268,75.736,0.0095749
85.563,2.0058,85.563,0.0066115,75.89,0.0095722
85.737,2.0055,85.737,0.0070975,76.043,0.0095697
85.91,2.0052,85.91,0.0075846,76.197,0.0095671
86.083,2.0048,86.083,0.008073,76.351,0.0095645
86.256,2.0045,86.256,0.0085625,76.504,0.0095619
86.429,2.0042,86.429,0.0090532,76.658,0.0095593
86.603,2.004,86.603,0.0095568,76.811,0.0095568
86.776,2.0034,86.776,0.0095822,76.965,0.0095542
86.949,2.0028,86.949,0.0095769,77.119,0.0095508
87.122,2.0022,87.122,0.0095714,77.272,0.009547
87.295,2.0017,87.295,0.009566,77.426,0.0095433
87.469,2.0011,87.469,0.0095606,77.58,0.0095395
87.642,2.0005,87.642,0.0095553,77.733,0.0095358
87.815,1.9999,87.815,0.0095499,77.887,0.009532
87.988,1.9993,87.988,0.0095447,78.04,0.0095283
88.161,1.9987,88.161,0.0095394,78.194,0.0095245
88.335,1.9981,88.335,0.0095343,78.348,0.0095208
88.508,1.9975,88.508,0.0095291,78.501,0.009517
88.681,1.9968,88.681,0.009524,78.655,0.0095131
88.854,1.9962,88.854,0.0095189,78.809,0.0095092
89.027,1.9956,89.027,0.0095139,78.962,0.0095053
89.201,1.995,89.201,0.0095089,79.116,0.0095015
89.374,1.9944,89.374,0.009504,79.269,0.0094976
89.547,1.9938,89.547,0.0094991,79.423,0.0094937
89.72,1.9932,89.72,0.0094942,79.577,0.0094899
89.893,1.9925,89.893,0.009489,79.73,0.009486
90.067,1.9919,90.067,0.0094847,79.884,0.0094823
90.24,1.9913,90.24,0.0094805,80.038,0.0094787
90.413,1.9907,90.413,0.0094764,80.191,0.0094752
90.586,1.99,90.586,0.0094722,80.345,0.0094716
90.759,1.9894,90.759,0.0094681,80.498,0.009468
90.933,1.9888,90.933,0.0094641,80.652,0.0094645
91.106,1.9881,91.106,0.00946,80.806,0.009461
91.279,1.9875,91.279,0.009456,80.959,0.0094574
91.452,1.9869,91.452,0.0094519,81.113,0.0094538
91.625,1.9862,91.625,0.0094479,81.267,0.0094503
91.799,1.9856,91.799,0.0094439,81.42,0.0094469
91.972,1.9849,91.972,0.0094399,81.574,0.0094445
92.145,1.9843,92.145,0.009436,81.727,0.0094421
92.318,1.9836,92.318,0.009432,81.881,0.0094397
92.492,1.983,92.492,0.0094281,82.035,0.0094373
92.665,1.9823,92.665,0.0094241,82.188,0.0094349
92.838,1.9817,92.838,0.0094199,82.342,0.0094325
93.011,1.981,93.011,0.0094158,82.496,0.0094301
93.184,1.9803,93.184,0.0094117,82.649,0.0094277
93.358,1.9797,93.358,0.0094076,82.803,0.0094253
93.531,1.979,93.531,0.0094032,82.956,0.0094229
93.704,1.9783,93.704,0.0093984,83.11,0.0094187
93.877,1.9777,93.877,0.0093936,83.264,0.0094143
94.05,1.977,94.05,0.0093887,83.417,0.0094098
94.224,1.9763,94.224,0.0093839,83.571,0.0094053
94.397,1.9756,94.397,0.0093791,83.724,0.0094009
94.57,1.9749,94.57,0.0093743,83.878,0.0093964
94.743,1.9743,94.743,0.0093695,84.032,0.0093919
94.916,1.9736,94.916,0.0093647,84.185,0.0093875
95.09,1.9729,95.09,0.0093598,84.339,0.0093831
95.263,1.9722,95.263,0.009355,84.493,0.0093812
95.436,1.9715,95.436,0.0093502,84.646,0.0093792
95.609,1.9708,95.609,0.0093454,84.8,0.0093773
95.782,1.9701,95.782,0.0093405,84.953,0.0093753
95.956,1.9694,95.956,0.0093357,85.107,0.0093734
96.129,1.9687,96.129,0.0093309,85.261,0.0093714
96.302,1.968,96.302,0.009326,85.414,0.0093695
96.475,1.9673,96.475,0.0093212,85.568,0.0093675
96.648,1.9666,96.648,0.0093166,85.722,0.0093653
96.822,1.9659,96.822,0.009312,85.875,0.0093619
96.995,1.9652,96.995,0.0093075,86.029,0.0093585
97.168,1.9644,97.168,0.0093029,86.182,0.0093551
97.341,1.9637,97.341,0.0092983,86.336,0.0093517
97.514,1.963,97.514,0.009294,86.49,0.0093483
97.688,1.9623,97.688,0.0092897,86.643,0.0093449
97.861,1.9615,97.861,0.0092855,86.797,0.0093415
98.034,1.9608,98.034,0.0092812,86.951,0.0093381
98.207,1.96,98.207,0.009277,87.104,0.0093347
98.38,1.9593,98.38,0.0092727,87.258,0.0093314
98.554,1.9586,98.554,0.0092685,87.411,0.009328
98.727,1.9578,98.727,0.0092643,87.565,0.0093247
98.9,1.9571,98.9,0.0092601,87.719,0.0093213
99.073,1.9563,99.073,0.0092559,87.872,0.009318
99.247,1.9555,99.247,0.0092517,88.026,0.0093146
99.42,1.9548,99.42,0.0092475,88.18,0.0093112
99.593,1.954,99.593,0.0092436,88.333,0.0093079
99.766,1.9533,99.766,0.0092399,88.487,0.0093045
99.939,1.9525,99.939,0.0092362,88.64,0.009301
100.11,1.9517,100.11,0.0092325,88.794,0.0092976
100.29,1.9509,100.29,0.0092289,88.948,0.0092941
100.46,1.9502,100.46,0.0092252,89.101,0.0092906
100.63,1.9494,100.63,0.0092215,89.255,0.0092871
100.81,1.9486,100.81,0.0092178,89.409,0.0092836
100.98,1.9478,100.98,0.0092142,89.562,0.0092802
101.15,1.947,101.15,0.0092105,89.716,0.0092767
101.32,1.9463,101.32,0.0092068,89.869,0.0092733
101.5,1.9455,101.5,0.0092032,90.023,0.0092713
101.67,1.9447,101.67,0.0091995,90.177,0.0092692
101.84,1.9439,101.84,0.0091959,90.33,0.0092672
102.02,1.9431,102.02,0.0091922,90.484,0.0092651
102.19,1.9423,102.19,0.0091886,90.638,0.0092631
102.36,1.9414,102.36,0.009185,90.791,0.0092611
102.54,1.9406,102.54,0.0091813,90.945,0.009259
102.71,1.9398,102.71,0.0091777,91.098,0.009257
102.88,1.939,102.88,0.0091739,91.252,0.009255
103.06,1.9382,103.06,0.0091699,91.406,0.0092521
103.23,1.9374,103.23,0.0091659,91.559,0.0092479
103.4,1.9365,103.4,0.0091619,91.713,0.0092436
103.58,1.9357,103.58,0.009158,91.867,0.0092394
103.75,1.9349,103.75,0.009154,92.02,0.0092351
103.92,1.934,103.92,0.0091501,92.174,0.0092309
104.1,1.9332,104.1,0.0091462,92.327,0.0092267
104.27,1.9324,104.27,0.0091423,92.481,0.0092224
104.44,1.9315,104.44,0.0091383,92.635,0.0092182
104.62,1.9307,104.62,0.0091344,92.788,0.0092152
104.79,1.9298,104.79,0.0091305,92.942,0.0092129
104.96,1.929,104.96,0.0091266,93.095,0.0092107
105.14,1.9281,105.14,0.0091228,93.249,0.0092084
105.31,1.9272,105.31,0.0091189,93.403,0.0092062
105.48,1.9264,105.48,0.009115,93.556,0.009204
105.66,1.9255,105.66,0.0091112,93.71,0.0092017
105.83,1.9246,105.83,0.0091074,93.864,0.0091995
106,1.9238,106,0.0091041,94.017,0.0091973
106.17,1.9229,106.17,0.0091008,94.171,0.0091944
106.35,1.922,106.35,0.0090976,94.324,0.0091916
106.52,1.9211,106.52,0.0090945,94.478,0.0091887
106.69,1.9202,106.69,0.0090914,94.632,0.0091859
106.87,1.9192,106.87,0.0090882,94.785,0.009183
107.04,1.9183,107.04,0.0090851,94.939,0.0091802
107.21,1.9174,107.21,0.0090819,95.093,0.0091773
107.39,1.9165,107.39,0.0090788,95.246,0.0091744
107.56,1.9155,107.56,0.0090756,95.4,0.0091716
107.73,1.9146,107.73,0.0090725,95.553,0.0091687
107.91,1.9137,107.91,0.0090693,95.707,0.0091662
108.08,1.9127,108.08,0.0090661,95.861,0.0091639
108.25,1.9118,108.25,0.009063,96.014,0.0091616
108.43,1.9108,108.43,0.0090598,96.168,0.0091593
108.6,1.9099,108.6,0.0090566,96.322,0.0091569
108.77,1.9089,108.77,0.0090535,96.475,0.0091546
108.95,1.908,108.95,0.0090503,96.629,0.0091523
109.12,1.907,109.12,0.0090471,96.782,0.00915
109.29,1.906,109.29,0.0090438,96.936,0.0091477
109.47,1.9051,109.47,0.00904,97.09,0.0091454
109.64,1.9041,109.64,0.0090361,97.243,0.0091419
109.81,1.9031,109.81,0.0090323,97.397,0.0091373
109.99,1.9021,109.99,0.0090284,97.551,0.0091327
110.16,1.9011,110.16,0.0090246,97.704,0.0091281
110.33,1.9001,110.33,0.0090207,97.858,0.0091235
110.5,1.8991,110.5,0.0090169,98.011,0.0091188
110.68,1.8981,110.68,0.009013,98.165,0.0091142
110.85,1.8971,110.85,0.0090091,98.319,0.0091096
111.02,1.8961,111.02,0.0090053,98.472,0.0091049
111.2,1.8951,111.2,0.0090014,98.626,0.0091003
111.37,1.8941,111.37,0.0089975,98.78,0.0090994
111.54,1.893,111.54,0.0089937,98.933,0.0090986
111.72,1.892,111.72,0.0089898,99.087,0.0090978
111.89,1.891,111.89,0.0089859,99.24,0.0090969
112.06,1.8899,112.06,0.008982,99.394,0.0090961
112.24,1.8889,112.24,0.0089781,99.548,0.0090952
112.41,1.8878,112.41,0.0089743,99.701,0.0090944
112.58,1.8868,112.58,0.0089699,99.855,0.0090936
112.76,1.8857,112.76,0.0089651,100.01,0.0090927
112.93,1.8847,112.93,0.0089602,100.16,0.0090907
113.1,1.8836,113.1,0.0089554,100.32,0.0090874
113.28,1.8825,113.28,0.0089506,100.47,0.0090841
113.45,1.8815,113.45,0.0089458,100.62,0.0090809
113.62,1.8804,113.62,0.008941,100.78,0.0090776
113.8,1.8793,113.8,0.0089362,100.93,0.0090743
113.97,1.8782,113.97,0.0089315,101.08,0.0090711
114.14,1.8771,114.14,0.0089267,101.24,0.0090671
114.32,1.876,114.32,0.008922,101.39,0.0090626
114.49,1.8749,114.49,0.0089173,101.54,0.0090583
114.66,1.8738,114.66,0.0089126,101.7,0.0090539
114.83,1.8726,114.83,0.0089079,101.85,0.0090494
115.01,1.8715,115.01,0.0089034,102.01,0.009045
115.18,1.8704,115.18,0.0089003,102.16,0.0090407
115.35,1.8693,115.35,0.0088972,102.31,0.0090377
115.53,1.8681,115.53,0.0088941,102.47,0.009035
115.7,1.867,115.7,0.008891,102.62,0.0090322
115.87,1.8658,115.87,0.0088879,102.77,0.0090294
116.05,1.8647,116.05,0.0088848,102.93,0.0090267
116.22,1.8635,116.22,0.0088817,103.08,0.0090239
116.39,1.8624,116.39,0.0088786,103.23,0.0090212
116.57,1.8612,116.57,0.0088755,103.39,0.0090184
116.74,1.86,116.74,0.0088724,103.54,0.0090156
116.91,1.8588,116.91,0.0088693,103.7,0.0090127
117.09,1.8576,117.09,0.0088663,103.85,0.0090096
117.26,1.8564,117.26,0.0088633,104,0.0090065
117.43,1.8551,117.43,0.0088602,104.16,0.0090033
117.61,1.8539,117.61,0.0088572,104.31,0.0090002
117.78,1.8527,117.78,0.0088542,104.46,0.0089971
117.95,1.8514,117.95,0.0088512,104.62,0.008994
118.13,1.8501,118.13,0.0088481,104.77,0.0089909
118.3,1.8489,118.3,0.008845,104.92,0.0089878
118.47,1.8476,118.47,0.0088417,105.08,0.0089847
118.65,1.8463,118.65,0.0088383,105.23,0.0089815
118.82,1.845,118.82,0.0088349,105.39,0.0089783
118.99,1.8437,118.99,0.0088315,105.54,0.0089751
119.17,1.8424,119.17,0.0088282,105.69,0.0089718
119.34,1.8411,119.34,0.0088248,105.85,0.0089686
119.51,1.8398,119.51,0.0088214,106,0.0089654
119.68,1.8385,119.68,0.0088181,106.15,0.0089622
119.86,1.8372,119.86,0.0088147,106.31,0.008959
120.03,1.8359,120.03,0.0088114,106.46,0.0089558
120.2,1.8345,120.2,0.008808,106.61,0.0089525
120.38,1.8332,120.38,0.0088046,106.77,0.00895
120.55,1.8318,120.55,0.0088013,106.92,0.0089477
120.72,1.8304,120.72,0.0087979,107.08,0.0089454
120.9,1.8291,120.9,0.0087946,107.23,0.0089431
121.07,1.8277,121.07,0.0087912,107.38,0.0089409
121.24,1.8263,121.24,0.0087879,107.54,0.0089386
121.42,1.8249,121.42,0.0087845,107.69,0.0089363
121.59,1.8235,121.59,0.0087812,107.84,0.0089341
121.76,1.8221,121.76,0.0087774,108,0.0089318
121.94,1.8207,121.94,0.0087736,108.15,0.0089295
122.11,1.8193,122.11,0.0087697,108.3,0.0089267
122.28,1.8178,122.28,0.0087659,108.46,0.0089236
122.46,1.8164,122.46,0.008762,108.61,0.0089204
122.63,1.815,122.63,0.0087582,108.77,0.0089172
122.8,1.8135,122.8,0.0087544,108.92,0.0089141
122.98,1.8121,122.98,0.0087505,109.07,0.0089109
123.15,1.8106,123.15,0.0087467,109.23,0.0089078
123.32,1.8091,123.32,0.0087429,109.38,0.0089046
123.5,1.8077,123.5,0.008739,109.53,0.0089014
123.67,1.8062,123.67,0.0087352,109.69,0.008898
123.84,1.8047,123.84,0.0087314,109.84,0.0088945
124.01,1.8031,124.01,0.0087276,109.99,0.0088909
124.19,1.8016,124.19,0.0087238,110.15,0.0088874
124.36,1.8001,124.36,0.0087199,110.3,0.0088839
124.53,1.7986,124.53,0.0087161,110.45,0.0088804
124.71,1.797,124.71,0.0087124,110.61,0.0088769
124.88,1.7955,124.88,0.008709,110.76,0.0088734
125.05,1.7939,125.05,0.0087056,110.92,0.0088701
125.23,1.7923,125.23,0.0087022,111.07,0.0088674
125.4,1.7908,125.4,0.0086988,111.22,0.0088647
125.57,1.7892,125.57,0.0086954,111.38,0.008862
125.75,1.7876,125.75,0.008692,111.53,0.0088593
125.92,1.786,125.92,0.0086887,111.68,0.0088566
126.09,1.7843,126.09,0.0086853,111.84,0.0088539
126.27,1.7826,126.27,0.008682,111.99,0.0088512
126.44,1.781,126.44,0.0086786,112.14,0.0088486
126.61,1.7793,126.61,0.0086753,112.3,0.0088459
126.79,1.7776,126.79,0.008672,112.45,0.0088432
126.96,1.7759,126.96,0.0086686,112.61,0.0088406
127.13,1.7742,127.13,0.0086653,112.76,0.008838
127.31,1.7724,127.31,0.008662,112.91,0.0088353
127.48,1.7707,127.48,0.0086586,113.07,0.0088327
127.65,1.7689,127.65,0.0086553,113.22,0.0088301
127.83,1.7672,127.83,0.0086519,113.37,0.0088274
128,1.7654,128,0.0086486,113.53,0.0088248
128.17,1.7636,128.17,0.0086448,113.68,0.0088222
128.34,1.7618,128.34,0.008641,113.83,0.0088195
128.52,1.76,128.52,0.0086372,113.99,0.0088167
128.69,1.7582,128.69,0.0086334,114.14,0.0088136
128.86,1.7564,128.86,0.0086296,114.3,0.0088106
129.04,1.7546,129.04,0.0086259,114.45,0.0088077
129.21,1.7527,129.21,0.0086221,114.6,0.0088047
129.38,1.7509,129.38,0.0086183,114.76,0.0088017
129.56,1.749,129.56,0.0086146,114.91,0.0087987
129.73,1.7471,129.73,0.0086108,115.06,0.0087957
129.9,1.7452,129.9,0.008607,115.22,0.0087927
130.08,1.7433,130.08,0.0086033,115.37,0.0087897
130.25,1.7414,130.25,0.0085995,115.52,0.0087867
130.42,1.7395,130.42,0.0085958,115.68,0.0087837
130.6,1.7375,130.6,0.008592,115.83,0.0087808
130.77,1.7356,130.77,0.0085883,115.99,0.0087778
130.94,1.7336,130.94,0.0085846,116.14,0.0087748
131.12,1.7316,131.12,0.0085808,116.29,0.0087718
131.29,1.7297,131.29,0.0085772,116.45,0.0087688
131.46,1.7277,131.46,0.0085735,116.6,0.0087658
131.64,1.7256,131.64,0.0085698,116.75,0.0087626
131.81,1.7236,131.81,0.0085662,116.91,0.0087594
131.98,1.7216,131.98,0.0085625,117.06,0.0087562
132.16,1.7195,132.16,0.0085588,117.21,0.008753
132.33,1.7175,132.33,0.0085551,117.37,0.0087498
132.5,1.7154,132.5,0.0085515,117.52,0.0087467
132.68,1.7133,132.68,0.0085478,117.68,0.0087435
132.85,1.7112,132.85,0.0085442,117.83,0.0087403
133.02,1.709,133.02,0.0085406,117.98,0.008737
133.19,1.7069,133.19,0.008537,118.14,0.0087332
133.37,1.7047,133.37,0.0085334,118.29,0.0087294
133.54,1.7024,133.54,0.0085298,118.44,0.0087256
133.71,1.7002,133.71,0.0085263,118.6,0.0087219
133.89,1.6979,133.89,0.0085227,118.75,0.0087181
134.06,1.6957,134.06,0.0085191,118.9,0.0087143
134.23,1.6934,134.23,0.0085156,119.06,0.0087105
134.41,1.6911,134.41,0.0085122,119.21,0.0087067
134.58,1.6888,134.58,0.0085087,119.37,0.0087032
134.75,1.6865,134.75,0.0085052,119.52,0.0087005
134.93,1.6842,134.93,0.0085018,119.67,0.0086979
135.1,1.6818,135.1,0.0084983,119.83,0.0086953
135.27,1.6794,135.27,0.0084949,119.98,0.0086927
135.45,1.6771,135.45,0.0084914,120.13,0.0086901
135.62,1.6746,135.62,0.008488,120.29,0.0086875
135.79,1.6722,135.79,0.0084845,120.44,0.0086849
135.97,1.6698,135.97,0.0084811,120.59,0.0086823
136.14,1.6673,136.14,0.0084776,120.75,0.0086797
136.31,1.6649,136.31,0.0084742,120.9,0.0086771
136.49,1.6624,136.49,0.0084707,121.05,0.0086743
136.66,1.6599,136.66,0.0084673,121.21,0.0086716
136.83,1.6573,136.83,0.0084639,121.36,0.0086689
137.01,1.6548,137.01,0.0084604,121.52,0.0086661
137.18,1.6522,137.18,0.008457,121.67,0.0086634
137.35,1.6497,137.35,0.0084535,121.82,0.0086607
137.52,1.6471,137.52,0.0084498,121.98,0.008658
137.7,1.6445,137.7,0.0084458,122.13,0.0086552
137.87,1.6419,137.87,0.0084419,122.28,0.0086525
138.04,1.6392,138.04,0.0084379,122.44,0.0086497
138.22,1.6366,138.22,0.0084339,122.59,0.0086468
138.39,1.6339,138.39,0.0084299,122.74,0.0086439
138.56,1.6312,138.56,0.008426,122.9,0.008641
138.74,1.6284,138.74,0.008422,123.05,0.0086381
138.91,1.6257,138.91,0.008418,123.21,0.0086352
139.08,1.6229,139.08,0.0084141,123.36,0.0086323
139.26,1.6201,139.26,0.0084103,123.51,0.0086294
139.43,1.6172,139.43,0.0084064,123.67,0.0086265
139.6,1.6143,139.6,0.0084026,123.82,0.0086234
139.78,1.6114,139.78,0.0083988,123.97,0.00862
139.95,1.6085,139.95,0.008395,124.13,0.0086165
140.12,1.6055,140.12,0.0083912,124.28,0.0086131
140.3,1.6025,140.3,0.0083874,124.43,0.0086097
140.47,1.5995,140.47,0.0083837,124.59,0.0086063
140.64,1.5965,140.64,0.0083799,124.74,0.0086029
140.82,1.5935,140.82,0.0083761,124.9,0.0085995
140.99,1.5904,140.99,0.0083724,125.05,0.0085961
141.16,1.5873,141.16,0.0083686,125.2,0.0085926
141.34,1.5842,141.34,0.0083648,125.36,0.0085888
141.51,1.5811,141.51,0.0083611,125.51,0.008585
141.68,1.5779,141.68,0.0083574,125.66,0.0085812
141.85,1.5748,141.85,0.0083536,125.82,0.0085775
142.03,1.5715,142.03,0.0083499,125.97,0.0085737
142.2,1.5683,142.2,0.0083462,126.12,0.00857
142.37,1.565,142.37,0.0083424,126.28,0.0085662
142.55,1.5618,142.55,0.0083387,126.43,0.0085625
142.72,1.5584,142.72,0.008335,126.59,0.0085583
142.89,1.5551,142.89,0.0083313,126.74,0.008554
143.07,1.5517,143.07,0.0083276,126.89,0.0085498
143.24,1.5483,143.24,0.0083239,127.05,0.0085455
143.41,1.5449,143.41,0.0083202,127.2,0.0085413
143.59,1.5415,143.59,0.0083166,127.35,0.008537
143.76,1.538,143.76,0.0083132,127.51,0.0085328
143.93,1.5345,143.93,0.0083099,127.66,0.0085286
144.11,1.531,144.11,0.0083065,127.81,0.0085247
144.28,1.5275,144.28,0.0083031,127.97,0.0085218
144.45,1.5239,144.45,0.0082998,128.12,0.008519
144.63,1.5203,144.63,0.0082964,128.28,0.0085161
144.8,1.5166,144.8,0.0082931,128.43,0.0085132
144.97,1.5129,144.97,0.0082899,128.58,0.0085103
145.15,1.5092,145.15,0.0082867,128.74,0.0085074
145.32,1.5054,145.32,0.0082835,128.89,0.0085046
145.49,1.5016,145.49,0.0082804,129.04,0.0085017
145.67,1.4978,145.67,0.0082772,129.2,0.0084988
145.84,1.4939,145.84,0.008274,129.35,0.0084959
146.01,1.49,146.01,0.0082708,129.5,0.0084928
146.19,1.486,146.19,0.0082677,129.66,0.0084897
146.36,1.482,146.36,0.0082645,129.81,0.0084865
146.53,1.478,146.53,0.0082613,129.96,0.0084834
146.7,1.474,146.7,0.0082581,130.12,0.0084803
146.88,1.4699,146.88,0.0082548,130.27,0.0084772
147.05,1.4658,147.05,0.0082513,130.43,0.0084741
147.22,1.4617,147.22,0.0082478,130.58,0.008471
147.4,1.4575,147.4,0.0082443,130.73,0.0084679
147.57,1.4533,147.57,0.0082409,130.89,0.0084648
147.74,1.4491,147.74,0.0082374,131.04,0.0084617
147.92,1.4448,147.92,0.0082339,131.19,0.0084586
148.09,1.4405,148.09,0.0082305,131.35,0.0084555
148.26,1.4362,148.26,0.008227,131.5,0.0084524
148.44,1.4318,148.44,0.0082236,131.65,0.0084493
148.61,1.4274,148.61,0.0082202,131.81,0.0084461
148.78,1.4229,148.78,0.0082168,131.96,0.008443
148.96,1.4184,148.96,0.0082134,132.12,0.0084399
149.13,1.4139,149.13,0.00821,132.27,0.0084368
149.3,1.4093,149.3,0.0082066,132.42,0.0084331
149.48,1.4046,149.48,0.0082032,132.58,0.0084293
149.65,1.3999,149.65,0.0081998,132.73,0.0084255
149.82,1.3952,149.82,0.0081965,132.88,0.0084217
150,1.3905,150,0.0081931,133.04,0.0084179
150.17,1.3857,150.17,0.0081898,133.19,0.0084141
150.34,1.3808,150.34,0.0081865,133.34,0.0084102
150.52,1.376,150.52,0.0081821,133.5,0.0084064
150.69,1.3711,150.69,0.0081747,133.65,0.0084026
150.86,1.3662,150.86,0.0081673,133.81,0.0083988
151.03,1.3612,151.03,0.00816,133.96,0.0083948
151.21,1.3562,151.21,0.0081528,134.11,0.0083909
151.38,1.3511,151.38,0.0081456,134.27,0.0083869
151.55,1.346,151.55,0.0081386,134.42,0.008383
151.73,1.3409,151.73,0.0081315,134.57,0.008379
151.9,1.3357,151.9,0.0081246,134.73,0.0083751
152.07,1.3304,152.07,0.0081177,134.88,0.0083711
152.25,1.3252,152.25,0.0081109,135.03,0.0083672
152.42,1.3198,152.42,0.0081041,135.19,0.0083631
152.59,1.3144,152.59,0.0080974,135.34,0.0083589
152.77,1.3089,152.77,0.0080908,135.5,0.0083547
152.94,1.3034,152.94,0.0080843,135.65,0.0083505
153.11,1.2978,153.11,0.008078,135.8,0.0083463
153.29,1.2922,153.29,0.0080718,135.96,0.0083422
153.46,1.2866,153.46,0.0080658,136.11,0.008338
153.63,1.2809,153.63,0.0080598,136.26,0.0083338
153.81,1.2751,153.81,0.0080538,136.42,0.0083296
153.98,1.2693,153.98,0.0080479,136.57,0.0083262
154.15,1.2634,154.15,0.008042,136.72,0.008323
154.33,1.2575,154.33,0.0080362,136.88,0.0083199
154.5,1.2516,154.5,0.0080305,137.03,0.0083167
154.67,1.2456,154.67,0.0080248,137.19,0.0083136
154.85,1.2395,154.85,0.0080191,137.34,0.0083104
155.02,1.2334,155.02,0.0080136,137.49,0.0083073
155.19,1.2272,155.19,0.008008,137.65,0.0083041
155.36,1.221,155.36,0.0080025,137.8,0.0083009
155.54,1.2147,155.54,0.0079971,137.95,0.0082978
155.71,1.2084,155.71,0.0079917,138.11,0.0082943
155.88,1.202,155.88,0.0079864,138.26,0.0082908
156.06,1.2001,156.06,0.0079833,138.41,0.0082873
156.23,1.1982,156.23,0.0079801,138.57,0.0082838
156.4,1.1963,156.4,0.0079772,138.72,0.0082803
156.58,1.1944,156.58,0.0079744,138.88,0.0082768
156.75,1.1924,156.75,0.0079715,139.03,0.0082733
156.92,1.1905,156.92,0.0079686,139.18,0.0082698
157.1,1.1886,157.1,0.0079658,139.34,0.0082663
157.27,1.1866,157.27,0.007963,139.49,0.0082627
157.44,1.1847,157.44,0.0079602,139.64,0.0082586
157.62,1.1827,157.62,0.0079574,139.8,0.0082546
157.79,1.1808,157.79,0.0079547,139.95,0.0082506
157.96,1.1788,157.96,0.007952,140.1,0.0082465
158.14,1.1768,158.14,0.0079492,140.26,0.0082425
158.31,1.1748,158.31,0.0079466,140.41,0.0082384
158.48,1.1729,158.48,0.0079439,140.56,0.0082344
158.66,1.1709,158.66,0.0079412,140.72,0.0082304
158.83,1.1689,158.83,0.0079386,140.87,0.0082257
159,1.1669,159,0.007936,141.03,0.0082205
159.18,1.1649,159.18,0.0079334,141.18,0.0082154
159.35,1.1629,159.35,0.0079308,141.33,0.0082103
159.52,1.1608,159.52,0.0079283,141.49,0.0082051
159.7,1.1587,159.7,0.0079257,141.64,0.0082
159.87,1.1565,159.87,0.0079234,141.79,0.0081949
160.04,1.1544,160.04,0.0079211,141.95,0.0081898
160.21,1.1522,160.21,0.0079188,142.1,0.0081846
160.39,1.1501,160.39,0.0079166,142.25,0.0081806
160.56,1.1479,160.56,0.0079143,142.41,0.0081767
160.73,1.1457,160.73,0.0079121,142.56,0.0081727
160.91,1.1436,160.91,0.0079099,142.72,0.0081688
161.08,1.1414,161.08,0.0079077,142.87,0.0081648
161.25,1.1392,161.25,0.0079055,143.02,0.0081609
161.43,1.137,161.43,0.0079034,143.18,0.0081569
161.6,1.1349,161.6,0.0079012,143.33,0.008153
161.77,1.1327,161.77,0.0078991,143.48,0.0081491
161.95,1.1306,161.95,0.0078971,143.64,0.0081452
162.12,1.1287,162.12,0.0078951,143.79,0.0081416
162.29,1.1267,162.29,0.0078932,143.94,0.008138
162.47,1.1247,162.47,0.0078913,144.1,0.0081345
162.64,1.1227,162.64,0.0078894,144.25,0.0081309
162.81,1.1208,162.81,0.0078875,144.41,0.0081273
162.99,1.1187,162.99,0.0078856,144.56,0.0081237
163.16,1.1166,163.16,0.0078838,144.71,0.0081201
163.33,1.1145,163.33,0.007882,144.87,0.0081165
163.51,1.1124,163.51,0.0078803,145.02,0.0081129
163.68,1.1103,163.68,0.0078786,145.17,0.0081097
163.85,1.1082,163.85,0.0078769,145.33,0.0081071
164.03,1.1061,164.03,0.0078753,145.48,0.0081045
164.2,1.104,164.2,0.0078736,145.63,0.0081019
164.37,1.1019,164.37,0.0078719,145.79,0.0080993
164.54,1.0998,164.54,0.0078703,145.94,0.0080967
164.72,1.0978,164.72,0.0078687,146.1,0.008094
164.89,1.0957,164.89,0.007867,146.25,0.0080914
165.06,1.0936,165.06,0.0078654,146.4,0.0080888
165.24,1.0915,165.24,0.0078638,146.56,0.0080862
165.41,1.0894,165.41,0.0078622,146.71,0.0080835
165.58,1.0874,165.58,0.0078606,146.86,0.0080808
165.76,1.0853,165.76,0.007859,147.02,0.0080781
165.93,1.0832,165.93,0.0078574,147.17,0.0080754
166.1,1.0812,166.1,0.0078558,147.32,0.0080726
166.28,1.0791,166.28,0.0078543,147.48,0.0080699
166.45,1.077,166.45,0.0078527,147.63,0.0080671
166.62,1.0749,166.62,0.0078511,147.79,0.0080644
166.8,1.0728,166.8,0.0078496,147.94,0.0080616
166.97,1.0706,166.97,0.0078482,148.09,0.0080589
167.14,1.0685,167.14,0.0078468,148.25,0.0080559
167.32,1.0664,167.32,0.0078454,148.4,0.0080528
167.49,1.0643,167.49,0.007844,148.55,0.0080498
167.66,1.0623,167.66,0.0078432,148.71,0.0080467
167.84,1.0604,167.84,0.0078427,148.86,0.0080436
168.01,1.0584,168.01,0.0078422,149.01,0.0080406
168.18,1.0565,168.18,0.0078417,149.17,0.0080375
168.36,1.0545,168.36,0.0078412,149.32,0.0080345
168.53,1.0526,168.53,0.0078407,149.48,0.0080313
168.7,1.0506,168.7,0.0078402,149.63,0.0080282
168.87,1.0487,168.87,0.0078398,149.78,0.008025
169.05,1.0467,169.05,0.0078393,149.94,0.0080219
169.22,1.0448,169.22,0.0078388,150.09,0.0080187
169.39,1.0428,169.39,0.0078383,150.24,0.0080155
169.57,1.0409,169.57,0.0078379,150.4,0.0080124
169.74,1.039,169.74,0.0078374,150.55,0.0080093
169.91,1.037,169.91,0.0078368,150.7,0.0080073
170.09,1.035,170.09,0.0078364,150.86,0.0080054
170.26,1.033,170.26,0.007836,151.01,0.0080034
170.43,1.0311,170.43,0.0078356,151.16,0.0080015
170.61,1.0291,170.61,0.0078352,151.32,0.0079995
170.78,1.0272,170.78,0.0078348,151.47,0.0079976
170.95,1.0252,170.95,0.0078344,151.63,0.0079957
171.13,1.0232,171.13,0.007834,151.78,0.0079937
171.3,1.0213,171.3,0.0078336,151.93,0.0079918
171.47,1.0193,171.47,0.0078332,152.09,0.0079898
171.65,1.0174,171.65,0.0078328,152.24,0.0079898
171.82,1.0154,171.82,0.0078324,152.39,0.0079897
171.99,1.0135,171.99,0.007832,152.55,0.0079897
172.17,1.0116,172.17,0.0078316,152.7,0.0079897
172.34,1.0096,172.34,0.0078313,152.85,0.0079897
172.51,1.0077,172.51,0.0078309,153.01,0.0079897
172.69,1.0058,172.69,0.0078305,153.16,0.0079897
172.86,1.0038,172.86,0.0078301,153.32,0.0079897
173.03,1.0019,173.03,0.0078298,153.47,0.0079897
173.21,1,173.21,0.0078294,153.62,0.0079897
