0,0.0502987145442499
0.000500000023748726,0.0502987145442499
0.00100000004749745,0.0502987145442499
0.00150000001303852,0.0502987145442499
0.0020000000949949,0.0502987145442499
0.00249999994412065,0.0502987145442499
0.00300000002607703,0.0502987145442499
0.00350000010803342,0.0502987145442499
0.00400000018998981,0.0502987145442499
0.0044999998062849,0.0502987145442499
0.00499999988824129,0.0502987145442499
0.00549999997019768,0.0502987145442499
0.00600000005215406,0.0502987145442499
0.00650000013411045,0.0502987145442499
0.00700000021606684,0.0502987145442499
0.00749999983236194,0.0502987145442499
0.00800000037997961,0.0502987145442499
0.008500000461936,0.0502987145442499
0.00899999961256981,0.0502987145442499
0.0094999996945262,0.0502987145442499
0.00999999977648258,0.0502987145442499
0.010499999858439,0.0502987145442499
0.0109999999403954,0.0502987145442499
0.0115000000223517,0.0502987145442499
0.0120000001043081,0.0502987145442499
0.0125000001862645,0.0502987145442499
0.0130000002682209,0.0502987145442499
0.0135000003501773,0.0502987145442499
0.0140000004321337,0.0502987145442499
0.0144999995827675,0.0502987145442499
0.0149999996647239,0.0502987145442499
0.0154999997466803,0.0502987145442499
0.0160000007599592,0.0502987145442499
0.016499999910593,0.0502987145442499
0.017000000923872,0.0502987145442499
0.0175000000745058,0.0502987145442499
0.0179999992251396,0.0502987145442499
0.0185000002384186,0.0502987145442499
0.0189999993890524,0.0502987145442499
0.0195000004023314,0.0502987145442499
0.0199999995529652,0.0502987145442499
0.0205000005662441,0.0502987145442499
0.0209999997168779,0.0502987145442499
0.0215000007301569,0.0502987145442499
0.0219999998807907,0.0502987145442499
0.0225000008940697,0.0502987145442499
0.0230000000447035,0.0502987145442499
0.0234999991953373,0.0502987145442499
0.0240000002086163,0.0502987145442499
0.0244999993592501,0.0502987145442499
0.025000000372529,0.0502987145442499
0.0254999995231628,0.0502987145442499
0.0260000005364418,0.0502987145442499
0.0264999996870756,0.0502987145442499
0.0270000007003546,0.0502987145442499
0.0274999998509884,0.0502987145442499
0.0280000008642673,0.0502987145442499
0.0285000000149012,0.0502987145442499
0.028999999165535,0.0502987145442499
0.0295000001788139,0.0502987145442499
0.0299999993294477,0.0502987145442499
0.0305000003427267,0.0502987145442499
0.0309999994933605,0.0502987145442499
0.0315000005066395,0.0502987145442499
0.0320000015199184,0.0502987145442499
0.0324999988079071,0.0502987145442499
0.0329999998211861,0.0502987145442499
0.033500000834465,0.0502987145442499
0.034000001847744,0.0502987145442499
0.0344999991357327,0.0502987145442499
0.0350000001490116,0.0502987145442499
0.0355000011622906,0.0502987145442499
0.0359999984502792,0.0502987145442499
0.0364999994635582,0.0502987145442499
0.0370000004768372,0.0502987145442499
0.0375000014901161,0.0502987145442499
0.0379999987781048,0.0502987145442499
0.0384999997913837,0.0502987145442499
0.0390000008046627,0.0502987145442499
0.0395000018179417,0.0502987145442499
0.0399999991059303,0.0502987145442499
0.0405000001192093,0.0502987145442499
0.0410000011324883,0.0502987145442499
0.0414999984204769,0.0502987145442499
0.0419999994337559,0.0502987145442499
0.0425000004470348,0.0502987145442499
0.0430000014603138,0.0502987145442499
0.0434999987483025,0.0502987145442499
0.0439999997615814,0.0502987145442499
0.0445000007748604,0.0502987145442499
0.0450000017881393,0.0502987145442499
0.045499999076128,0.0502987145442499
0.046000000089407,0.0502987145442499
0.0465000011026859,0.0502987145442499
0.0469999983906746,0.0502987145442499
0.0474999994039536,0.0502987145442499
0.0480000004172325,0.0502987145442499
0.0485000014305115,0.0502987145442499
0.0489999987185001,0.0502987145442499
0.0494999997317791,0.0502987145442499
0.0500000007450581,0.0502987145442499
0.050500001758337,0.0502987145442499
0.0509999990463257,0.0502987145442499
0.0515000000596046,0.0502987145442499
0.0520000010728836,0.0502987145442499
0.0524999983608723,0.0502987145442499
0.0529999993741512,0.0502987145442499
0.0535000003874302,0.0502987145442499
0.0540000014007092,0.0502987145442499
0.0544999986886978,0.0502987145442499
0.0549999997019768,0.0502987145442499
0.0555000007152557,0.0502987145442499
0.0560000017285347,0.0502987145442499
0.0564999990165234,0.0502987145442499
0.0570000000298023,0.0502987145442499
0.0575000010430813,0.0502987145442499
0.0579999983310699,0.0502987145442499
0.0584999993443489,0.0502987145442499
0.0590000003576279,0.0502987145442499
0.0595000013709068,0.0502987145442499
0.0599999986588955,0.0502987145442499
0.0604999996721745,0.0502987145442499
0.0610000006854534,0.0502987145442499
0.0615000016987324,0.0502987145442499
0.061999998986721,0.0502987145442499
0.0625,0.0502987145442499
0.063000001013279,0.0502987145442499
0.0635000020265579,0.0502987145442499
0.0640000030398369,0.0502987145442499
0.0644999966025352,0.0502987145442499
0.0649999976158142,0.0502987145442499
0.0654999986290932,0.0502987145442499
0.0659999996423721,0.0502987145442499
0.0665000006556511,0.0502987145442499
0.0670000016689301,0.0502987145442499
0.067500002682209,0.0502987145442499
0.068000003695488,0.0502987145442499
0.0684999972581863,0.0502987145442499
0.0689999982714653,0.0502987145442499
0.0694999992847443,0.0528455059249339
0.0700000002980232,0.0528455059249339
0.0705000013113022,0.0528455059249339
0.0710000023245811,0.0528455059249339
0.0715000033378601,0.0528455059249339
0.0719999969005585,0.0528455059249339
0.0724999979138374,0.0528455059249339
0.0729999989271164,0.0528455059249339
0.0734999999403954,0.0528455059249339
0.0740000009536743,0.0528455059249339
0.0745000019669533,0.0528455059249339
0.0750000029802322,0.0528455059249339
0.0754999965429306,0.0528455059249339
0.0759999975562096,0.0528455059249339
0.0764999985694885,0.0528455059249339
0.0769999995827675,0.0528455059249339
0.0775000005960464,0.0528455059249339
0.0780000016093254,0.0528455059249339
0.0785000026226044,0.0528455059249339
0.0790000036358833,0.0528455059249339
0.0794999971985817,0.0515917806166148
0.0799999982118607,0.0515917806166148
0.0804999992251396,0.0515917806166148
0.0810000002384186,0.0515917806166148
0.0815000012516975,0.0515917806166148
0.0820000022649765,0.0515917806166148
0.0825000032782555,0.0515917806166148
0.0829999968409538,0.0515917806166148
0.0834999978542328,0.0515917806166148
0.0839999988675117,0.0515917806166148
0.0844999998807907,0.0515917806166148
0.0850000008940697,0.0515917806166148
0.0855000019073486,0.0515917806166148
0.0860000029206276,0.0515917806166148
0.086499996483326,0.0515917806166148
0.0869999974966049,0.0515917806166148
0.0874999985098839,0.0515917806166148
0.0879999995231628,0.0515917806166148
0.0885000005364418,0.0515917806166148
0.0890000015497208,0.0515917806166148
0.0895000025629997,0.0515917806166148
0.0900000035762787,0.0515917806166148
0.0904999971389771,0.0533116238887891
0.090999998152256,0.0533116238887891
0.091499999165535,0.0533116238887891
0.0920000001788139,0.0533116238887891
0.0925000011920929,0.0533116238887891
0.0930000022053719,0.0533116238887891
0.0935000032186508,0.0533116238887891
0.0939999967813492,0.0533116238887891
0.0944999977946281,0.0533116238887891
0.0949999988079071,0.0533116238887891
0.0954999998211861,0.0533116238887891
0.096000000834465,0.0533116238887891
0.096500001847744,0.0533116238887891
0.0970000028610229,0.0533116238887891
0.0974999964237213,0.0533116238887891
0.0979999974370003,0.0533116238887891
0.0984999984502792,0.0533116238887891
0.0989999994635582,0.0533116238887891
0.0995000004768372,0.0533116238887891
0.100000001490116,0.0533116238887891
0.100500002503395,0.0533116238887891
0.101000003516674,0.0533116238887891
0.101499997079372,0.0533116238887891
0.101999998092651,0.0533116238887891
0.10249999910593,0.0533116238887891
0.103000000119209,0.0533116238887891
0.103500001132488,0.0533116238887891
0.104000002145767,0.0533116238887891
0.104500003159046,0.0533116238887891
0.104999996721745,0.0533116238887891
0.105499997735023,0.0533116238887891
0.105999998748302,0.0533116238887891
0.106499999761581,0.0533116238887891
0.10700000077486,0.0533116238887891
0.107500001788139,0.0533116238887891
0.108000002801418,0.0533116238887891
0.108499996364117,0.0533116238887891
0.108999997377396,0.0533116238887891
0.109499998390675,0.0533116238887891
0.109999999403954,0.0533116238887891
0.110500000417233,0.0533116238887891
0.111000001430511,0.0533116238887891
0.11150000244379,0.0533116238887891
0.112000003457069,0.0533116238887891
0.112499997019768,0.0533116238887891
0.112999998033047,0.0533116238887891
0.113499999046326,0.0533116238887891
0.114000000059605,0.0533116238887891
0.114500001072884,0.0533116238887891
0.115000002086163,0.0546043111685695
0.115500003099442,0.0546043111685695
0.11599999666214,0.0546043111685695
0.116499997675419,0.0546043111685695
0.116999998688698,0.0546043111685695
0.117499999701977,0.0546043111685695
0.118000000715256,0.0546043111685695
0.118500001728535,0.0546043111685695
0.119000002741814,0.0546043111685695
0.119499996304512,0.0546043111685695
0.119999997317791,0.0546043111685695
0.12049999833107,0.0546043111685695
0.120999999344349,0.0546043111685695
0.121500000357628,0.0546043111685695
0.122000001370907,0.0546043111685695
0.122500002384186,0.0546043111685695
0.123000003397465,0.0546043111685695
0.123499996960163,0.0546043111685695
0.123999997973442,0.0546043111685695
0.124499998986721,0.0546043111685695
0.125,0.0546043111685695
0.125499993562698,0.0546043111685695
0.126000002026558,0.0546043111685695
0.126499995589256,0.0546043111685695
0.127000004053116,0.0546043111685695
0.127499997615814,0.0546043111685695
0.128000006079674,0.0546043111685695
0.128499999642372,0.0546043111685695
0.12899999320507,0.0546043111685695
0.12950000166893,0.0546043111685695
0.129999995231628,0.0546043111685695
0.130500003695488,0.0546043111685695
0.130999997258186,0.0546043111685695
0.131500005722046,0.0546043111685695
0.131999999284744,0.0546043111685695
0.132499992847443,0.0546043111685695
0.133000001311302,0.0546043111685695
0.133499994874001,0.0546043111685695
0.13400000333786,0.0546043111685695
0.134499996900558,0.0546043111685695
0.135000005364418,0.0546043111685695
0.135499998927116,0.0546043111685695
0.136000007390976,0.0546043111685695
0.136500000953674,0.0546043111685695
0.136999994516373,0.0546043111685695
0.137500002980232,0.0546043111685695
0.137999996542931,0.0546043111685695
0.13850000500679,0.0546043111685695
0.138999998569489,0.0546043111685695
0.139500007033348,0.0546043111685695
0.140000000596046,0.0546043111685695
0.140499994158745,0.0546043111685695
0.141000002622604,0.0546043111685695
0.141499996185303,0.0546043111685695
0.142000004649162,0.0546043111685695
0.142499998211861,0.0546043111685695
0.14300000667572,0.0546043111685695
0.143500000238419,0.0546043111685695
0.143999993801117,0.0546043111685695
0.144500002264977,0.0546043111685695
0.144999995827675,0.0546043111685695
0.145500004291534,0.0546043111685695
0.145999997854233,0.0546043111685695
0.146500006318092,0.0546043111685695
0.146999999880791,0.0546043111685695
0.147499993443489,0.056403190965234
0.148000001907349,0.0567970422865333
0.148499995470047,0.0567970422865333
0.149000003933907,0.0567970422865333
0.149499997496605,0.0567970422865333
0.150000005960464,0.0567970422865333
0.150499999523163,0.0567970422865333
0.150999993085861,0.0567970422865333
0.151500001549721,0.0567970422865333
0.151999995112419,0.0567970422865333
0.152500003576279,0.0567970422865333
0.152999997138977,0.0567970422865333
0.153500005602837,0.0567970422865333
0.153999999165535,0.0567970422865333
0.154499992728233,0.0567970422865333
0.155000001192093,0.0567970422865333
0.155499994754791,0.0567970422865333
0.156000003218651,0.0567970422865333
0.156499996781349,0.0567970422865333
0.157000005245209,0.0567970422865333
0.157499998807907,0.0567970422865333
0.158000007271767,0.0567970422865333
0.158500000834465,0.0567970422865333
0.158999994397163,0.0567970422865333
0.159500002861023,0.0567970422865333
0.159999996423721,0.0567970422865333
0.160500004887581,0.0567970422865333
0.160999998450279,0.0567970422865333
0.161500006914139,0.0567970422865333
0.162000000476837,0.0567970422865333
0.162499994039536,0.0567970422865333
0.163000002503395,0.0567970422865333
0.163499996066093,0.0567970422865333
0.164000004529953,0.0567970422865333
0.164499998092651,0.0567970422865333
0.165000006556511,0.0577966544056902
0.165500000119209,0.0577966544056902
0.165999993681908,0.0577966544056902
0.166500002145767,0.0577966544056902
0.166999995708466,0.0577966544056902
0.167500004172325,0.0577966544056902
0.167999997735023,0.0577966544056902
0.168500006198883,0.0577966544056902
0.168999999761581,0.0577966544056902
0.16949999332428,0.0577966544056902
0.170000001788139,0.0577966544056902
0.170499995350838,0.0577966544056902
0.171000003814697,0.0577966544056902
0.171499997377396,0.0577966544056902
0.172000005841255,0.0577966544056902
0.172499999403954,0.0577966544056902
0.172999992966652,0.0577966544056902
0.173500001430511,0.0577966544056902
0.17399999499321,0.0577966544056902
0.174500003457069,0.0577966544056902
0.174999997019768,0.0577966544056902
0.175500005483627,0.0577966544056902
0.175999999046326,0.0577966544056902
0.176499992609024,0.0577966544056902
0.177000001072884,0.0577966544056902
0.177499994635582,0.0577966544056902
0.178000003099442,0.0577966544056902
0.17849999666214,0.0577966544056902
0.179000005125999,0.0577966544056902
0.179499998688698,0.0577966544056902
0.180000007152557,0.0577966544056902
0.180500000715256,0.0577966544056902
0.180999994277954,0.0577966544056902
0.181500002741814,0.0577966544056902
0.181999996304512,0.0577966544056902
0.182500004768372,0.0577966544056902
0.18299999833107,0.0577966544056902
0.18350000679493,0.0577966544056902
0.184000000357628,0.0577966544056902
0.184499993920326,0.0577966544056902
0.185000002384186,0.0577966544056902
0.185499995946884,0.0595238799147849
0.186000004410744,0.0595238799147849
0.186499997973442,0.0595238799147849
0.187000006437302,0.0595238799147849
0.1875,0.0595238799147849
0.187999993562698,0.0595238799147849
0.188500002026558,0.0595238799147849
0.188999995589256,0.0595238799147849
0.189500004053116,0.0595238799147849
0.189999997615814,0.0595238799147849
0.190500006079674,0.0595238799147849
0.190999999642372,0.0595238799147849
0.19149999320507,0.0595238799147849
0.19200000166893,0.0595238799147849
0.192499995231628,0.0595238799147849
0.193000003695488,0.0595238799147849
0.193499997258186,0.0595238799147849
0.194000005722046,0.0595238799147849
0.194499999284744,0.0595238799147849
0.194999992847443,0.0595238799147849
0.195500001311302,0.0595238799147849
0.195999994874001,0.0595238799147849
0.19650000333786,0.0595238799147849
0.196999996900558,0.0595238799147849
0.197500005364418,0.0595238799147849
0.197999998927116,0.0595238799147849
0.198500007390976,0.0595238799147849
0.199000000953674,0.0595238799147849
0.199499994516373,0.0595238799147849
0.200000002980232,0.0595238799147849
0.200499996542931,0.0596709834688259
0.20100000500679,0.0596709834688259
0.201499998569489,0.0596709834688259
0.202000007033348,0.0596709834688259
0.202500000596046,0.0596709834688259
0.202999994158745,0.0596709834688259
0.203500002622604,0.0596709834688259
0.203999996185303,0.0596709834688259
0.204500004649162,0.0596709834688259
0.204999998211861,0.0596709834688259
0.20550000667572,0.0596709834688259
0.206000000238419,0.0596709834688259
0.206499993801117,0.0596709834688259
0.207000002264977,0.0596709834688259
0.207499995827675,0.0596709834688259
0.208000004291534,0.0596709834688259
0.208499997854233,0.0596709834688259
0.209000006318092,0.0596709834688259
0.209499999880791,0.0596709834688259
0.209999993443489,0.0596709834688259
0.210500001907349,0.0596709834688259
0.210999995470047,0.0596709834688259
0.211500003933907,0.0596709834688259
0.211999997496605,0.0596709834688259
0.212500005960464,0.0596709834688259
0.212999999523163,0.0596709834688259
0.213499993085861,0.0596709834688259
0.214000001549721,0.0596709834688259
0.214499995112419,0.0596709834688259
0.215000003576279,0.0596709834688259
0.215499997138977,0.0596709834688259
0.216000005602837,0.0596709834688259
0.216499999165535,0.0596709834688259
0.216999992728233,0.0596709834688259
0.217500001192093,0.0596709834688259
0.217999994754791,0.0596709834688259
0.218500003218651,0.0596709834688259
0.218999996781349,0.0596709834688259
0.219500005245209,0.0596709834688259
0.219999998807907,0.0596709834688259
0.220500007271767,0.0596709834688259
0.221000000834465,0.0596709834688259
0.221499994397163,0.0596709834688259
0.222000002861023,0.0596709834688259
0.222499996423721,0.0596709834688259
0.223000004887581,0.0596709834688259
0.223499998450279,0.0596709834688259
0.224000006914139,0.0596709834688259
0.224500000476837,0.0596709834688259
0.224999994039536,0.0575565789419045
0.225500002503395,0.0575565789419045
0.225999996066093,0.0575565789419045
0.226500004529953,0.0575565789419045
0.226999998092651,0.0575565789419045
0.227500006556511,0.0575565789419045
0.228000000119209,0.0575565789419045
0.228499993681908,0.0575565789419045
0.229000002145767,0.0575565789419045
0.229499995708466,0.0575565789419045
0.230000004172325,0.0575565789419045
0.230499997735023,0.0575565789419045
0.231000006198883,0.0575565789419045
0.231499999761581,0.0575565789419045
0.23199999332428,0.0575565789419045
0.232500001788139,0.0575565789419045
0.232999995350838,0.0575565789419045
0.233500003814697,0.0575565789419045
0.233999997377396,0.0575565789419045
0.234500005841255,0.0575565789419045
0.234999999403954,0.0575565789419045
0.235499992966652,0.0575565789419045
0.236000001430511,0.0575565789419045
0.23649999499321,0.0575565789419045
0.237000003457069,0.0575565789419045
0.237499997019768,0.0575565789419045
0.238000005483627,0.0575565789419045
0.238499999046326,0.0575565789419045
0.238999992609024,0.0575565789419045
0.239500001072884,0.0575565789419045
0.239999994635582,0.0575565789419045
0.240500003099442,0.0575565789419045
0.24099999666214,0.0575565789419045
0.241500005125999,0.0575565789419045
0.241999998688698,0.0575565789419045
0.242500007152557,0.0575565789419045
0.243000000715256,0.0575565789419045
0.243499994277954,0.0575565789419045
0.244000002741814,0.0575565789419045
0.244499996304512,0.0575565789419045
0.245000004768372,0.0575565789419045
0.24549999833107,0.0575565789419045
0.24600000679493,0.0575565789419045
0.246500000357628,0.0575565789419045
0.246999993920326,0.0575565789419045
0.247500002384186,0.0559068653395914
0.247999995946884,0.0559068653395914
0.248500004410744,0.0559068653395914
0.248999997973442,0.0559068653395914
0.249500006437302,0.0559068653395914
0.25,0.0559068653395914
0.250499993562698,0.0559068653395914
0.250999987125397,0.0559068653395914
0.251500010490417,0.0559068653395914
0.252000004053116,0.0559068653395914
0.252499997615814,0.0559068653395914
0.252999991178513,0.0559068653395914
0.253500014543533,0.0559068653395914
0.254000008106232,0.0559068653395914
0.25450000166893,0.0559068653395914
0.254999995231628,0.0559068653395914
0.255499988794327,0.0559068653395914
0.256000012159348,0.0559068653395914
0.256500005722046,0.0559068653395914
0.256999999284744,0.0559068653395914
0.257499992847443,0.0559068653395914
0.257999986410141,0.0559068653395914
0.258500009775162,0.0559068653395914
0.25900000333786,0.0559068653395914
0.259499996900558,0.0559068653395914
0.259999990463257,0.0559068653395914
0.260500013828278,0.0559068653395914
0.261000007390976,0.0559068653395914
0.261500000953674,0.0559068653395914
0.261999994516373,0.0559068653395914
0.262499988079071,0.0559068653395914
0.263000011444092,0.0559068653395914
0.26350000500679,0.0559068653395914
0.263999998569489,0.0559068653395914
0.264499992132187,0.0559068653395914
0.264999985694885,0.0559068653395914
0.265500009059906,0.0559068653395914
0.266000002622604,0.0559068653395914
0.266499996185303,0.0559068653395914
0.266999989748001,0.0559068653395914
0.267500013113022,0.0559068653395914
0.26800000667572,0.0559068653395914
0.268500000238419,0.0559068653395914
0.268999993801117,0.0559068653395914
0.269499987363815,0.0559068653395914
0.270000010728836,0.0536694740902365
0.270500004291534,0.0536694740902365
0.270999997854233,0.0536694740902365
0.271499991416931,0.0536694740902365
0.272000014781952,0.0530275519397891
0.27250000834465,0.0530275519397891
0.273000001907349,0.0530275519397891
0.273499995470047,0.0530275519397891
0.273999989032745,0.0530275519397891
0.274500012397766,0.0530275519397891
0.275000005960464,0.0530275519397891
0.275499999523163,0.0530275519397891
0.275999993085861,0.0530275519397891
0.27649998664856,0.0530275519397891
0.27700001001358,0.0530275519397891
0.277500003576279,0.0530275519397891
0.277999997138977,0.0530275519397891
0.278499990701675,0.0530275519397891
0.279000014066696,0.0530275519397891
0.279500007629395,0.0530275519397891
0.280000001192093,0.0530275519397891
0.280499994754791,0.0530275519397891
0.28099998831749,0.0530275519397891
0.28150001168251,0.0530275519397891
0.282000005245209,0.0530275519397891
0.282499998807907,0.0530275519397891
0.282999992370605,0.0530275519397891
0.283499985933304,0.0530275519397891
0.284000009298325,0.0530275519397891
0.284500002861023,0.0530275519397891
0.284999996423721,0.0530275519397891
0.28549998998642,0.0530275519397891
0.28600001335144,0.0530275519397891
0.286500006914139,0.0488012192855476
0.287000000476837,0.0488012192855476
0.287499994039536,0.0488012192855476
0.287999987602234,0.0488012192855476
0.288500010967255,0.0488012192855476
0.289000004529953,0.0488012192855476
0.289499998092651,0.0488012192855476
0.28999999165535,0.0488012192855476
0.290499985218048,0.0488012192855476
0.291000008583069,0.0488012192855476
0.291500002145767,0.0488012192855476
0.291999995708466,0.0488012192855476
0.292499989271164,0.0488012192855476
0.293000012636185,0.0488012192855476
0.293500006198883,0.0488012192855476
0.293999999761581,0.0488012192855476
0.29449999332428,0.0488012192855476
0.294999986886978,0.0488012192855476
0.295500010251999,0.0488012192855476
0.296000003814697,0.0488012192855476
0.296499997377396,0.0488012192855476
0.296999990940094,0.0488012192855476
0.297500014305115,0.0488012192855476
0.298000007867813,0.0488012192855476
0.298500001430511,0.0488012192855476
0.29899999499321,0.0488012192855476
0.299499988555908,0.0488012192855476
0.300000011920929,0.0488012192855476
0.300500005483627,0.0488012192855476
0.300999999046326,0.0488012192855476
0.301499992609024,0.0488012192855476
0.301999986171722,0.0488012192855476
0.302500009536743,0.0488012192855476
0.303000003099442,0.0488012192855476
0.30349999666214,0.0488012192855476
0.303999990224838,0.0488012192855476
0.304500013589859,0.0488012192855476
0.305000007152557,0.0488012192855476
0.305500000715256,0.0488012192855476
0.305999994277954,0.0488012192855476
0.306499987840652,0.0488012192855476
0.307000011205673,0.0488012192855476
0.307500004768372,0.0488012192855476
0.30799999833107,0.0488012192855476
0.308499991893768,0.0488012192855476
0.308999985456467,0.0488012192855476
0.309500008821487,0.0488012192855476
0.310000002384186,0.0488012192855476
0.310499995946884,0.0488012192855476
0.310999989509583,0.0488012192855476
0.311500012874603,0.0488012192855476
0.312000006437302,0.0488012192855476
0.3125,0.0488012192855476
0.312999993562698,0.0488012192855476
0.313499987125397,0.0488012192855476
0.314000010490417,0.0488012192855476
0.314500004053116,0.0488012192855476
0.314999997615814,0.0488012192855476
0.315499991178513,0.0488012192855476
0.316000014543533,0.0488012192855476
0.316500008106232,0.0488012192855476
0.31700000166893,0.0488012192855476
0.317499995231628,0.0488012192855476
0.317999988794327,0.0488012192855476
0.318500012159348,0.0488012192855476
0.319000005722046,0.0488012192855476
0.319499999284744,0.0488012192855476
0.319999992847443,0.0488012192855476
0.320499986410141,0.0488012192855476
0.321000009775162,0.0488012192855476
0.32150000333786,0.0488012192855476
0.321999996900558,0.0488012192855476
0.322499990463257,0.0488012192855476
0.323000013828278,0.0488012192855476
0.323500007390976,0.0488012192855476
0.324000000953674,0.0488012192855476
0.324499994516373,0.0488012192855476
0.324999988079071,0.0488012192855476
0.325500011444092,0.0488012192855476
0.32600000500679,0.0488012192855476
0.326499998569489,0.0488012192855476
0.326999992132187,0.0488012192855476
0.327499985694885,0.0488012192855476
0.328000009059906,0.0488012192855476
0.328500002622604,0.0488012192855476
0.328999996185303,0.0488012192855476
0.329499989748001,0.0488012192855476
0.330000013113022,0.0488012192855476
0.33050000667572,0.0485286798597414
0.331000000238419,0.0485286798597414
0.331499993801117,0.0485286798597414
0.331999987363815,0.0485286798597414
0.332500010728836,0.0485286798597414
0.333000004291534,0.0485286798597414
0.333499997854233,0.0485286798597414
0.333999991416931,0.0485286798597414
0.334500014781952,0.0485286798597414
0.33500000834465,0.0485286798597414
0.335500001907349,0.0485286798597414
0.335999995470047,0.0485411708904579
0.336499989032745,0.0485411708904579
0.337000012397766,0.0485286798597414
0.337500005960464,0.0485286798597414
0.337999999523163,0.0485286798597414
0.338499993085861,0.0485286798597414
0.33899998664856,0.0485286798597414
0.33950001001358,0.0485286798597414
0.340000003576279,0.0485286798597414
0.340499997138977,0.0485286798597414
0.340999990701675,0.0485286798597414
0.341500014066696,0.0485286798597414
0.342000007629395,0.0485286798597414
0.342500001192093,0.0485286798597414
0.342999994754791,0.0485286798597414
0.34349998831749,0.0485286798597414
0.34400001168251,0.0485286798597414
0.344500005245209,0.0485286798597414
0.344999998807907,0.0485286798597414
0.345499992370605,0.0485286798597414
0.345999985933304,0.0485286798597414
0.346500009298325,0.0485286798597414
0.347000002861023,0.0485286798597414
0.347499996423721,0.0485286798597414
0.34799998998642,0.0485286798597414
0.34850001335144,0.0485286798597414
0.349000006914139,0.0485286798597414
0.349500000476837,0.0485286798597414
0.349999994039536,0.0485286798597414
0.350499987602234,0.0485286798597414
0.351000010967255,0.0485286798597414
0.351500004529953,0.0485286798597414
0.351999998092651,0.0485286798597414
0.35249999165535,0.0485286798597414
0.352999985218048,0.0485286798597414
0.353500008583069,0.0485286798597414
0.354000002145767,0.0485286798597414
0.354499995708466,0.0485286798597414
0.354999989271164,0.0485286798597414
0.355500012636185,0.0485286798597414
0.356000006198883,0.0485286798597414
0.356499999761581,0.0485286798597414
0.35699999332428,0.0485286798597414
0.357499986886978,0.0485286798597414
0.358000010251999,0.0485286798597414
0.358500003814697,0.0485286798597414
0.358999997377396,0.0485286798597414
0.359499990940094,0.0485286798597414
0.360000014305115,0.0485286798597414
0.360500007867813,0.0485286798597414
0.361000001430511,0.0485286798597414
0.36149999499321,0.0485286798597414
0.361999988555908,0.0485286798597414
0.362500011920929,0.0485286798597414
0.363000005483627,0.0485286798597414
0.363499999046326,0.0485286798597414
0.363999992609024,0.0485286798597414
0.364499986171722,0.0485286798597414
0.365000009536743,0.0485286798597414
0.365500003099442,0.0485286798597414
0.36599999666214,0.0485286798597414
0.366499990224838,0.0485286798597414
0.367000013589859,0.0485286798597414
0.367500007152557,0.0485286798597414
0.368000000715256,0.0485286798597414
0.368499994277954,0.0485286798597414
0.368999987840652,0.0485411708904579
0.369500011205673,0.0485411708904579
0.370000004768372,0.0485411708904579
0.37049999833107,0.0485411708904579
0.370999991893768,0.0485411708904579
0.371499985456467,0.0485411708904579
0.372000008821487,0.0485411708904579
0.372500002384186,0.0485411708904579
0.372999995946884,0.0485411708904579
0.373499989509583,0.0485411708904579
0.374000012874603,0.0485411708904579
0.374500006437302,0.0485411708904579
0.375,0.0485411708904579
0.375499993562698,0.0485411708904579
0.375999987125397,0.0485411708904579
0.376500010490417,0.0485411708904579
0.377000004053116,0.0485411708904579
0.377499997615814,0.0485411708904579
0.377999991178513,0.0485411708904579
0.378500014543533,0.0485411708904579
0.379000008106232,0.0485411708904579
0.37950000166893,0.0485411708904579
0.379999995231628,0.0485411708904579
0.380499988794327,0.0485411708904579
0.381000012159348,0.0457780179782004
0.381500005722046,0.0457780179782004
0.381999999284744,0.0457780179782004
0.382499992847443,0.0457780179782004
0.382999986410141,0.0429312556015595
0.383500009775162,0.0429312556015595
0.38400000333786,0.0429312556015595
0.384499996900558,0.0429312556015595
0.384999990463257,0.0429312556015595
0.385500013828278,0.0429312556015595
0.386000007390976,0.0429312556015595
0.386500000953674,0.0429312556015595
0.386999994516373,0.0429312556015595
0.387499988079071,0.0429312556015595
0.388000011444092,0.0429312556015595
0.38850000500679,0.0429312556015595
0.388999998569489,0.0429312556015595
0.389499992132187,0.0429312556015595
0.389999985694885,0.0429312556015595
0.390500009059906,0.0429312556015595
0.391000002622604,0.0429312556015595
0.391499996185303,0.0429312556015595
0.391999989748001,0.0429312556015595
0.392500013113022,0.0429312556015595
0.39300000667572,0.0429312556015595
0.393500000238419,0.0429312556015595
0.393999993801117,0.0429312556015595
0.394499987363815,0.0429312556015595
0.395000010728836,0.0429312556015595
0.395500004291534,0.0429312556015595
0.395999997854233,0.0429312556015595
0.396499991416931,0.0429312556015595
0.397000014781952,0.0429312556015595
0.39750000834465,0.0429312556015595
0.398000001907349,0.0429312556015595
0.398499995470047,0.0429312556015595
0.398999989032745,0.0429312556015595
0.399500012397766,0.0429312556015595
0.400000005960464,0.0429312556015595
0.400499999523163,0.0429312556015595
0.400999993085861,0.0429312556015595
0.40149998664856,0.0429312556015595
0.40200001001358,0.0429312556015595
0.402500003576279,0.0429312556015595
0.402999997138977,0.0429312556015595
0.403499990701675,0.0429312556015595
0.404000014066696,0.0429312556015595
0.404500007629395,0.0429312556015595
0.405000001192093,0.0429312556015595
0.405499994754791,0.0429312556015595
0.40599998831749,0.0429312556015595
0.40650001168251,0.0429312556015595
0.407000005245209,0.0429312556015595
0.407499998807907,0.0429312556015595
0.407999992370605,0.0429312556015595
0.408499985933304,0.0429312556015595
0.409000009298325,0.0429312556015595
0.409500002861023,0.0429312556015595
0.409999996423721,0.0429312556015595
0.41049998998642,0.0429312556015595
0.41100001335144,0.0429312556015595
0.411500006914139,0.0429312556015595
0.412000000476837,0.0429312556015595
0.412499994039536,0.0429312556015595
0.412999987602234,0.0429312556015595
0.413500010967255,0.0429312556015595
0.414000004529953,0.0429312556015595
0.414499998092651,0.0429312556015595
0.41499999165535,0.0429312556015595
0.415499985218048,0.0429312556015595
0.416000008583069,0.0429312556015595
0.416500002145767,0.0429312556015595
0.416999995708466,0.0429312556015595
0.417499989271164,0.0429312556015595
0.418000012636185,0.0429312556015595
0.418500006198883,0.0429312556015595
0.418999999761581,0.0429312556015595
0.41949999332428,0.0429312556015595
0.419999986886978,0.0429312556015595
0.420500010251999,0.0429312556015595
0.421000003814697,0.0429312556015595
0.421499997377396,0.0429312556015595
0.421999990940094,0.0429312556015595
0.422500014305115,0.0429312556015595
0.423000007867813,0.0429312556015595
0.423500001430511,0.0429312556015595
0.42399999499321,0.0429312556015595
0.424499988555908,0.0429312556015595
0.425000011920929,0.0429312556015595
0.425500005483627,0.0429312556015595
0.425999999046326,0.0429312556015595
0.426499992609024,0.0429312556015595
0.426999986171722,0.0429312556015595
0.427500009536743,0.0429312556015595
0.428000003099442,0.0429312556015595
0.42849999666214,0.0429312556015595
0.428999990224838,0.0429312556015595
0.429500013589859,0.0429312556015595
0.430000007152557,0.0429312556015595
0.430500000715256,0.0429312556015595
0.430999994277954,0.0429312556015595
0.431499987840652,0.0429312556015595
0.432000011205673,0.0429312556015595
0.432500004768372,0.0429312556015595
0.43299999833107,0.0429312556015595
0.433499991893768,0.0429312556015595
0.433999985456467,0.0429312556015595
0.434500008821487,0.0429312556015595
0.435000002384186,0.0429312556015595
0.435499995946884,0.0429312556015595
0.435999989509583,0.0429312556015595
0.436500012874603,0.0429312556015595
0.437000006437302,0.0429312556015595
0.4375,0.0429312556015595
0.437999993562698,0.0429312556015595
0.438499987125397,0.0429312556015595
0.439000010490417,0.0429312556015595
0.439500004053116,0.0429312556015595
0.439999997615814,0.0429312556015595
0.440499991178513,0.0429312556015595
0.441000014543533,0.0429312556015595
0.441500008106232,0.0429312556015595
0.44200000166893,0.0429312556015595
0.442499995231628,0.0429312556015595
0.442999988794327,0.0429312556015595
0.443500012159348,0.0429312556015595
0.444000005722046,0.0429312556015595
0.444499999284744,0.0429312556015595
0.444999992847443,0.0429312556015595
0.445499986410141,0.0429312556015595
0.446000009775162,0.0429312556015595
0.44650000333786,0.0429312556015595
0.446999996900558,0.0429665502040348
0.447499990463257,0.0429665502040348
0.448000013828278,0.0429665502040348
0.448500007390976,0.0429665502040348
0.449000000953674,0.0429665502040348
0.449499994516373,0.0429665502040348
0.449999988079071,0.0429665502040348
0.450500011444092,0.0461632588932915
0.45100000500679,0.0461632588932915
0.451499998569489,0.0461632588932915
0.451999992132187,0.0461632588932915
0.452499985694885,0.0461632588932915
0.453000009059906,0.0461632588932915
0.453500002622604,0.0461632588932915
0.453999996185303,0.0461632588932915
0.454499989748001,0.0461632588932915
0.455000013113022,0.0461632588932915
0.45550000667572,0.0461632588932915
0.456000000238419,0.0461632588932915
0.456499993801117,0.0461632588932915
0.456999987363815,0.0461632588932915
0.457500010728836,0.0461632588932915
0.458000004291534,0.0461632588932915
0.458499997854233,0.0461632588932915
0.458999991416931,0.0461632588932915
0.459500014781952,0.0461632588932915
0.46000000834465,0.0461632588932915
0.460500001907349,0.0461632588932915
0.460999995470047,0.0461632588932915
0.461499989032745,0.0461632588932915
0.462000012397766,0.0461632588932915
0.462500005960464,0.0461632588932915
0.462999999523163,0.0461632588932915
0.463499993085861,0.0461632588932915
0.46399998664856,0.0461632588932915
0.46450001001358,0.0461632588932915
0.465000003576279,0.0461632588932915
0.465499997138977,0.0461632588932915
0.465999990701675,0.0461632588932915
0.466500014066696,0.0461632588932915
0.467000007629395,0.0461632588932915
0.467500001192093,0.0461632588932915
0.467999994754791,0.0461632588932915
0.46849998831749,0.0461632588932915
0.46900001168251,0.0461632588932915
0.469500005245209,0.0461632588932915
0.469999998807907,0.0461632588932915
0.470499992370605,0.0461632588932915
0.470999985933304,0.0461632588932915
0.471500009298325,0.0461632588932915
0.472000002861023,0.0461632588932915
0.472499996423721,0.0461632588932915
0.47299998998642,0.0461632588932915
0.47350001335144,0.0461632588932915
0.474000006914139,0.0461632588932915
0.474500000476837,0.0461632588932915
0.474999994039536,0.0461632588932915
0.475499987602234,0.0461632588932915
0.476000010967255,0.0461632588932915
0.476500004529953,0.0459719418178076
0.476999998092651,0.0459719418178076
0.47749999165535,0.0459719418178076
0.477999985218048,0.0459719418178076
0.478500008583069,0.0459719418178076
0.479000002145767,0.0459719418178076
0.479499995708466,0.0459719418178076
0.479999989271164,0.0459719418178076
0.480500012636185,0.0459719418178076
0.481000006198883,0.0459719418178076
0.481499999761581,0.0459719418178076
0.48199999332428,0.0459719418178076
0.482499986886978,0.0459719418178076
0.483000010251999,0.0459719418178076
0.483500003814697,0.0459719418178076
0.483999997377396,0.0459719418178076
0.484499990940094,0.0459719418178076
0.485000014305115,0.0459719418178076
0.485500007867813,0.0459719418178076
0.486000001430511,0.0427613832348475
0.48649999499321,0.0427613832348475
0.486999988555908,0.0427613832348475
0.487500011920929,0.0427613832348475
0.488000005483627,0.0427613832348475
0.488499999046326,0.0427613832348475
0.488999992609024,0.0427613832348475
0.489499986171722,0.0427613832348475
0.490000009536743,0.0427613832348475
0.490500003099442,0.0427613832348475
0.49099999666214,0.0427613832348475
0.491499990224838,0.0459719418178076
0.492000013589859,0.0459719418178076
0.492500007152557,0.0459719418178076
0.493000000715256,0.0459719418178076
0.493499994277954,0.043614407062108
0.493999987840652,0.043614407062108
0.494500011205673,0.043614407062108
0.495000004768372,0.043614407062108
0.49549999833107,0.043614407062108
0.495999991893768,0.043614407062108
0.496499985456467,0.043614407062108
0.497000008821487,0.043614407062108
0.497500002384186,0.043614407062108
0.497999995946884,0.043614407062108
0.498499989509583,0.043614407062108
0.499000012874603,0.043614407062108
0.499500006437302,0.043614407062108
0.5,0.043614407062108
0.500500023365021,0.043614407062108
0.500999987125397,0.043614407062108
0.501500010490417,0.043614407062108
0.501999974250793,0.043614407062108
0.502499997615814,0.043614407062108
0.503000020980835,0.043614407062108
0.503499984741211,0.043614407062108
0.504000008106232,0.043614407062108
0.504499971866608,0.043614407062108
0.504999995231628,0.043614407062108
0.505500018596649,0.043614407062108
0.505999982357025,0.043614407062108
0.506500005722046,0.043614407062108
0.507000029087067,0.043614407062108
0.507499992847443,0.043614407062108
0.508000016212463,0.043614407062108
0.508499979972839,0.043614407062108
0.50900000333786,0.043614407062108
0.509500026702881,0.043614407062108
0.509999990463257,0.043614407062108
0.510500013828278,0.043614407062108
0.510999977588654,0.043614407062108
0.511500000953674,0.043614407062108
0.512000024318695,0.043614407062108
0.512499988079071,0.043614407062108
0.513000011444092,0.0459719418178076
0.513499975204468,0.0459719418178076
0.513999998569489,0.0459719418178076
0.514500021934509,0.0459719418178076
0.514999985694885,0.0459719418178076
0.515500009059906,0.0459719418178076
0.515999972820282,0.0459719418178076
0.516499996185303,0.0459719418178076
0.517000019550323,0.0459719418178076
0.517499983310699,0.0459719418178076
0.51800000667572,0.0459719418178076
0.518499970436096,0.0459719418178076
0.518999993801117,0.0459719418178076
0.519500017166138,0.0459719418178076
0.519999980926514,0.0459719418178076
0.520500004291534,0.0459719418178076
0.521000027656555,0.0459719418178076
0.521499991416931,0.0459719418178076
0.522000014781952,0.0459719418178076
0.522499978542328,0.0459719418178076
0.523000001907349,0.0459719418178076
0.523500025272369,0.0459719418178076
0.523999989032745,0.0459719418178076
0.524500012397766,0.0459719418178076
0.524999976158142,0.0459719418178076
0.525499999523163,0.0459719418178076
0.526000022888184,0.0459719418178076
0.52649998664856,0.0459719418178076
0.52700001001358,0.0459719418178076
0.527499973773956,0.0459719418178076
0.527999997138977,0.0459719418178076
0.528500020503998,0.0459719418178076
0.528999984264374,0.0448369735673335
0.529500007629395,0.0448369735673335
0.529999971389771,0.0448369735673335
0.530499994754791,0.0448369735673335
0.531000018119812,0.0448369735673335
0.531499981880188,0.0448369735673335
0.532000005245209,0.0448369735673335
0.532500028610229,0.0448369735673335
0.532999992370605,0.0448369735673335
0.533500015735626,0.0448369735673335
0.533999979496002,0.0448369735673335
0.534500002861023,0.0448369735673335
0.535000026226044,0.0448369735673335
0.53549998998642,0.0448369735673335
0.53600001335144,0.0448369735673335
0.536499977111816,0.0459479347640769
0.537000000476837,0.0459479347640769
0.537500023841858,0.0459479347640769
0.537999987602234,0.0459479347640769
0.538500010967255,0.0459479347640769
0.538999974727631,0.0442185982826314
0.539499998092651,0.0442185982826314
0.540000021457672,0.0442185982826314
0.540499985218048,0.0442185982826314
0.541000008583069,0.0442185982826314
0.541499972343445,0.0442185982826314
0.541999995708466,0.0442185982826314
0.542500019073486,0.0442185982826314
0.542999982833862,0.0442185982826314
0.543500006198883,0.0442185982826314
0.544000029563904,0.0442185982826314
0.54449999332428,0.0442185982826314
0.545000016689301,0.0442185982826314
0.545499980449677,0.0442185982826314
0.546000003814697,0.0442185982826314
0.546500027179718,0.0442185982826314
0.546999990940094,0.0442185982826314
0.547500014305115,0.0442185982826314
0.547999978065491,0.0442185982826314
0.548500001430511,0.0442185982826314
0.549000024795532,0.0442185982826314
0.549499988555908,0.0442185982826314
0.550000011920929,0.0442185982826314
0.550499975681305,0.0442185982826314
0.550999999046326,0.0442185982826314
0.551500022411346,0.0442185982826314
0.551999986171722,0.0442185982826314
0.552500009536743,0.0442185982826314
0.552999973297119,0.0442185982826314
0.55349999666214,0.0442185982826314
0.554000020027161,0.0442185982826314
0.554499983787537,0.0442185982826314
0.555000007152557,0.0442185982826314
0.555499970912933,0.0442185982826314
0.555999994277954,0.0442185982826314
0.556500017642975,0.0442185982826314
0.556999981403351,0.0442185982826314
0.557500004768372,0.0442185982826314
0.558000028133392,0.0442185982826314
0.558499991893768,0.0442185982826314
0.559000015258789,0.0442185982826314
0.559499979019165,0.0442185982826314
0.560000002384186,0.0442185982826314
0.560500025749207,0.0442185982826314
0.560999989509583,0.0442185982826314
0.561500012874603,0.0442185982826314
0.561999976634979,0.0442185982826314
0.5625,0.0442185982826314
0.563000023365021,0.0442185982826314
0.563499987125397,0.0442185982826314
0.564000010490417,0.0442185982826314
0.564499974250793,0.0442185982826314
0.564999997615814,0.0442185982826314
0.565500020980835,0.0442185982826314
0.565999984741211,0.0442185982826314
0.566500008106232,0.0442185982826314
0.566999971866608,0.0442185982826314
0.567499995231628,0.0442185982826314
0.568000018596649,0.0442185982826314
0.568499982357025,0.0442185982826314
0.569000005722046,0.0442185982826314
0.569500029087067,0.0442185982826314
0.569999992847443,0.0442185982826314
0.570500016212463,0.0442185982826314
0.570999979972839,0.0442185982826314
0.57150000333786,0.0442185982826314
0.572000026702881,0.0442185982826314
0.572499990463257,0.0442185982826314
0.573000013828278,0.0442185982826314
0.573499977588654,0.0442185982826314
0.574000000953674,0.0442185982826314
0.574500024318695,0.0442185982826314
0.574999988079071,0.0442185982826314
0.575500011444092,0.0442185982826314
0.575999975204468,0.0442185982826314
0.576499998569489,0.0442185982826314
0.577000021934509,0.0442185982826314
0.577499985694885,0.0442185982826314
0.578000009059906,0.0442185982826314
0.578499972820282,0.0442185982826314
0.578999996185303,0.0442185982826314
0.579500019550323,0.0442185982826314
0.579999983310699,0.0442185982826314
0.58050000667572,0.0442185982826314
0.580999970436096,0.0442185982826314
0.581499993801117,0.0442185982826314
0.582000017166138,0.0442185982826314
0.582499980926514,0.0442185982826314
0.583000004291534,0.0442185982826314
0.583500027656555,0.0442185982826314
0.583999991416931,0.0442185982826314
0.584500014781952,0.0442185982826314
0.584999978542328,0.0442185982826314
0.585500001907349,0.0442185982826314
0.586000025272369,0.0442185982826314
0.586499989032745,0.0442185982826314
0.587000012397766,0.0442185982826314
0.587499976158142,0.0442185982826314
0.587999999523163,0.0442185982826314
0.588500022888184,0.0442185982826314
0.58899998664856,0.0442185982826314
0.58950001001358,0.0442185982826314
0.589999973773956,0.0451074618523014
0.590499997138977,0.0451074618523014
0.591000020503998,0.0451074618523014
0.591499984264374,0.0451074618523014
0.592000007629395,0.0451074618523014
0.592499971389771,0.0451074618523014
0.592999994754791,0.0451074618523014
0.593500018119812,0.0451074618523014
0.593999981880188,0.0451074618523014
0.594500005245209,0.047800187815004
0.595000028610229,0.047800187815004
0.595499992370605,0.047800187815004
0.596000015735626,0.047800187815004
0.596499979496002,0.047800187815004
0.597000002861023,0.047800187815004
0.597500026226044,0.047800187815004
0.59799998998642,0.0442185982826314
0.59850001335144,0.0442185982826314
0.598999977111816,0.0442185982826314
0.599500000476837,0.0442185982826314
0.600000023841858,0.0442185982826314
0.600499987602234,0.0442185982826314
0.601000010967255,0.0442185982826314
0.601499974727631,0.0442185982826314
0.601999998092651,0.0442185982826314
0.602500021457672,0.0442185982826314
0.602999985218048,0.0442185982826314
0.603500008583069,0.0442185982826314
0.603999972343445,0.0442185982826314
0.604499995708466,0.0442185982826314
0.605000019073486,0.0442185982826314
0.605499982833862,0.0442185982826314
0.606000006198883,0.0442185982826314
0.606500029563904,0.0442185982826314
0.60699999332428,0.0442185982826314
0.607500016689301,0.0442185982826314
0.607999980449677,0.0442185982826314
0.608500003814697,0.0442185982826314
0.609000027179718,0.0442185982826314
0.609499990940094,0.0442185982826314
0.610000014305115,0.0442185982826314
0.610499978065491,0.0442185982826314
0.611000001430511,0.0442185982826314
0.611500024795532,0.0442185982826314
0.611999988555908,0.0442185982826314
0.612500011920929,0.0442185982826314
0.612999975681305,0.0442185982826314
0.613499999046326,0.0442185982826314
0.614000022411346,0.0442185982826314
0.614499986171722,0.0442185982826314
0.615000009536743,0.0442185982826314
0.615499973297119,0.0442185982826314
0.61599999666214,0.0442185982826314
0.616500020027161,0.0442185982826314
0.616999983787537,0.0442185982826314
0.617500007152557,0.0442185982826314
0.617999970912933,0.0442185982826314
0.618499994277954,0.0442185982826314
0.619000017642975,0.0442185982826314
0.619499981403351,0.0442185982826314
0.620000004768372,0.0442185982826314
0.620500028133392,0.0442185982826314
0.620999991893768,0.0442185982826314
0.621500015258789,0.0442185982826314
0.621999979019165,0.0442185982826314
0.622500002384186,0.0442185982826314
0.623000025749207,0.0442185982826314
0.623499989509583,0.0442185982826314
0.624000012874603,0.0442185982826314
0.624499976634979,0.0442185982826314
0.625,0.0442185982826314
0.625500023365021,0.0442185982826314
0.625999987125397,0.0442185982826314
0.626500010490417,0.0442185982826314
0.626999974250793,0.0459590135369454
0.627499997615814,0.0459590135369454
0.628000020980835,0.0459590135369454
0.628499984741211,0.0459590135369454
0.629000008106232,0.0459590135369454
0.629499971866608,0.0459590135369454
0.629999995231628,0.0474402031378808
0.630500018596649,0.0474402031378808
0.630999982357025,0.0474402031378808
0.631500005722046,0.0474402031378808
0.632000029087067,0.0474402031378808
0.632499992847443,0.0474402031378808
0.633000016212463,0.0459590135369454
0.633499979972839,0.0459590135369454
0.63400000333786,0.0459590135369454
0.634500026702881,0.0459590135369454
0.634999990463257,0.0459590135369454
0.635500013828278,0.0459590135369454
0.635999977588654,0.0459590135369454
0.636500000953674,0.0459590135369454
0.637000024318695,0.0459590135369454
0.637499988079071,0.0459590135369454
0.638000011444092,0.0459590135369454
0.638499975204468,0.0459590135369454
0.638999998569489,0.0459590135369454
0.639500021934509,0.0459590135369454
0.639999985694885,0.0459590135369454
0.640500009059906,0.0459590135369454
0.640999972820282,0.0459590135369454
0.641499996185303,0.0459590135369454
0.642000019550323,0.0459590135369454
0.642499983310699,0.0459590135369454
0.64300000667572,0.0459590135369454
0.643499970436096,0.0459590135369454
0.643999993801117,0.0459590135369454
0.644500017166138,0.0459590135369454
0.644999980926514,0.0459590135369454
0.645500004291534,0.0459590135369454
0.646000027656555,0.0459590135369454
0.646499991416931,0.0459590135369454
0.647000014781952,0.0459590135369454
0.647499978542328,0.0459590135369454
0.648000001907349,0.0459590135369454
0.648500025272369,0.0459590135369454
0.648999989032745,0.0459590135369454
0.649500012397766,0.0459590135369454
0.649999976158142,0.0459590135369454
0.650499999523163,0.0459590135369454
0.651000022888184,0.0459590135369454
0.65149998664856,0.0459590135369454
0.65200001001358,0.0459590135369454
0.652499973773956,0.0459590135369454
0.652999997138977,0.0514897222119311
0.653500020503998,0.0514897222119311
0.653999984264374,0.0514897222119311
0.654500007629395,0.0514897222119311
0.654999971389771,0.0514897222119311
0.655499994754791,0.0514897222119311
0.656000018119812,0.0514897222119311
0.656499981880188,0.0514897222119311
0.657000005245209,0.0514897222119311
0.657500028610229,0.0514897222119311
0.657999992370605,0.0514897222119311
0.658500015735626,0.0514897222119311
0.658999979496002,0.0514897222119311
0.659500002861023,0.0514897222119311
0.660000026226044,0.0514897222119311
0.66049998998642,0.0514897222119311
0.66100001335144,0.0514897222119311
0.661499977111816,0.0514897222119311
0.662000000476837,0.0514897222119311
0.662500023841858,0.0514897222119311
0.662999987602234,0.0514897222119311
0.663500010967255,0.0514897222119311
0.663999974727631,0.0514897222119311
0.664499998092651,0.0514897222119311
0.665000021457672,0.0514897222119311
0.665499985218048,0.0514897222119311
0.666000008583069,0.0514897222119311
0.666499972343445,0.0514897222119311
0.666999995708466,0.0514897222119311
0.667500019073486,0.0514897222119311
0.667999982833862,0.0514897222119311
0.668500006198883,0.0514897222119311
0.669000029563904,0.0514897222119311
0.66949999332428,0.0514897222119311
0.670000016689301,0.0514897222119311
0.670499980449677,0.0514897222119311
0.671000003814697,0.0514897222119311
0.671500027179718,0.0514897222119311
0.671999990940094,0.0514897222119311
0.672500014305115,0.0514897222119311
0.672999978065491,0.0514897222119311
0.673500001430511,0.0514897222119311
0.674000024795532,0.0514897222119311
0.674499988555908,0.0514897222119311
0.675000011920929,0.0514897222119311
0.675499975681305,0.0514897222119311
0.675999999046326,0.0514897222119311
0.676500022411346,0.0514897222119311
0.676999986171722,0.0514897222119311
0.677500009536743,0.0514897222119311
0.677999973297119,0.0514897222119311
0.67849999666214,0.0514897222119311
0.679000020027161,0.0514897222119311
0.679499983787537,0.0514897222119311
0.680000007152557,0.0514897222119311
0.680499970912933,0.0514897222119311
0.680999994277954,0.0514897222119311
0.681500017642975,0.0514897222119311
0.681999981403351,0.0514897222119311
0.682500004768372,0.0514897222119311
0.683000028133392,0.0514897222119311
0.683499991893768,0.0514897222119311
0.684000015258789,0.0514897222119311
0.684499979019165,0.0514897222119311
0.685000002384186,0.0514897222119311
0.685500025749207,0.0514897222119311
0.685999989509583,0.0514897222119311
0.686500012874603,0.0498142689048388
0.686999976634979,0.0521533511088202
0.6875,0.0521533511088202
0.688000023365021,0.0521533511088202
0.688499987125397,0.0521533511088202
0.689000010490417,0.0521533511088202
0.689499974250793,0.0521533511088202
0.689999997615814,0.0521533511088202
0.690500020980835,0.0521533511088202
0.690999984741211,0.0521533511088202
0.691500008106232,0.0521533511088202
0.691999971866608,0.0521533511088202
0.692499995231628,0.0521533511088202
0.693000018596649,0.0521533511088202
0.693499982357025,0.0521533511088202
0.694000005722046,0.0521533511088202
0.694500029087067,0.0521533511088202
0.694999992847443,0.0521533511088202
0.695500016212463,0.0521533511088202
0.695999979972839,0.0521533511088202
0.69650000333786,0.0521533511088202
0.697000026702881,0.0521533511088202
0.697499990463257,0.0521533511088202
0.698000013828278,0.0521533511088202
0.698499977588654,0.0521533511088202
0.699000000953674,0.0521533511088202
0.699500024318695,0.0514897222119311
0.699999988079071,0.0514897222119311
0.700500011444092,0.0514897222119311
0.700999975204468,0.0514897222119311
0.701499998569489,0.0536406433649421
0.702000021934509,0.0536406433649421
0.702499985694885,0.0536406433649421
0.703000009059906,0.0536406433649421
0.703499972820282,0.0536406433649421
0.703999996185303,0.0536406433649421
0.704500019550323,0.0536406433649421
0.704999983310699,0.0536406433649421
0.70550000667572,0.0536406433649421
0.705999970436096,0.0536406433649421
0.706499993801117,0.0536406433649421
0.707000017166138,0.0536406433649421
0.707499980926514,0.0536406433649421
0.708000004291534,0.0536406433649421
0.708500027656555,0.0536406433649421
0.708999991416931,0.0536406433649421
0.709500014781952,0.0536406433649421
0.709999978542328,0.0536406433649421
0.710500001907349,0.0536406433649421
0.711000025272369,0.0536406433649421
0.711499989032745,0.0536406433649421
0.712000012397766,0.0536406433649421
0.712499976158142,0.0536406433649421
0.712999999523163,0.0536406433649421
0.713500022888184,0.0536406433649421
0.71399998664856,0.0536406433649421
0.71450001001358,0.0536406433649421
0.714999973773956,0.0536406433649421
0.715499997138977,0.0536406433649421
0.716000020503998,0.0536406433649421
0.716499984264374,0.0536406433649421
0.717000007629395,0.0536406433649421
0.717499971389771,0.0536406433649421
0.717999994754791,0.0536406433649421
0.718500018119812,0.0536406433649421
0.718999981880188,0.0536406433649421
0.719500005245209,0.0536406433649421
0.720000028610229,0.0536406433649421
0.720499992370605,0.0536406433649421
0.721000015735626,0.0536406433649421
0.721499979496002,0.0536406433649421
0.722000002861023,0.0536406433649421
0.722500026226044,0.0536406433649421
0.72299998998642,0.0536406433649421
0.72350001335144,0.0536406433649421
0.723999977111816,0.0536406433649421
0.724500000476837,0.0536406433649421
0.725000023841858,0.0536406433649421
0.725499987602234,0.0536406433649421
0.726000010967255,0.0536406433649421
0.726499974727631,0.0536406433649421
0.726999998092651,0.0536406433649421
0.727500021457672,0.0536406433649421
0.727999985218048,0.0536406433649421
0.728500008583069,0.0536406433649421
0.728999972343445,0.0536406433649421
0.729499995708466,0.0536406433649421
0.730000019073486,0.0536406433649421
0.730499982833862,0.0536406433649421
0.731000006198883,0.0536406433649421
0.731500029563904,0.0536406433649421
0.73199999332428,0.0536406433649421
0.732500016689301,0.0536406433649421
0.732999980449677,0.0557460020196401
0.733500003814697,0.0557460020196401
0.734000027179718,0.0557460020196401
0.734499990940094,0.0557460020196401
0.735000014305115,0.0557460020196401
0.735499978065491,0.0557460020196401
0.736000001430511,0.0557460020196401
0.736500024795532,0.0557460020196401
0.736999988555908,0.0557460020196401
0.737500011920929,0.0557460020196401
0.737999975681305,0.0557460020196401
0.738499999046326,0.0557460020196401
0.739000022411346,0.0557460020196401
0.739499986171722,0.0557460020196401
0.740000009536743,0.0557460020196401
0.740499973297119,0.0557460020196401
0.74099999666214,0.0557460020196401
0.741500020027161,0.0557460020196401
0.741999983787537,0.0557460020196401
0.742500007152557,0.0557460020196401
0.742999970912933,0.0557460020196401
0.743499994277954,0.0557460020196401
0.744000017642975,0.0557460020196401
0.744499981403351,0.0557460020196401
0.745000004768372,0.0557460020196401
0.745500028133392,0.0557460020196401
0.745999991893768,0.0557460020196401
0.746500015258789,0.0557460020196401
0.746999979019165,0.0573665854496445
0.747500002384186,0.0573665854496445
0.748000025749207,0.0573665854496445
0.748499989509583,0.0573665854496445
0.749000012874603,0.0573665854496445
0.749499976634979,0.0573665854496445
0.75,0.0573665854496445
0.750500023365021,0.0573665854496445
0.750999987125397,0.0573665854496445
0.751500010490417,0.0573665854496445
0.751999974250793,0.0573665854496445
0.752499997615814,0.0573665854496445
0.753000020980835,0.0573665854496445
0.753499984741211,0.0573665854496445
0.754000008106232,0.0573665854496445
0.754499971866608,0.0573665854496445
0.754999995231628,0.0573665854496445
0.755500018596649,0.0573665854496445
0.755999982357025,0.0573665854496445
0.756500005722046,0.0573665854496445
0.757000029087067,0.0573665854496445
0.757499992847443,0.0573665854496445
0.758000016212463,0.0573665854496445
0.758499979972839,0.0573665854496445
0.75900000333786,0.0573665854496445
0.759500026702881,0.0573665854496445
0.759999990463257,0.0573665854496445
0.760500013828278,0.0573665854496445
0.760999977588654,0.0573665854496445
0.761500000953674,0.0573665854496445
0.762000024318695,0.0573665854496445
0.762499988079071,0.0573665854496445
0.763000011444092,0.0573665854496445
0.763499975204468,0.0573665854496445
0.763999998569489,0.0573665854496445
0.764500021934509,0.0573665854496445
0.764999985694885,0.0573665854496445
0.765500009059906,0.0573665854496445
0.765999972820282,0.0573665854496445
0.766499996185303,0.0573665854496445
0.767000019550323,0.0573665854496445
0.767499983310699,0.0573665854496445
0.76800000667572,0.0573665854496445
0.768499970436096,0.0573665854496445
0.768999993801117,0.0573665854496445
0.769500017166138,0.0573665854496445
0.769999980926514,0.0573665854496445
0.770500004291534,0.0596070640368118
0.771000027656555,0.0596070640368118
0.771499991416931,0.0596070640368118
0.772000014781952,0.0596070640368118
0.772499978542328,0.0596070640368118
0.773000001907349,0.0596070640368118
0.773500025272369,0.0596070640368118
0.773999989032745,0.0596070640368118
0.774500012397766,0.0596070640368118
0.774999976158142,0.0596070640368118
0.775499999523163,0.0596070640368118
0.776000022888184,0.0596070640368118
0.77649998664856,0.0596070640368118
0.77700001001358,0.0596070640368118
0.777499973773956,0.0596070640368118
0.777999997138977,0.0596070640368118
0.778500020503998,0.0596070640368118
0.778999984264374,0.0596070640368118
0.779500007629395,0.0596070640368118
0.779999971389771,0.0596070640368118
0.780499994754791,0.0596070640368118
0.781000018119812,0.0596070640368118
0.781499981880188,0.0596070640368118
0.782000005245209,0.0596070640368118
0.782500028610229,0.0596070640368118
0.782999992370605,0.0596070640368118
0.783500015735626,0.0596070640368118
0.783999979496002,0.0596070640368118
0.784500002861023,0.0596070640368118
0.785000026226044,0.0596070640368118
0.78549998998642,0.0596070640368118
0.78600001335144,0.0596070640368118
0.786499977111816,0.0596070640368118
0.787000000476837,0.0596070640368118
0.787500023841858,0.0596070640368118
0.787999987602234,0.0596070640368118
0.788500010967255,0.0596070640368118
0.788999974727631,0.0596070640368118
0.789499998092651,0.0596070640368118
0.790000021457672,0.0596070640368118
0.790499985218048,0.0596070640368118
0.791000008583069,0.0596070640368118
0.791499972343445,0.0593295994758666
0.791999995708466,0.0593295994758666
0.792500019073486,0.0593295994758666
0.792999982833862,0.0593295994758666
0.793500006198883,0.0593295994758666
0.794000029563904,0.0593295994758666
0.79449999332428,0.0593295994758666
0.795000016689301,0.0593295994758666
0.795499980449677,0.0593295994758666
0.796000003814697,0.0593295994758666
0.796500027179718,0.0593295994758666
0.796999990940094,0.0593295994758666
0.797500014305115,0.0593295994758666
0.797999978065491,0.0593295994758666
0.798500001430511,0.0593295994758666
0.799000024795532,0.0593295994758666
0.799499988555908,0.0593295994758666
0.800000011920929,0.0593295994758666
0.800499975681305,0.0593295994758666
0.800999999046326,0.0593295994758666
0.801500022411346,0.0593295994758666
0.801999986171722,0.0593295994758666
0.802500009536743,0.0593295994758666
0.802999973297119,0.0593295994758666
0.80349999666214,0.0593295994758666
0.804000020027161,0.0593295994758666
0.804499983787537,0.0593295994758666
0.805000007152557,0.0593295994758666
0.805499970912933,0.0593295994758666
0.805999994277954,0.0593295994758666
0.806500017642975,0.0593295994758666
0.806999981403351,0.0593295994758666
0.807500004768372,0.0593295994758666
0.808000028133392,0.0593295994758666
0.808499991893768,0.0593295994758666
0.809000015258789,0.0593295994758666
0.809499979019165,0.0593295994758666
0.810000002384186,0.0595736317311718
0.810500025749207,0.0595736317311718
0.810999989509583,0.0595736317311718
0.811500012874603,0.0595736317311718
0.811999976634979,0.0595736317311718
0.8125,0.0595736317311718
0.813000023365021,0.0595736317311718
0.813499987125397,0.0595736317311718
0.814000010490417,0.0595736317311718
0.814499974250793,0.0595736317311718
0.814999997615814,0.059392625477292
0.815500020980835,0.059392625477292
0.815999984741211,0.059392625477292
0.816500008106232,0.059392625477292
0.816999971866608,0.059392625477292
0.817499995231628,0.0597340570075612
0.818000018596649,0.0597340570075612
0.818499982357025,0.0597340570075612
0.819000005722046,0.0597340570075612
0.819500029087067,0.0597340570075612
0.819999992847443,0.0597340570075612
0.820500016212463,0.0597340570075612
0.820999979972839,0.0597340570075612
0.82150000333786,0.0597340570075612
0.822000026702881,0.0597340570075612
0.822499990463257,0.0597340570075612
0.823000013828278,0.0597340570075612
0.823499977588654,0.0597340570075612
0.824000000953674,0.0597340570075612
0.824500024318695,0.0597340570075612
0.824999988079071,0.0597340570075612
0.825500011444092,0.0597340570075612
0.825999975204468,0.0597340570075612
0.826499998569489,0.0597340570075612
0.827000021934509,0.0597340570075612
0.827499985694885,0.0597340570075612
0.828000009059906,0.0597340570075612
0.828499972820282,0.0597340570075612
0.828999996185303,0.0597340570075612
0.829500019550323,0.0597340570075612
0.829999983310699,0.0571872191594029
0.83050000667572,0.0571872191594029
0.830999970436096,0.0571872191594029
0.831499993801117,0.0571872191594029
0.832000017166138,0.0571872191594029
0.832499980926514,0.0571872191594029
0.833000004291534,0.0571872191594029
0.833500027656555,0.0571872191594029
0.833999991416931,0.0571872191594029
0.834500014781952,0.0571872191594029
0.834999978542328,0.0571872191594029
0.835500001907349,0.0571872191594029
0.836000025272369,0.0571872191594029
0.836499989032745,0.0571872191594029
0.837000012397766,0.0571872191594029
0.837499976158142,0.0571872191594029
0.837999999523163,0.0571872191594029
0.838500022888184,0.0571872191594029
0.83899998664856,0.0571872191594029
0.83950001001358,0.0571872191594029
0.839999973773956,0.0571872191594029
0.840499997138977,0.0571872191594029
0.841000020503998,0.0571872191594029
0.841499984264374,0.0571872191594029
0.842000007629395,0.0571872191594029
0.842499971389771,0.0571872191594029
0.842999994754791,0.0571872191594029
0.843500018119812,0.0571872191594029
0.843999981880188,0.0571872191594029
0.844500005245209,0.0571872191594029
0.845000028610229,0.0571872191594029
0.845499992370605,0.0571872191594029
0.846000015735626,0.0571872191594029
0.846499979496002,0.0571872191594029
0.847000002861023,0.0571872191594029
0.847500026226044,0.0571872191594029
0.84799998998642,0.0571872191594029
0.84850001335144,0.0571872191594029
0.848999977111816,0.0571872191594029
0.849500000476837,0.0571872191594029
0.850000023841858,0.0571872191594029
0.850499987602234,0.0571872191594029
0.851000010967255,0.0571872191594029
0.851499974727631,0.0571872191594029
0.851999998092651,0.0571872191594029
0.852500021457672,0.057251562546852
0.852999985218048,0.057251562546852
0.853500008583069,0.057251562546852
0.853999972343445,0.057251562546852
0.854499995708466,0.057251562546852
0.855000019073486,0.057251562546852
0.855499982833862,0.057251562546852
0.856000006198883,0.057251562546852
0.856500029563904,0.057251562546852
0.85699999332428,0.057251562546852
0.857500016689301,0.057251562546852
0.857999980449677,0.057251562546852
0.858500003814697,0.057251562546852
0.859000027179718,0.057251562546852
0.859499990940094,0.057251562546852
0.860000014305115,0.057251562546852
0.860499978065491,0.057251562546852
0.861000001430511,0.057251562546852
0.861500024795532,0.057251562546852
0.861999988555908,0.057251562546852
0.862500011920929,0.057251562546852
0.862999975681305,0.057251562546852
0.863499999046326,0.057251562546852
0.864000022411346,0.057251562546852
0.864499986171722,0.057251562546852
0.865000009536743,0.057251562546852
0.865499973297119,0.057251562546852
0.86599999666214,0.057251562546852
0.866500020027161,0.057251562546852
0.866999983787537,0.057251562546852
0.867500007152557,0.057251562546852
0.867999970912933,0.057251562546852
0.868499994277954,0.057251562546852
0.869000017642975,0.057251562546852
0.869499981403351,0.057251562546852
0.870000004768372,0.0560703145854223
0.870500028133392,0.0543593679036855
0.870999991893768,0.0543593679036855
0.871500015258789,0.0561938667287295
0.871999979019165,0.0561938667287295
0.872500002384186,0.0561938667287295
0.873000025749207,0.0561938667287295
0.873499989509583,0.0540426016890212
0.874000012874603,0.0540426016890212
0.874499976634979,0.0540426016890212
0.875,0.0540426016890212
0.875500023365021,0.0540426016890212
0.875999987125397,0.0540426016890212
0.876500010490417,0.0540426016890212
0.876999974250793,0.0540426016890212
0.877499997615814,0.0540426016890212
0.878000020980835,0.0540426016890212
0.878499984741211,0.0540426016890212
0.879000008106232,0.0540426016890212
0.879499971866608,0.0548027819271479
0.879999995231628,0.0548027819271479
0.880500018596649,0.0548027819271479
0.880999982357025,0.0548027819271479
0.881500005722046,0.0548027819271479
0.882000029087067,0.0548027819271479
0.882499992847443,0.0540426016890212
0.883000016212463,0.0540426016890212
0.883499979972839,0.0540426016890212
0.88400000333786,0.0540426016890212
0.884500026702881,0.0540426016890212
0.884999990463257,0.0540426016890212
0.885500013828278,0.0540426016890212
0.885999977588654,0.0540426016890212
0.886500000953674,0.0540426016890212
0.887000024318695,0.0540426016890212
0.887499988079071,0.0540426016890212
0.888000011444092,0.0534710509378455
0.888499975204468,0.0534710509378455
0.888999998569489,0.0534710509378455
0.889500021934509,0.0534710509378455
0.889999985694885,0.0534710509378455
0.890500009059906,0.0534710509378455
0.890999972820282,0.0534710509378455
0.891499996185303,0.0534710509378455
0.892000019550323,0.0534710509378455
0.892499983310699,0.0534710509378455
0.89300000667572,0.0534710509378455
0.893499970436096,0.0534710509378455
0.893999993801117,0.0534710509378455
0.894500017166138,0.0534710509378455
0.894999980926514,0.0534710509378455
0.895500004291534,0.0534710509378455
0.896000027656555,0.0534710509378455
0.896499991416931,0.0534710509378455
0.897000014781952,0.0534710509378455
0.897499978542328,0.0534710509378455
0.898000001907349,0.0534710509378455
0.898500025272369,0.0534710509378455
0.898999989032745,0.0534710509378455
0.899500012397766,0.0534710509378455
0.899999976158142,0.0534710509378455
0.900499999523163,0.0534710509378455
0.901000022888184,0.0534710509378455
0.90149998664856,0.0534710509378455
0.90200001001358,0.0534710509378455
0.902499973773956,0.0534710509378455
0.902999997138977,0.0534710509378455
0.903500020503998,0.0534710509378455
0.903999984264374,0.0534710509378455
0.904500007629395,0.0534710509378455
0.904999971389771,0.0534710509378455
0.905499994754791,0.0534710509378455
0.906000018119812,0.0534710509378455
0.906499981880188,0.0534710509378455
0.907000005245209,0.0534710509378455
0.907500028610229,0.0534710509378455
0.907999992370605,0.0534710509378455
0.908500015735626,0.0534710509378455
0.908999979496002,0.0534710509378455
0.909500002861023,0.0534710509378455
0.910000026226044,0.0534710509378455
0.91049998998642,0.0534710509378455
0.91100001335144,0.0534710509378455
0.911499977111816,0.0534710509378455
0.912000000476837,0.0534710509378455
0.912500023841858,0.0534710509378455
0.912999987602234,0.0534710509378455
0.913500010967255,0.0534710509378455
0.913999974727631,0.0534710509378455
0.914499998092651,0.0534710509378455
0.915000021457672,0.0534710509378455
0.915499985218048,0.0534710509378455
0.916000008583069,0.0534710509378455
0.916499972343445,0.0534710509378455
0.916999995708466,0.0534710509378455
0.917500019073486,0.0534710509378455
0.917999982833862,0.0534710509378455
0.918500006198883,0.0534710509378455
0.919000029563904,0.0534710509378455
0.91949999332428,0.0534710509378455
0.920000016689301,0.0534710509378455
0.920499980449677,0.0534710509378455
0.921000003814697,0.0534710509378455
0.921500027179718,0.0534710509378455
0.921999990940094,0.0534710509378455
0.922500014305115,0.0534710509378455
0.922999978065491,0.0534710509378455
0.923500001430511,0.0534710509378455
0.924000024795532,0.0534710509378455
0.924499988555908,0.0534710509378455
0.925000011920929,0.0534710509378455
0.925499975681305,0.0534710509378455
0.925999999046326,0.0534710509378455
0.926500022411346,0.0531426266806539
0.926999986171722,0.0531426266806539
0.927500009536743,0.0531426266806539
0.927999973297119,0.0531426266806539
0.92849999666214,0.0534710509378455
0.929000020027161,0.0534710509378455
0.929499983787537,0.0534710509378455
0.930000007152557,0.0534710509378455
0.930499970912933,0.0534710509378455
0.930999994277954,0.0534710509378455
0.931500017642975,0.0534710509378455
0.931999981403351,0.0534710509378455
0.932500004768372,0.0534710509378455
0.933000028133392,0.0534710509378455
0.933499991893768,0.0534710509378455
0.934000015258789,0.0534710509378455
0.934499979019165,0.0534710509378455
0.935000002384186,0.0534710509378455
0.935500025749207,0.0534710509378455
0.935999989509583,0.0534710509378455
0.936500012874603,0.0534710509378455
0.936999976634979,0.0534710509378455
0.9375,0.0534710509378455
0.938000023365021,0.0534710509378455
0.938499987125397,0.0534710509378455
0.939000010490417,0.0534710509378455
0.939499974250793,0.0534710509378455
0.939999997615814,0.0501320269159132
0.940500020980835,0.0501320269159132
0.940999984741211,0.0501320269159132
0.941500008106232,0.0501320269159132
0.941999971866608,0.0501320269159132
0.942499995231628,0.0501320269159132
0.943000018596649,0.0501320269159132
0.943499982357025,0.0501320269159132
0.944000005722046,0.0501320269159132
0.944500029087067,0.0501320269159132
0.944999992847443,0.0501320269159132
0.945500016212463,0.0501320269159132
0.945999979972839,0.0501320269159132
0.94650000333786,0.0501320269159132
0.947000026702881,0.0501320269159132
0.947499990463257,0.0501320269159132
0.948000013828278,0.0501320269159132
0.948499977588654,0.0501320269159132
0.949000000953674,0.0501320269159132
0.949500024318695,0.0501320269159132
0.949999988079071,0.0501320269159132
0.950500011444092,0.0501320269159132
0.950999975204468,0.0501320269159132
0.951499998569489,0.0501320269159132
0.952000021934509,0.0501320269159132
0.952499985694885,0.0501320269159132
0.953000009059906,0.0501320269159132
0.953499972820282,0.0501320269159132
0.953999996185303,0.0501320269159132
0.954500019550323,0.0501320269159132
0.954999983310699,0.0501320269159132
0.95550000667572,0.0501320269159132
0.955999970436096,0.0501320269159132
0.956499993801117,0.0501320269159132
0.957000017166138,0.0501320269159132
0.957499980926514,0.0501320269159132
0.958000004291534,0.0501320269159132
0.958500027656555,0.0501320269159132
0.958999991416931,0.0501320269159132
0.959500014781952,0.0501320269159132
0.959999978542328,0.0501320269159132
0.960500001907349,0.0501320269159132
0.961000025272369,0.0501320269159132
0.961499989032745,0.0501320269159132
0.962000012397766,0.0501320269159132
0.962499976158142,0.0501320269159132
0.962999999523163,0.0501320269159132
0.963500022888184,0.0501320269159132
0.96399998664856,0.0501320269159132
0.96450001001358,0.0501320269159132
0.964999973773956,0.0501320269159132
0.965499997138977,0.0501320269159132
0.966000020503998,0.0501320269159132
0.966499984264374,0.0501320269159132
0.967000007629395,0.0501320269159132
0.967499971389771,0.0501320269159132
0.967999994754791,0.0501320269159132
0.968500018119812,0.0501320269159132
0.968999981880188,0.0501320269159132
0.969500005245209,0.0501320269159132
0.970000028610229,0.0501320269159132
0.970499992370605,0.0501320269159132
0.971000015735626,0.0501320269159132
0.971499979496002,0.0501320269159132
0.972000002861023,0.0501320269159132
0.972500026226044,0.0501320269159132
0.97299998998642,0.0501320269159132
0.97350001335144,0.0501320269159132
0.973999977111816,0.0501320269159132
0.974500000476837,0.0501320269159132
0.975000023841858,0.0501320269159132
0.975499987602234,0.0501320269159132
0.976000010967255,0.0501320269159132
0.976499974727631,0.0501320269159132
0.976999998092651,0.0501320269159132
0.977500021457672,0.0501320269159132
0.977999985218048,0.0501320269159132
0.978500008583069,0.0501320269159132
0.978999972343445,0.0501320269159132
0.979499995708466,0.0501320269159132
0.980000019073486,0.0501320269159132
0.980499982833862,0.0501320269159132
0.981000006198883,0.0501320269159132
0.981500029563904,0.0501320269159132
0.98199999332428,0.0501320269159132
0.982500016689301,0.0501320269159132
0.982999980449677,0.0501320269159132
0.983500003814697,0.0501320269159132
0.984000027179718,0.0501320269159132
0.984499990940094,0.0501320269159132
0.985000014305115,0.0501320269159132
0.985499978065491,0.0501320269159132
0.986000001430511,0.0501320269159132
0.986500024795532,0.0501320269159132
0.986999988555908,0.0501320269159132
0.987500011920929,0.0501320269159132
0.987999975681305,0.0501320269159132
0.988499999046326,0.0501320269159132
0.989000022411346,0.0501320269159132
0.989499986171722,0.0501320269159132
0.990000009536743,0.0501320269159132
0.990499973297119,0.0501320269159132
0.99099999666214,0.0501320269159132
0.991500020027161,0.0501320269159132
0.991999983787537,0.0501320269159132
0.992500007152557,0.0501320269159132
0.992999970912933,0.0501320269159132
0.993499994277954,0.0501320269159132
0.994000017642975,0.0501320269159132
0.994499981403351,0.0501320269159132
0.995000004768372,0.0501320269159132
0.995500028133392,0.0501320269159132
0.995999991893768,0.0501320269159132
0.996500015258789,0.0501320269159132
0.996999979019165,0.0501320269159132
0.997500002384186,0.0501320269159132
0.998000025749207,0.0501320269159132
0.998499989509583,0.0501320269159132
0.999000012874603,0.0501320269159132
0.999499976634979,0.0501320269159132
1,0.0501320269159132
